toolCode,sectionTitle,indicatorCode,prompt,type,options,stages,isQualitative
HDMA,Communication Skills,HDMA-0001,Does the learner respond when his/her name is called?,SCALE,3 — Independent|2 — With Prompt|1 — Needs Support|0 — Not Applicable,EARLY_CHILDHOOD,false
HDMA,Communication Skills,HDMA-0002,Can the learner follow simple one-step instructions?,SCALE,3 — Independent|2 — With Prompt|1 — Needs Support|0 — Not Applicable,EARLY_CHILDHOOD,false
HDMA,Communication Skills,HDMA-0003,Can the learner stop an activity when instructed?,SCALE,3 — Independent|2 — With Prompt|1 — Needs Support|0 — Not Applicable,EARLY_CHILDHOOD,false
HDMA,Communication Skills,HDMA-0004,Can the learner maintain eye contact during communication?,SCALE,3 — Independent|2 — With Prompt|1 — Needs Support|0 — Not Applicable,EARLY_CHILDHOOD,false
HDMA,Communication Skills,HDMA-0005,"Can the learner express basic needs (e.g., hungry, thirsty, toilet)?",SCALE,3 — Independent|2 — With Prompt|1 — Needs Support|0 — Not Applicable,EARLY_CHILDHOOD,false
HDMA,Communication Skills,HDMA-0006,Does the learner use at least 200 meaningful words to communicate?,SCALE,3 — Independent|2 — With Prompt|1 — Needs Support|0 — Not Applicable,EARLY_CHILDHOOD,false
HDMA,Communication Skills,HDMA-0007,Can the learner engage in simple conversations with familiar people?,SCALE,3 — Independent|2 — With Prompt|1 — Needs Support|0 — Not Applicable,EARLY_CHILDHOOD,false
HDMA,Communication Skills,HDMA-0008,"Can the learner answer simple ""What?"" or ""Where?"" questions?",SCALE,3 — Independent|2 — With Prompt|1 — Needs Support|0 — Not Applicable,EARLY_CHILDHOOD,false
HDMA,Communication Skills,HDMA-0009,Can the learner retell a familiar story or recent event?,SCALE,3 — Independent|2 — With Prompt|1 — Needs Support|0 — Not Applicable,EARLY_CHILDHOOD,false
HDMA,Communication Skills,HDMA-0010,Does the learner recognize and practice letters and sounds using visual or multisensory methods?,SCALE,3 — Independent|2 — With Prompt|1 — Needs Support|0 — Not Applicable,EARLY_CHILDHOOD,false
HDMA,Mathematical Skills,HDMA-0011,Can the learner identify basic 2D shapes?,SCALE,3 — Independent|2 — With Prompt|1 — Needs Support|0 — Not Applicable,EARLY_CHILDHOOD,false
HDMA,Mathematical Skills,HDMA-0012,Can the learner identify simple 3D objects?,SCALE,3 — Independent|2 — With Prompt|1 — Needs Support|0 — Not Applicable,EARLY_CHILDHOOD,false
HDMA,Mathematical Skills,HDMA-0013,Can the learner compare objects based on size or shape?,SCALE,3 — Independent|2 — With Prompt|1 — Needs Support|0 — Not Applicable,EARLY_CHILDHOOD,false
HDMA,Mathematical Skills,HDMA-0014,Can the learner identify colours correctly?,SCALE,3 — Independent|2 — With Prompt|1 — Needs Support|0 — Not Applicable,EARLY_CHILDHOOD,false
HDMA,Mathematical Skills,HDMA-0015,Can the learner sort objects based on colour or size?,SCALE,3 — Independent|2 — With Prompt|1 — Needs Support|0 — Not Applicable,EARLY_CHILDHOOD,false
HDMA,Mathematical Skills,HDMA-0016,Can the learner count objects up to 10?,SCALE,3 — Independent|2 — With Prompt|1 — Needs Support|0 — Not Applicable,EARLY_CHILDHOOD,false
HDMA,Mathematical Skills,HDMA-0017,Can the learner recognize numbers from 1 to 10?,SCALE,3 — Independent|2 — With Prompt|1 — Needs Support|0 — Not Applicable,EARLY_CHILDHOOD,false
HDMA,Mathematical Skills,HDMA-0018,Can the learner match quantities with numbers?,SCALE,3 — Independent|2 — With Prompt|1 — Needs Support|0 — Not Applicable,EARLY_CHILDHOOD,false
HDMA,Mathematical Skills,HDMA-0019,Does the learner understand concepts such as big/small or more/less?,SCALE,3 — Independent|2 — With Prompt|1 — Needs Support|0 — Not Applicable,EARLY_CHILDHOOD,false
HDMA,Mathematical Skills,HDMA-0020,"Does the learner understand simple time-related words such as morning, afternoon, before, and after?",SCALE,3 — Independent|2 — With Prompt|1 — Needs Support|0 — Not Applicable,EARLY_CHILDHOOD,false
HDMA,Functional Academics,HDMA-0021,Can the learner state his/her own name?,SCALE,3 — Independent|2 — With Prompt|1 — Needs Support|0 — Not Applicable,EARLY_CHILDHOOD,false
HDMA,Functional Academics,HDMA-0022,Can the learner identify parents or caregivers by name?,SCALE,3 — Independent|2 — With Prompt|1 — Needs Support|0 — Not Applicable,EARLY_CHILDHOOD,false
HDMA,Functional Academics,HDMA-0023,Can the learner recall a phone number with support or independently?,SCALE,3 — Independent|2 — With Prompt|1 — Needs Support|0 — Not Applicable,EARLY_CHILDHOOD,false
HDMA,Functional Academics,HDMA-0024,Does the learner know his/her home address or locality?,SCALE,3 — Independent|2 — With Prompt|1 — Needs Support|0 — Not Applicable,EARLY_CHILDHOOD,false
HDMA,Functional Academics,HDMA-0025,Can the learner identify familiar family members in photographs?,SCALE,3 — Independent|2 — With Prompt|1 — Needs Support|0 — Not Applicable,EARLY_CHILDHOOD,false
HDMA,Functional Academics,HDMA-0026,"Can the learner identify common places such as school, park, or shop?",SCALE,3 — Independent|2 — With Prompt|1 — Needs Support|0 — Not Applicable,EARLY_CHILDHOOD,false
HDMA,Functional Academics,HDMA-0027,Has the learner been exposed to visits to community places?,SCALE,3 — Independent|2 — With Prompt|1 — Needs Support|0 — Not Applicable,EARLY_CHILDHOOD,false
HDMA,Functional Academics,HDMA-0028,Can the learner identify common signs such as toilet or exit?,SCALE,3 — Independent|2 — With Prompt|1 — Needs Support|0 — Not Applicable,EARLY_CHILDHOOD,false
HDMA,Computer Skills,HDMA-0029,Can the learner recognize a computer or laptop?,SCALE,3 — Independent|2 — With Prompt|1 — Needs Support|0 — Not Applicable,EARLY_CHILDHOOD,false
HDMA,Computer Skills,HDMA-0030,Can the learner identify a mouse and keyboard?,SCALE,3 — Independent|2 — With Prompt|1 — Needs Support|0 — Not Applicable,EARLY_CHILDHOOD,false
HDMA,Computer Skills,HDMA-0031,Can the learner use a touchscreen appropriately?,SCALE,3 — Independent|2 — With Prompt|1 — Needs Support|0 — Not Applicable,EARLY_CHILDHOOD,false
HDMA,Computer Skills,HDMA-0032,Can the learner watch educational content with attention?,SCALE,3 — Independent|2 — With Prompt|1 — Needs Support|0 — Not Applicable,EARLY_CHILDHOOD,false
HDMA,Computer Skills,HDMA-0033,Can the learner tap or click simple icons independently?,SCALE,3 — Independent|2 — With Prompt|1 — Needs Support|0 — Not Applicable,EARLY_CHILDHOOD,false
HDMA,Computer Skills,HDMA-0034,Does the learner show interest in digital learning activities?,SCALE,3 — Independent|2 — With Prompt|1 — Needs Support|0 — Not Applicable,EARLY_CHILDHOOD,false
HDMA,Activities of Daily Living,HDMA-0035,Can the learner sit independently with good posture?,SCALE,3 — Independent|2 — With Prompt|1 — Needs Support|0 — Not Applicable,EARLY_CHILDHOOD,false
HDMA,Activities of Daily Living,HDMA-0036,Can the learner stand independently?,SCALE,3 — Independent|2 — With Prompt|1 — Needs Support|0 — Not Applicable,EARLY_CHILDHOOD,false
HDMA,Activities of Daily Living,HDMA-0037,Can the learner walk without support?,SCALE,3 — Independent|2 — With Prompt|1 — Needs Support|0 — Not Applicable,EARLY_CHILDHOOD,false
HDMA,Activities of Daily Living,HDMA-0038,Can the learner climb stairs safely?,SCALE,3 — Independent|2 — With Prompt|1 — Needs Support|0 — Not Applicable,EARLY_CHILDHOOD,false
HDMA,Activities of Daily Living,HDMA-0039,Can the learner jump with both feet?,SCALE,3 — Independent|2 — With Prompt|1 — Needs Support|0 — Not Applicable,EARLY_CHILDHOOD,false
HDMA,Activities of Daily Living,HDMA-0040,Can the learner balance briefly on one foot?,SCALE,3 — Independent|2 — With Prompt|1 — Needs Support|0 — Not Applicable,EARLY_CHILDHOOD,false
HDMA,Activities of Daily Living,HDMA-0041,Can the learner grasp and hold objects appropriately?,SCALE,3 — Independent|2 — With Prompt|1 — Needs Support|0 — Not Applicable,EARLY_CHILDHOOD,false
HDMA,Activities of Daily Living,HDMA-0042,Can the learner stack blocks?,SCALE,3 — Independent|2 — With Prompt|1 — Needs Support|0 — Not Applicable,EARLY_CHILDHOOD,false
HDMA,Activities of Daily Living,HDMA-0043,Can the learner pick up small objects using fingers?,SCALE,3 — Independent|2 — With Prompt|1 — Needs Support|0 — Not Applicable,EARLY_CHILDHOOD,false
HDMA,Activities of Daily Living,HDMA-0044,Can the learner hold a crayon or pencil correctly?,SCALE,3 — Independent|2 — With Prompt|1 — Needs Support|0 — Not Applicable,EARLY_CHILDHOOD,false
HDMA,Activities of Daily Living,HDMA-0045,Can the learner turn pages of a book independently?,SCALE,3 — Independent|2 — With Prompt|1 — Needs Support|0 — Not Applicable,EARLY_CHILDHOOD,false
HDMA,Activities of Daily Living,HDMA-0046,Can the learner string beads or similar objects?,SCALE,3 — Independent|2 — With Prompt|1 — Needs Support|0 — Not Applicable,EARLY_CHILDHOOD,false
HDMA,Eating,HDMA-0047,Can the learner swallow food safely?,SCALE,3 — Independent|2 — With Prompt|1 — Needs Support|0 — Not Applicable,EARLY_CHILDHOOD,false
HDMA,Eating,HDMA-0048,Can the learner drink from a cup without spilling?,SCALE,3 — Independent|2 — With Prompt|1 — Needs Support|0 — Not Applicable,EARLY_CHILDHOOD,false
HDMA,Eating,HDMA-0049,Can the learner use a spoon independently?,SCALE,3 — Independent|2 — With Prompt|1 — Needs Support|0 — Not Applicable,EARLY_CHILDHOOD,false
HDMA,Eating,HDMA-0050,Can the learner eat independently without assistance?,SCALE,3 — Independent|2 — With Prompt|1 — Needs Support|0 — Not Applicable,EARLY_CHILDHOOD,false
HDMA,Toileting,HDMA-0051,Can the learner indicate the need to use the toilet?,SCALE,3 — Independent|2 — With Prompt|1 — Needs Support|0 — Not Applicable,EARLY_CHILDHOOD,false
HDMA,Toileting,HDMA-0052,Can the learner use the toilet independently?,SCALE,3 — Independent|2 — With Prompt|1 — Needs Support|0 — Not Applicable,EARLY_CHILDHOOD,false
HDMA,Toileting,HDMA-0053,Can the learner flush the toilet after use?,SCALE,3 — Independent|2 — With Prompt|1 — Needs Support|0 — Not Applicable,EARLY_CHILDHOOD,false
HDMA,Toileting,HDMA-0054,Can the learner wash hands after toileting?,SCALE,3 — Independent|2 — With Prompt|1 — Needs Support|0 — Not Applicable,EARLY_CHILDHOOD,false
HDMA,Dressing,HDMA-0055,Can the learner participate in dressing and undressing?,SCALE,3 — Independent|2 — With Prompt|1 — Needs Support|0 — Not Applicable,EARLY_CHILDHOOD,false
HDMA,Dressing,HDMA-0056,Can the learner remove shoes independently?,SCALE,3 — Independent|2 — With Prompt|1 — Needs Support|0 — Not Applicable,EARLY_CHILDHOOD,false
HDMA,Dressing,HDMA-0057,Can the learner pull up pants or shorts independently?,SCALE,3 — Independent|2 — With Prompt|1 — Needs Support|0 — Not Applicable,EARLY_CHILDHOOD,false
HDMA,Dressing,HDMA-0058,Can the learner cooperate during grooming activities?,SCALE,3 — Independent|2 — With Prompt|1 — Needs Support|0 — Not Applicable,EARLY_CHILDHOOD,false
HDMA,Dressing,HDMA-0059,Can the learner brush teeth with assistance or independently?,SCALE,3 — Independent|2 — With Prompt|1 — Needs Support|0 — Not Applicable,EARLY_CHILDHOOD,false
HDMA,Dressing,HDMA-0060,Can the learner wash and wipe the face?,SCALE,3 — Independent|2 — With Prompt|1 — Needs Support|0 — Not Applicable,EARLY_CHILDHOOD,false
HDMA,Personality Development,HDMA-0061,Does the learner follow people with his/her eyes?,SCALE,3 — Independent|2 — With Prompt|1 — Needs Support|0 — Not Applicable,EARLY_CHILDHOOD,false
HDMA,Personality Development,HDMA-0062,Can the learner imitate gestures such as clapping or waving?,SCALE,3 — Independent|2 — With Prompt|1 — Needs Support|0 — Not Applicable,EARLY_CHILDHOOD,false
HDMA,Personality Development,HDMA-0063,Can the learner identify familiar and unfamiliar people?,SCALE,3 — Independent|2 — With Prompt|1 — Needs Support|0 — Not Applicable,EARLY_CHILDHOOD,false
HDMA,Personality Development,HDMA-0064,Does the learner demonstrate awareness of body parts?,SCALE,3 — Independent|2 — With Prompt|1 — Needs Support|0 — Not Applicable,EARLY_CHILDHOOD,false
HDMA,Personality Development,HDMA-0065,Does the learner show confidence in familiar situations?,SCALE,3 — Independent|2 — With Prompt|1 — Needs Support|0 — Not Applicable,EARLY_CHILDHOOD,false
HDMA,Personality Development,HDMA-0066,Does the learner express positive feelings about self?,SCALE,3 — Independent|2 — With Prompt|1 — Needs Support|0 — Not Applicable,EARLY_CHILDHOOD,false
HDMA,Personality Development,HDMA-0067,Does the learner explore new ideas or activities?,SCALE,3 — Independent|2 — With Prompt|1 — Needs Support|0 — Not Applicable,EARLY_CHILDHOOD,false
HDMA,Personality Development,HDMA-0068,Does the learner share creative ideas or imaginative play?,SCALE,3 — Independent|2 — With Prompt|1 — Needs Support|0 — Not Applicable,EARLY_CHILDHOOD,false
HDMA,Personality Development,HDMA-0069,Does the learner greet familiar people appropriately?,SCALE,3 — Independent|2 — With Prompt|1 — Needs Support|0 — Not Applicable,EARLY_CHILDHOOD,false
HDMA,Sex Education,HDMA-0070,Can the learner identify basic body parts?,SCALE,3 — Independent|2 — With Prompt|1 — Needs Support|0 — Not Applicable,EARLY_CHILDHOOD,false
HDMA,Sex Education,HDMA-0071,Does the learner know which body parts are private?,SCALE,3 — Independent|2 — With Prompt|1 — Needs Support|0 — Not Applicable,EARLY_CHILDHOOD,false
HDMA,Sex Education,HDMA-0072,Can the learner differentiate between good touch and bad touch?,SCALE,3 — Independent|2 — With Prompt|1 — Needs Support|0 — Not Applicable,EARLY_CHILDHOOD,false
HDMA,Sex Education,HDMA-0073,Does the learner understand personal privacy?,SCALE,3 — Independent|2 — With Prompt|1 — Needs Support|0 — Not Applicable,EARLY_CHILDHOOD,false
HDMA,Sex Education,HDMA-0074,Can the learner identify trusted adults?,SCALE,3 — Independent|2 — With Prompt|1 — Needs Support|0 — Not Applicable,EARLY_CHILDHOOD,false
HDMA,Sex Education,HDMA-0075,"Can the learner say ""No"" or seek help when uncomfortable?",SCALE,3 — Independent|2 — With Prompt|1 — Needs Support|0 — Not Applicable,EARLY_CHILDHOOD,false
HDMA,Self-Advocacy,HDMA-0076,"Can the learner express emotions using words, pictures, or gestures?",SCALE,3 — Independent|2 — With Prompt|1 — Needs Support|0 — Not Applicable,EARLY_CHILDHOOD,false
HDMA,Self-Advocacy,HDMA-0077,Can the learner communicate likes and dislikes?,SCALE,3 — Independent|2 — With Prompt|1 — Needs Support|0 — Not Applicable,EARLY_CHILDHOOD,false
HDMA,Self-Advocacy,HDMA-0078,Can the learner request help when needed?,SCALE,3 — Independent|2 — With Prompt|1 — Needs Support|0 — Not Applicable,EARLY_CHILDHOOD,false
HDMA,Self-Advocacy,HDMA-0079,Can the learner make simple choices independently?,SCALE,3 — Independent|2 — With Prompt|1 — Needs Support|0 — Not Applicable,EARLY_CHILDHOOD,false
HDMA,Self-Advocacy,HDMA-0080,Can the learner indicate pain or discomfort?,SCALE,3 — Independent|2 — With Prompt|1 — Needs Support|0 — Not Applicable,EARLY_CHILDHOOD,false
HDMA,Self-Advocacy,HDMA-0081,"Does the learner participate in activities related to self-identity (""Who am I?"")?",SCALE,3 — Independent|2 — With Prompt|1 — Needs Support|0 — Not Applicable,EARLY_CHILDHOOD,false
HDMA,Safety,HDMA-0082,Does the learner understand the dangers of stairs and electrical switches?,SCALE,3 — Independent|2 — With Prompt|1 — Needs Support|0 — Not Applicable,EARLY_CHILDHOOD,false
HDMA,Safety,HDMA-0083,Can the learner identify hot objects as unsafe?,SCALE,3 — Independent|2 — With Prompt|1 — Needs Support|0 — Not Applicable,EARLY_CHILDHOOD,false
HDMA,Safety,HDMA-0084,Can the learner avoid touching dangerous objects?,SCALE,3 — Independent|2 — With Prompt|1 — Needs Support|0 — Not Applicable,EARLY_CHILDHOOD,false
HDMA,Safety,HDMA-0085,Does the learner follow classroom safety rules?,SCALE,3 — Independent|2 — With Prompt|1 — Needs Support|0 — Not Applicable,EARLY_CHILDHOOD,false
HDMA,Safety,HDMA-0086,Can the learner use toys safely?,SCALE,3 — Independent|2 — With Prompt|1 — Needs Support|0 — Not Applicable,EARLY_CHILDHOOD,false
HDMA,Safety,HDMA-0087,Does the learner stay close to a caregiver in public?,SCALE,3 — Independent|2 — With Prompt|1 — Needs Support|0 — Not Applicable,EARLY_CHILDHOOD,false
HDMA,Safety,HDMA-0088,Can the learner hold hands or walk safely with an adult?,SCALE,3 — Independent|2 — With Prompt|1 — Needs Support|0 — Not Applicable,EARLY_CHILDHOOD,false
HDMA,Safety,HDMA-0089,Does the learner respond when called in public?,SCALE,3 — Independent|2 — With Prompt|1 — Needs Support|0 — Not Applicable,EARLY_CHILDHOOD,false
HDMA,Safety,HDMA-0090,Does the learner play safely without entering dangerous areas?,SCALE,3 — Independent|2 — With Prompt|1 — Needs Support|0 — Not Applicable,EARLY_CHILDHOOD,false
HDMA,Safety,HDMA-0091,Does the learner recognize healthy food choices?,SCALE,3 — Independent|2 — With Prompt|1 — Needs Support|0 — Not Applicable,EARLY_CHILDHOOD,false
HDMA,Safety,HDMA-0092,Does the learner participate in healthy habits?,SCALE,3 — Independent|2 — With Prompt|1 — Needs Support|0 — Not Applicable,EARLY_CHILDHOOD,false
HDMA,Safety,HDMA-0093,Can the learner travel safely with supervision?,SCALE,3 — Independent|2 — With Prompt|1 — Needs Support|0 — Not Applicable,EARLY_CHILDHOOD,false
HDMA,Safety,HDMA-0094,Does the learner respond appropriately to simple emergency instructions?,SCALE,3 — Independent|2 — With Prompt|1 — Needs Support|0 — Not Applicable,EARLY_CHILDHOOD,false
HDMA,Financial Literacy,HDMA-0095,Can the learner recognize coins?,SCALE,3 — Independent|2 — With Prompt|1 — Needs Support|0 — Not Applicable,EARLY_CHILDHOOD,false
HDMA,Financial Literacy,HDMA-0096,Can the learner recognize currency notes?,SCALE,3 — Independent|2 — With Prompt|1 — Needs Support|0 — Not Applicable,EARLY_CHILDHOOD,false
HDMA,Financial Literacy,HDMA-0097,Does the learner understand that money is used to buy things?,SCALE,3 — Independent|2 — With Prompt|1 — Needs Support|0 — Not Applicable,EARLY_CHILDHOOD,false
HDMA,Financial Literacy,HDMA-0098,Can the learner participate in pretend shopping activities?,SCALE,3 — Independent|2 — With Prompt|1 — Needs Support|0 — Not Applicable,EARLY_CHILDHOOD,false
HDMA,Financial Literacy,HDMA-0099,Can the learner count or save money using a piggy bank?,SCALE,3 — Independent|2 — With Prompt|1 — Needs Support|0 — Not Applicable,EARLY_CHILDHOOD,false
HDMA,Soft Skills,HDMA-0100,Does the learner listen when others are speaking?,SCALE,3 — Independent|2 — With Prompt|1 — Needs Support|0 — Not Applicable,EARLY_CHILDHOOD,false
HDMA,Soft Skills,HDMA-0101,Can the learner speak clearly enough to communicate needs?,SCALE,3 — Independent|2 — With Prompt|1 — Needs Support|0 — Not Applicable,EARLY_CHILDHOOD,false
HDMA,Soft Skills,HDMA-0102,Does the learner play cooperatively with peers?,SCALE,3 — Independent|2 — With Prompt|1 — Needs Support|0 — Not Applicable,EARLY_CHILDHOOD,false
HDMA,Soft Skills,HDMA-0103,Does the learner share toys or materials?,SCALE,3 — Independent|2 — With Prompt|1 — Needs Support|0 — Not Applicable,EARLY_CHILDHOOD,false
HDMA,Soft Skills,HDMA-0104,Can the learner remain calm during routine changes?,SCALE,3 — Independent|2 — With Prompt|1 — Needs Support|0 — Not Applicable,EARLY_CHILDHOOD,false
HDMA,Soft Skills,HDMA-0105,Can the learner wait patiently?,SCALE,3 — Independent|2 — With Prompt|1 — Needs Support|0 — Not Applicable,EARLY_CHILDHOOD,false
HDMA,Soft Skills,HDMA-0106,Does the learner attempt to solve simple problems through observation?,SCALE,3 — Independent|2 — With Prompt|1 — Needs Support|0 — Not Applicable,EARLY_CHILDHOOD,false
HDMA,Soft Skills,HDMA-0107,Can the learner follow instructions independently?,SCALE,3 — Independent|2 — With Prompt|1 — Needs Support|0 — Not Applicable,EARLY_CHILDHOOD,false
HDMA,Soft Skills,HDMA-0108,Does the learner take initiative during simple activities?,SCALE,3 — Independent|2 — With Prompt|1 — Needs Support|0 — Not Applicable,EARLY_CHILDHOOD,false
HDMA,Soft Skills,HDMA-0109,Does the learner demonstrate honesty?,SCALE,3 — Independent|2 — With Prompt|1 — Needs Support|0 — Not Applicable,EARLY_CHILDHOOD,false
HDMA,Soft Skills,HDMA-0110,Does the learner take care of personal belongings?,SCALE,3 — Independent|2 — With Prompt|1 — Needs Support|0 — Not Applicable,EARLY_CHILDHOOD,false
HDMA,Soft Skills,HDMA-0111,Does the learner attend activities or classes regularly?,SCALE,3 — Independent|2 — With Prompt|1 — Needs Support|0 — Not Applicable,EARLY_CHILDHOOD,false
HDMA,Soft Skills,HDMA-0112,Does the learner follow a daily routine?,SCALE,3 — Independent|2 — With Prompt|1 — Needs Support|0 — Not Applicable,EARLY_CHILDHOOD,false
HDMA,Physical Fitness,HDMA-0113,Can the learner perform basic stretching exercises?,SCALE,3 — Independent|2 — With Prompt|1 — Needs Support|0 — Not Applicable,EARLY_CHILDHOOD,false
HDMA,Physical Fitness,HDMA-0114,Can the learner follow physical instructions in a group?,SCALE,3 — Independent|2 — With Prompt|1 — Needs Support|0 — Not Applicable,EARLY_CHILDHOOD,false
HDMA,Physical Fitness,HDMA-0115,Does the learner participate in team games?,SCALE,3 — Independent|2 — With Prompt|1 — Needs Support|0 — Not Applicable,EARLY_CHILDHOOD,false
HDMA,Physical Fitness,HDMA-0116,Can the learner throw a ball?,SCALE,3 — Independent|2 — With Prompt|1 — Needs Support|0 — Not Applicable,EARLY_CHILDHOOD,false
HDMA,Physical Fitness,HDMA-0117,Can the learner catch a large ball?,SCALE,3 — Independent|2 — With Prompt|1 — Needs Support|0 — Not Applicable,EARLY_CHILDHOOD,false
HDMA,Physical Fitness,HDMA-0118,Can the learner walk in a straight line?,SCALE,3 — Independent|2 — With Prompt|1 — Needs Support|0 — Not Applicable,EARLY_CHILDHOOD,false
HDMA,Physical Fitness,HDMA-0119,Does the learner enjoy movement-based activities?,SCALE,3 — Independent|2 — With Prompt|1 — Needs Support|0 — Not Applicable,EARLY_CHILDHOOD,false
HDMA,Vocational Exposure,HDMA-0120,"Does the learner show interest in pretend occupations (e.g., chef, doctor, teacher)?",SCALE,3 — Independent|2 — With Prompt|1 — Needs Support|0 — Not Applicable,EARLY_CHILDHOOD,false
HDMA,Vocational Exposure,HDMA-0121,Does the learner enjoy helping adults with simple household tasks?,SCALE,3 — Independent|2 — With Prompt|1 — Needs Support|0 — Not Applicable,EARLY_CHILDHOOD,false
HDMA,Vocational Exposure,HDMA-0122,Does the learner enjoy sorting or arranging objects?,SCALE,3 — Independent|2 — With Prompt|1 — Needs Support|0 — Not Applicable,EARLY_CHILDHOOD,false
HDMA,Vocational Exposure,HDMA-0123,Does the learner participate in simple cleaning activities?,SCALE,3 — Independent|2 — With Prompt|1 — Needs Support|0 — Not Applicable,EARLY_CHILDHOOD,false
HDMA,Vocational Exposure,HDMA-0124,Does the learner enjoy art and craft activities?,SCALE,3 — Independent|2 — With Prompt|1 — Needs Support|0 — Not Applicable,EARLY_CHILDHOOD,false
HDMA,Vocational Exposure,HDMA-0125,Does the learner enjoy building or assembling objects?,SCALE,3 — Independent|2 — With Prompt|1 — Needs Support|0 — Not Applicable,EARLY_CHILDHOOD,false
HDMA,Vocational Exposure,HDMA-0126,Does the learner enjoy gardening or watering plants?,SCALE,3 — Independent|2 — With Prompt|1 — Needs Support|0 — Not Applicable,EARLY_CHILDHOOD,false
HDMA,Vocational Exposure,HDMA-0127,Does the learner participate in pretend cooking activities?,SCALE,3 — Independent|2 — With Prompt|1 — Needs Support|0 — Not Applicable,EARLY_CHILDHOOD,false
HDMA,Vocational Exposure,HDMA-0128,Can the learner stay engaged in a simple task for a few minutes?,SCALE,3 — Independent|2 — With Prompt|1 — Needs Support|0 — Not Applicable,EARLY_CHILDHOOD,false
HDMA,Vocational Exposure,HDMA-0129,Does the learner show curiosity about how everyday work is done?,SCALE,3 — Independent|2 — With Prompt|1 — Needs Support|0 — Not Applicable,EARLY_CHILDHOOD,false
HDMA,Independent Living & Community Participation,HDMA-0130,Can the learner put away toys after playing?,SCALE,3 — Independent|2 — With Prompt|1 — Needs Support|0 — Not Applicable,EARLY_CHILDHOOD,false
HDMA,Independent Living & Community Participation,HDMA-0131,Can the learner carry simple items from one place to another?,SCALE,3 — Independent|2 — With Prompt|1 — Needs Support|0 — Not Applicable,EARLY_CHILDHOOD,false
HDMA,Independent Living & Community Participation,HDMA-0132,Can the learner place used clothes in a laundry basket?,SCALE,3 — Independent|2 — With Prompt|1 — Needs Support|0 — Not Applicable,EARLY_CHILDHOOD,false
HDMA,Independent Living & Community Participation,HDMA-0133,Can the learner assist in simple household chores with support?,SCALE,3 — Independent|2 — With Prompt|1 — Needs Support|0 — Not Applicable,EARLY_CHILDHOOD,false
HDMA,Independent Living & Community Participation,HDMA-0134,Can the learner recognize familiar places such as home or school?,SCALE,3 — Independent|2 — With Prompt|1 — Needs Support|0 — Not Applicable,EARLY_CHILDHOOD,false
HDMA,Independent Living & Community Participation,HDMA-0135,Can the learner identify family members in the community?,SCALE,3 — Independent|2 — With Prompt|1 — Needs Support|0 — Not Applicable,EARLY_CHILDHOOD,false
HDMA,Independent Living & Community Participation,HDMA-0136,Can the learner stay close to a caregiver in public places?,SCALE,3 — Independent|2 — With Prompt|1 — Needs Support|0 — Not Applicable,EARLY_CHILDHOOD,false
HDMA,Independent Living & Community Participation,HDMA-0137,Can the learner follow simple community rules?,SCALE,3 — Independent|2 — With Prompt|1 — Needs Support|0 — Not Applicable,EARLY_CHILDHOOD,false
HDMA,Independent Living & Community Participation,HDMA-0138,Does the learner participate in family gatherings?,SCALE,3 — Independent|2 — With Prompt|1 — Needs Support|0 — Not Applicable,EARLY_CHILDHOOD,false
HDMA,Independent Living & Community Participation,HDMA-0139,Does the learner enjoy playing with other children?,SCALE,3 — Independent|2 — With Prompt|1 — Needs Support|0 — Not Applicable,EARLY_CHILDHOOD,false
HDMA,Independent Living & Community Participation,HDMA-0140,Can the learner greet familiar neighbours or relatives?,SCALE,3 — Independent|2 — With Prompt|1 — Needs Support|0 — Not Applicable,EARLY_CHILDHOOD,false
HDMA,Independent Living & Community Participation,HDMA-0141,Can the learner take care of personal belongings with reminders?,SCALE,3 — Independent|2 — With Prompt|1 — Needs Support|0 — Not Applicable,EARLY_CHILDHOOD,false
HDMA,Independent Living & Community Participation,HDMA-0142,Does the learner return objects to their proper place?,SCALE,3 — Independent|2 — With Prompt|1 — Needs Support|0 — Not Applicable,EARLY_CHILDHOOD,false
HDMA,Communication Skills,HDMA-0143,"Does the learner respond appropriately to non-verbal cues such as smiling, frowning, or crying?",SCALE,3 — Independent|2 — With Prompt|1 — Needs Support|0 — Not Applicable,PRE_SKILL,false
HDMA,Communication Skills,HDMA-0144,"Can the learner follow instructions involving prepositions (e.g., under, behind, beside)?",SCALE,3 — Independent|2 — With Prompt|1 — Needs Support|0 — Not Applicable,PRE_SKILL,false
HDMA,Communication Skills,HDMA-0145,Can the learner identify major body parts?,SCALE,3 — Independent|2 — With Prompt|1 — Needs Support|0 — Not Applicable,PRE_SKILL,false
HDMA,Communication Skills,HDMA-0146,Can the learner identify common objects or pictures?,SCALE,3 — Independent|2 — With Prompt|1 — Needs Support|0 — Not Applicable,PRE_SKILL,false
HDMA,Communication Skills,HDMA-0147,Can the learner state his/her home address?,SCALE,3 — Independent|2 — With Prompt|1 — Needs Support|0 — Not Applicable,PRE_SKILL,false
HDMA,Communication Skills,HDMA-0148,Can the learner share basic information about parents or caregivers?,SCALE,3 — Independent|2 — With Prompt|1 — Needs Support|0 — Not Applicable,PRE_SKILL,false
HDMA,Communication Skills,HDMA-0149,Can the learner express emotions appropriately?,SCALE,3 — Independent|2 — With Prompt|1 — Needs Support|0 — Not Applicable,PRE_SKILL,false
HDMA,Communication Skills,HDMA-0150,Can the learner ask for permission before taking or using something?,SCALE,3 — Independent|2 — With Prompt|1 — Needs Support|0 — Not Applicable,PRE_SKILL,false
HDMA,Communication Skills,HDMA-0151,"Can the learner communicate basic needs such as hunger, thirst, or help?",SCALE,3 — Independent|2 — With Prompt|1 — Needs Support|0 — Not Applicable,PRE_SKILL,false
HDMA,Communication Skills,HDMA-0152,Does the learner practice reading regularly?,SCALE,3 — Independent|2 — With Prompt|1 — Needs Support|0 — Not Applicable,PRE_SKILL,false
HDMA,Communication Skills,HDMA-0153,Does the learner practice writing regularly?,SCALE,3 — Independent|2 — With Prompt|1 — Needs Support|0 — Not Applicable,PRE_SKILL,false
HDMA,Communication Skills,HDMA-0154,"Can the learner answer simple ""why"" or ""how"" questions?",SCALE,3 — Independent|2 — With Prompt|1 — Needs Support|0 — Not Applicable,PRE_SKILL,false
HDMA,Mathematical Skills,HDMA-0155,"Can the learner sort objects by colour, size, or category?",SCALE,3 — Independent|2 — With Prompt|1 — Needs Support|0 — Not Applicable,PRE_SKILL,false
HDMA,Mathematical Skills,HDMA-0156,Can the learner match identical objects or pictures?,SCALE,3 — Independent|2 — With Prompt|1 — Needs Support|0 — Not Applicable,PRE_SKILL,false
HDMA,Mathematical Skills,HDMA-0157,Can the learner identify colours correctly?,SCALE,3 — Independent|2 — With Prompt|1 — Needs Support|0 — Not Applicable,PRE_SKILL,false
HDMA,Mathematical Skills,HDMA-0158,Can the learner recognize numbers in spoken form?,SCALE,3 — Independent|2 — With Prompt|1 — Needs Support|0 — Not Applicable,PRE_SKILL,false
HDMA,Mathematical Skills,HDMA-0159,Can the learner recognize written numerals?,SCALE,3 — Independent|2 — With Prompt|1 — Needs Support|0 — Not Applicable,PRE_SKILL,false
HDMA,Mathematical Skills,HDMA-0160,Can the learner match numerals with quantities?,SCALE,3 — Independent|2 — With Prompt|1 — Needs Support|0 — Not Applicable,PRE_SKILL,false
HDMA,Mathematical Skills,HDMA-0161,Does the learner understand concepts such as more/less and big/small?,SCALE,3 — Independent|2 — With Prompt|1 — Needs Support|0 — Not Applicable,PRE_SKILL,false
HDMA,Mathematical Skills,HDMA-0162,Can the learner identify common shapes?,SCALE,3 — Independent|2 — With Prompt|1 — Needs Support|0 — Not Applicable,PRE_SKILL,false
HDMA,Mathematical Skills,HDMA-0163,Can the learner perform simple addition?,SCALE,3 — Independent|2 — With Prompt|1 — Needs Support|0 — Not Applicable,PRE_SKILL,false
HDMA,Mathematical Skills,HDMA-0164,Can the learner perform simple subtraction?,SCALE,3 — Independent|2 — With Prompt|1 — Needs Support|0 — Not Applicable,PRE_SKILL,false
HDMA,Mathematical Skills,HDMA-0165,Can the learner understand basic multiplication concepts?,SCALE,3 — Independent|2 — With Prompt|1 — Needs Support|0 — Not Applicable,PRE_SKILL,false
HDMA,Mathematical Skills,HDMA-0166,"Does the learner understand time concepts such as morning, afternoon, yesterday, and tomorrow?",SCALE,3 — Independent|2 — With Prompt|1 — Needs Support|0 — Not Applicable,PRE_SKILL,false
HDMA,Mathematical Skills,HDMA-0167,Can the learner identify place value based on capability?,SCALE,3 — Independent|2 — With Prompt|1 — Needs Support|0 — Not Applicable,PRE_SKILL,false
HDMA,Functional Academics,HDMA-0168,Can the learner fill in personal details in a simple form?,SCALE,3 — Independent|2 — With Prompt|1 — Needs Support|0 — Not Applicable,PRE_SKILL,false
HDMA,Functional Academics,HDMA-0169,Can the learner identify common vocational materials?,SCALE,3 — Independent|2 — With Prompt|1 — Needs Support|0 — Not Applicable,PRE_SKILL,false
HDMA,Functional Academics,HDMA-0170,Does the learner know where vocational materials can be obtained?,SCALE,3 — Independent|2 — With Prompt|1 — Needs Support|0 — Not Applicable,PRE_SKILL,false
HDMA,Functional Academics,HDMA-0171,Can the learner assist during vocational training activities?,SCALE,3 — Independent|2 — With Prompt|1 — Needs Support|0 — Not Applicable,PRE_SKILL,false
HDMA,Functional Academics,HDMA-0172,Can the learner identify labels or signs in the community?,SCALE,3 — Independent|2 — With Prompt|1 — Needs Support|0 — Not Applicable,PRE_SKILL,false
HDMA,Functional Academics,HDMA-0173,Can the learner follow simple written instructions?,SCALE,3 — Independent|2 — With Prompt|1 — Needs Support|0 — Not Applicable,PRE_SKILL,false
HDMA,Functional Academics,HDMA-0174,"Can the learner recognize common public symbols (toilet, exit, hospital)?",SCALE,3 — Independent|2 — With Prompt|1 — Needs Support|0 — Not Applicable,PRE_SKILL,false
HDMA,Computer Skills,HDMA-0175,Can the learner identify basic parts of a computer?,SCALE,3 — Independent|2 — With Prompt|1 — Needs Support|0 — Not Applicable,PRE_SKILL,false
HDMA,Computer Skills,HDMA-0176,Can the learner switch on a computer or tablet with assistance?,SCALE,3 — Independent|2 — With Prompt|1 — Needs Support|0 — Not Applicable,PRE_SKILL,false
HDMA,Computer Skills,HDMA-0177,Can the learner use a mouse appropriately?,SCALE,3 — Independent|2 — With Prompt|1 — Needs Support|0 — Not Applicable,PRE_SKILL,false
HDMA,Computer Skills,HDMA-0178,Can the learner use a keyboard to type simple letters or numbers?,SCALE,3 — Independent|2 — With Prompt|1 — Needs Support|0 — Not Applicable,PRE_SKILL,false
HDMA,Computer Skills,HDMA-0179,Can the learner perform digital painting or drawing activities?,SCALE,3 — Independent|2 — With Prompt|1 — Needs Support|0 — Not Applicable,PRE_SKILL,false
HDMA,Computer Skills,HDMA-0180,Can the learner use touchscreen devices independently?,SCALE,3 — Independent|2 — With Prompt|1 — Needs Support|0 — Not Applicable,PRE_SKILL,false
HDMA,Computer Skills,HDMA-0181,Can the learner identify common icons on a digital device?,SCALE,3 — Independent|2 — With Prompt|1 — Needs Support|0 — Not Applicable,PRE_SKILL,false
HDMA,Computer Skills,HDMA-0182,Can the learner open and close simple educational applications?,SCALE,3 — Independent|2 — With Prompt|1 — Needs Support|0 — Not Applicable,PRE_SKILL,false
HDMA,Computer Skills,HDMA-0183,Can the learner use technology safely under supervision?,SCALE,3 — Independent|2 — With Prompt|1 — Needs Support|0 — Not Applicable,PRE_SKILL,false
HDMA,Activities of Daily Living,HDMA-0184,Can the learner push or pull objects safely?,SCALE,3 — Independent|2 — With Prompt|1 — Needs Support|0 — Not Applicable,PRE_SKILL,false
HDMA,Activities of Daily Living,HDMA-0185,Can the learner run independently?,SCALE,3 — Independent|2 — With Prompt|1 — Needs Support|0 — Not Applicable,PRE_SKILL,false
HDMA,Activities of Daily Living,HDMA-0186,Can the learner squat and stand up without assistance?,SCALE,3 — Independent|2 — With Prompt|1 — Needs Support|0 — Not Applicable,PRE_SKILL,false
HDMA,Activities of Daily Living,HDMA-0187,Can the learner climb stairs without support?,SCALE,3 — Independent|2 — With Prompt|1 — Needs Support|0 — Not Applicable,PRE_SKILL,false
HDMA,Activities of Daily Living,HDMA-0188,Can the learner balance on toes?,SCALE,3 — Independent|2 — With Prompt|1 — Needs Support|0 — Not Applicable,PRE_SKILL,false
HDMA,Activities of Daily Living,HDMA-0189,Can the learner jump over small objects?,SCALE,3 — Independent|2 — With Prompt|1 — Needs Support|0 — Not Applicable,PRE_SKILL,false
HDMA,Activities of Daily Living,HDMA-0190,Can the learner complete beading activities?,SCALE,3 — Independent|2 — With Prompt|1 — Needs Support|0 — Not Applicable,PRE_SKILL,false
HDMA,Activities of Daily Living,HDMA-0191,Can the learner screw and unscrew objects?,SCALE,3 — Independent|2 — With Prompt|1 — Needs Support|0 — Not Applicable,PRE_SKILL,false
HDMA,Activities of Daily Living,HDMA-0192,Can the learner cut paper safely?,SCALE,3 — Independent|2 — With Prompt|1 — Needs Support|0 — Not Applicable,PRE_SKILL,false
HDMA,Activities of Daily Living,HDMA-0193,Can the learner pour liquids without spilling?,SCALE,3 — Independent|2 — With Prompt|1 — Needs Support|0 — Not Applicable,PRE_SKILL,false
HDMA,Eating,HDMA-0194,Can the learner drink from a filled glass without spilling?,SCALE,3 — Independent|2 — With Prompt|1 — Needs Support|0 — Not Applicable,PRE_SKILL,false
HDMA,Eating,HDMA-0195,Can the learner use a spoon independently?,SCALE,3 — Independent|2 — With Prompt|1 — Needs Support|0 — Not Applicable,PRE_SKILL,false
HDMA,Eating,HDMA-0196,Can the learner eat semi-solid foods without assistance?,SCALE,3 — Independent|2 — With Prompt|1 — Needs Support|0 — Not Applicable,PRE_SKILL,false
HDMA,Toileting,HDMA-0197,Can the learner control bladder and bowel functions?,SCALE,3 — Independent|2 — With Prompt|1 — Needs Support|0 — Not Applicable,PRE_SKILL,false
HDMA,Toileting,HDMA-0198,Can the learner manage toilet hygiene independently?,SCALE,3 — Independent|2 — With Prompt|1 — Needs Support|0 — Not Applicable,PRE_SKILL,false
HDMA,Toileting,HDMA-0199,Can the learner flush and wash hands after using the toilet?,SCALE,3 — Independent|2 — With Prompt|1 — Needs Support|0 — Not Applicable,PRE_SKILL,false
HDMA,Dressing,HDMA-0200,Can the learner tie shoelaces?,SCALE,3 — Independent|2 — With Prompt|1 — Needs Support|0 — Not Applicable,PRE_SKILL,false
HDMA,Dressing,HDMA-0201,Can the learner button and unbutton clothing?,SCALE,3 — Independent|2 — With Prompt|1 — Needs Support|0 — Not Applicable,PRE_SKILL,false
HDMA,Dressing,HDMA-0202,Can the learner wear shoes correctly?,SCALE,3 — Independent|2 — With Prompt|1 — Needs Support|0 — Not Applicable,PRE_SKILL,false
HDMA,Dressing,HDMA-0203,Can the learner wash the face independently?,SCALE,3 — Independent|2 — With Prompt|1 — Needs Support|0 — Not Applicable,PRE_SKILL,false
HDMA,Dressing,HDMA-0204,Can the learner brush teeth independently?,SCALE,3 — Independent|2 — With Prompt|1 — Needs Support|0 — Not Applicable,PRE_SKILL,false
HDMA,Dressing,HDMA-0205,Can the learner comb hair independently?,SCALE,3 — Independent|2 — With Prompt|1 — Needs Support|0 — Not Applicable,PRE_SKILL,false
HDMA,Dressing,HDMA-0206,Can the learner bathe and dry independently?,SCALE,3 — Independent|2 — With Prompt|1 — Needs Support|0 — Not Applicable,PRE_SKILL,false
HDMA,Personality Development,HDMA-0207,Does the learner greet others appropriately?,SCALE,3 — Independent|2 — With Prompt|1 — Needs Support|0 — Not Applicable,PRE_SKILL,false
HDMA,Personality Development,HDMA-0208,Can the learner wait for his/her turn?,SCALE,3 — Independent|2 — With Prompt|1 — Needs Support|0 — Not Applicable,PRE_SKILL,false
HDMA,Personality Development,HDMA-0209,"Does the learner use polite phrases such as ""please"" and ""thank you""?",SCALE,3 — Independent|2 — With Prompt|1 — Needs Support|0 — Not Applicable,PRE_SKILL,false
HDMA,Personality Development,HDMA-0210,Can the learner receive guests appropriately?,SCALE,3 — Independent|2 — With Prompt|1 — Needs Support|0 — Not Applicable,PRE_SKILL,false
HDMA,Personality Development,HDMA-0211,Can the learner identify familiar and unfamiliar visitors?,SCALE,3 — Independent|2 — With Prompt|1 — Needs Support|0 — Not Applicable,PRE_SKILL,false
HDMA,Personality Development,HDMA-0212,Does the learner manage emotions appropriately?,SCALE,3 — Independent|2 — With Prompt|1 — Needs Support|0 — Not Applicable,PRE_SKILL,false
HDMA,Personality Development,HDMA-0213,Does the learner demonstrate confidence in familiar settings?,SCALE,3 — Independent|2 — With Prompt|1 — Needs Support|0 — Not Applicable,PRE_SKILL,false
HDMA,Personality Development,HDMA-0214,Can the learner identify personal strengths?,SCALE,3 — Independent|2 — With Prompt|1 — Needs Support|0 — Not Applicable,PRE_SKILL,false
HDMA,Personality Development,HDMA-0215,Does the learner willingly try new activities?,SCALE,3 — Independent|2 — With Prompt|1 — Needs Support|0 — Not Applicable,PRE_SKILL,false
HDMA,Sex Education,HDMA-0216,Does the learner understand gender differences?,SCALE,3 — Independent|2 — With Prompt|1 — Needs Support|0 — Not Applicable,PRE_SKILL,false
HDMA,Sex Education,HDMA-0217,Does the learner demonstrate age-appropriate awareness of puberty?,SCALE,3 — Independent|2 — With Prompt|1 — Needs Support|0 — Not Applicable,PRE_SKILL,false
HDMA,Sex Education,HDMA-0218,Does the learner understand personal privacy?,SCALE,3 — Independent|2 — With Prompt|1 — Needs Support|0 — Not Applicable,PRE_SKILL,false
HDMA,Sex Education,HDMA-0219,Can the learner recognize healthy relationships?,SCALE,3 — Independent|2 — With Prompt|1 — Needs Support|0 — Not Applicable,PRE_SKILL,false
HDMA,Sex Education,HDMA-0220,Does the learner understand friendship boundaries?,SCALE,3 — Independent|2 — With Prompt|1 — Needs Support|0 — Not Applicable,PRE_SKILL,false
HDMA,Sex Education,HDMA-0221,Can the learner identify trusted adults?,SCALE,3 — Independent|2 — With Prompt|1 — Needs Support|0 — Not Applicable,PRE_SKILL,false
HDMA,Sex Education,HDMA-0222,Does the learner understand the concept of personal space?,SCALE,3 — Independent|2 — With Prompt|1 — Needs Support|0 — Not Applicable,PRE_SKILL,false
HDMA,Self-Advocacy,HDMA-0223,Can the learner answer questions about personal preferences?,SCALE,3 — Independent|2 — With Prompt|1 — Needs Support|0 — Not Applicable,PRE_SKILL,false
HDMA,Self-Advocacy,HDMA-0224,Can the learner express likes and dislikes?,SCALE,3 — Independent|2 — With Prompt|1 — Needs Support|0 — Not Applicable,PRE_SKILL,false
HDMA,Self-Advocacy,HDMA-0225,Can the learner explain personal needs?,SCALE,3 — Independent|2 — With Prompt|1 — Needs Support|0 — Not Applicable,PRE_SKILL,false
HDMA,Self-Advocacy,HDMA-0226,Can the learner ask for help appropriately?,SCALE,3 — Independent|2 — With Prompt|1 — Needs Support|0 — Not Applicable,PRE_SKILL,false
HDMA,Self-Advocacy,HDMA-0227,Does the learner understand who to approach for support?,SCALE,3 — Independent|2 — With Prompt|1 — Needs Support|0 — Not Applicable,PRE_SKILL,false
HDMA,Self-Advocacy,HDMA-0228,"Does the learner understand the role of parents, teachers, and caregivers?",SCALE,3 — Independent|2 — With Prompt|1 — Needs Support|0 — Not Applicable,PRE_SKILL,false
HDMA,Self-Advocacy,HDMA-0229,Is the learner aware of basic government facilities or services available?,SCALE,3 — Independent|2 — With Prompt|1 — Needs Support|0 — Not Applicable,PRE_SKILL,false
HDMA,Self-Advocacy,HDMA-0230,Can the learner make simple decisions independently?,SCALE,3 — Independent|2 — With Prompt|1 — Needs Support|0 — Not Applicable,PRE_SKILL,false
HDMA,Safety,HDMA-0231,Does the learner understand electrical safety?,SCALE,3 — Independent|2 — With Prompt|1 — Needs Support|0 — Not Applicable,PRE_SKILL,false
HDMA,Safety,HDMA-0232,Does the learner recognize the dangers of stairs?,SCALE,3 — Independent|2 — With Prompt|1 — Needs Support|0 — Not Applicable,PRE_SKILL,false
HDMA,Safety,HDMA-0233,Does the learner avoid touching hot appliances?,SCALE,3 — Independent|2 — With Prompt|1 — Needs Support|0 — Not Applicable,PRE_SKILL,false
HDMA,Safety,HDMA-0234,Can the learner identify self-injury risks?,SCALE,3 — Independent|2 — With Prompt|1 — Needs Support|0 — Not Applicable,PRE_SKILL,false
HDMA,Safety,HDMA-0235,Does the learner follow classroom safety rules?,SCALE,3 — Independent|2 — With Prompt|1 — Needs Support|0 — Not Applicable,PRE_SKILL,false
HDMA,Safety,HDMA-0236,Can the learner recite an emergency contact number?,SCALE,3 — Independent|2 — With Prompt|1 — Needs Support|0 — Not Applicable,PRE_SKILL,false
HDMA,Safety,HDMA-0237,Does the learner understand traffic safety?,SCALE,3 — Independent|2 — With Prompt|1 — Needs Support|0 — Not Applicable,PRE_SKILL,false
HDMA,Safety,HDMA-0238,Can the learner cross roads safely with supervision?,SCALE,3 — Independent|2 — With Prompt|1 — Needs Support|0 — Not Applicable,PRE_SKILL,false
HDMA,Safety,HDMA-0239,Can the learner recognize danger zones?,SCALE,3 — Independent|2 — With Prompt|1 — Needs Support|0 — Not Applicable,PRE_SKILL,false
HDMA,Safety,HDMA-0240,Does the learner avoid hazardous play areas?,SCALE,3 — Independent|2 — With Prompt|1 — Needs Support|0 — Not Applicable,PRE_SKILL,false
HDMA,Safety,HDMA-0241,Does the learner stay with a trusted adult?,SCALE,3 — Independent|2 — With Prompt|1 — Needs Support|0 — Not Applicable,PRE_SKILL,false
HDMA,Safety,HDMA-0242,Does the learner understand that workplaces have safety rules?,SCALE,3 — Independent|2 — With Prompt|1 — Needs Support|0 — Not Applicable,PRE_SKILL,false
HDMA,Safety,HDMA-0243,Does the learner recognize healthy food choices?,SCALE,3 — Independent|2 — With Prompt|1 — Needs Support|0 — Not Applicable,PRE_SKILL,false
HDMA,Safety,HDMA-0244,Does the learner participate in physical exercise?,SCALE,3 — Independent|2 — With Prompt|1 — Needs Support|0 — Not Applicable,PRE_SKILL,false
HDMA,Safety,HDMA-0245,Does the learner understand bus safety?,SCALE,3 — Independent|2 — With Prompt|1 — Needs Support|0 — Not Applicable,PRE_SKILL,false
HDMA,Safety,HDMA-0246,Can the learner use a seatbelt appropriately?,SCALE,3 — Independent|2 — With Prompt|1 — Needs Support|0 — Not Applicable,PRE_SKILL,false
HDMA,Safety,HDMA-0247,"Does the learner know basic safety measures during rain, flood, or fire?",SCALE,3 — Independent|2 — With Prompt|1 — Needs Support|0 — Not Applicable,PRE_SKILL,false
HDMA,Financial Literacy,HDMA-0248,Does the learner recognize coins and currency notes?,SCALE,3 — Independent|2 — With Prompt|1 — Needs Support|0 — Not Applicable,PRE_SKILL,false
HDMA,Financial Literacy,HDMA-0249,Can the learner identify the value of common denominations?,SCALE,3 — Independent|2 — With Prompt|1 — Needs Support|0 — Not Applicable,PRE_SKILL,false
HDMA,Financial Literacy,HDMA-0250,Does the learner understand that work leads to earning money?,SCALE,3 — Independent|2 — With Prompt|1 — Needs Support|0 — Not Applicable,PRE_SKILL,false
HDMA,Financial Literacy,HDMA-0251,Can the learner plan simple purchases?,SCALE,3 — Independent|2 — With Prompt|1 — Needs Support|0 — Not Applicable,PRE_SKILL,false
HDMA,Financial Literacy,HDMA-0252,Does the learner save money using a piggy bank or similar method?,SCALE,3 — Independent|2 — With Prompt|1 — Needs Support|0 — Not Applicable,PRE_SKILL,false
HDMA,Financial Literacy,HDMA-0253,Has the learner been introduced to the concept of a bank account?,SCALE,3 — Independent|2 — With Prompt|1 — Needs Support|0 — Not Applicable,PRE_SKILL,false
HDMA,Financial Literacy,HDMA-0254,Does the learner understand that families earn income to meet expenses?,SCALE,3 — Independent|2 — With Prompt|1 — Needs Support|0 — Not Applicable,PRE_SKILL,false
HDMA,Financial Literacy,HDMA-0255,Can the learner participate in pretend buying and selling activities?,SCALE,3 — Independent|2 — With Prompt|1 — Needs Support|0 — Not Applicable,PRE_SKILL,false
HDMA,Soft Skills,HDMA-0256,Does the learner communicate clearly and confidently?,SCALE,3 — Independent|2 — With Prompt|1 — Needs Support|0 — Not Applicable,PRE_SKILL,false
HDMA,Soft Skills,HDMA-0257,Does the learner collaborate with peers?,SCALE,3 — Independent|2 — With Prompt|1 — Needs Support|0 — Not Applicable,PRE_SKILL,false
HDMA,Soft Skills,HDMA-0258,Does the learner share materials appropriately?,SCALE,3 — Independent|2 — With Prompt|1 — Needs Support|0 — Not Applicable,PRE_SKILL,false
HDMA,Soft Skills,HDMA-0259,Can the learner express emotions appropriately during teamwork?,SCALE,3 — Independent|2 — With Prompt|1 — Needs Support|0 — Not Applicable,PRE_SKILL,false
HDMA,Soft Skills,HDMA-0260,Can the learner remain calm during changes?,SCALE,3 — Independent|2 — With Prompt|1 — Needs Support|0 — Not Applicable,PRE_SKILL,false
HDMA,Soft Skills,HDMA-0261,Does the learner demonstrate discipline and responsibility?,SCALE,3 — Independent|2 — With Prompt|1 — Needs Support|0 — Not Applicable,PRE_SKILL,false
HDMA,Soft Skills,HDMA-0262,Does the learner observe situations before acting?,SCALE,3 — Independent|2 — With Prompt|1 — Needs Support|0 — Not Applicable,PRE_SKILL,false
HDMA,Soft Skills,HDMA-0263,Does the learner persevere when facing challenges?,SCALE,3 — Independent|2 — With Prompt|1 — Needs Support|0 — Not Applicable,PRE_SKILL,false
HDMA,Soft Skills,HDMA-0264,Does the learner attempt creative solutions?,SCALE,3 — Independent|2 — With Prompt|1 — Needs Support|0 — Not Applicable,PRE_SKILL,false
HDMA,Soft Skills,HDMA-0265,Can the learner work with minimal guidance?,SCALE,3 — Independent|2 — With Prompt|1 — Needs Support|0 — Not Applicable,PRE_SKILL,false
HDMA,Soft Skills,HDMA-0266,Does the learner follow instructions independently?,SCALE,3 — Independent|2 — With Prompt|1 — Needs Support|0 — Not Applicable,PRE_SKILL,false
HDMA,Soft Skills,HDMA-0267,Does the learner maintain neatness?,SCALE,3 — Independent|2 — With Prompt|1 — Needs Support|0 — Not Applicable,PRE_SKILL,false
HDMA,Soft Skills,HDMA-0268,Is the learner punctual?,SCALE,3 — Independent|2 — With Prompt|1 — Needs Support|0 — Not Applicable,PRE_SKILL,false
HDMA,Soft Skills,HDMA-0269,Does the learner take responsibility for belongings?,SCALE,3 — Independent|2 — With Prompt|1 — Needs Support|0 — Not Applicable,PRE_SKILL,false
HDMA,Soft Skills,HDMA-0270,Does the learner follow daily routines?,SCALE,3 — Independent|2 — With Prompt|1 — Needs Support|0 — Not Applicable,PRE_SKILL,false
HDMA,Soft Skills,HDMA-0271,Does the learner complete tasks within expected time?,SCALE,3 — Independent|2 — With Prompt|1 — Needs Support|0 — Not Applicable,PRE_SKILL,false
HDMA,Physical Fitness,HDMA-0272,Does the learner participate in regular exercises?,SCALE,3 — Independent|2 — With Prompt|1 — Needs Support|0 — Not Applicable,PRE_SKILL,false
HDMA,Physical Fitness,HDMA-0273,Can the learner perform stretching activities?,SCALE,3 — Independent|2 — With Prompt|1 — Needs Support|0 — Not Applicable,PRE_SKILL,false
HDMA,Physical Fitness,HDMA-0274,Does the learner follow safety rules during physical activity?,SCALE,3 — Independent|2 — With Prompt|1 — Needs Support|0 — Not Applicable,PRE_SKILL,false
HDMA,Physical Fitness,HDMA-0275,Can the learner perform bending movements?,SCALE,3 — Independent|2 — With Prompt|1 — Needs Support|0 — Not Applicable,PRE_SKILL,false
HDMA,Physical Fitness,HDMA-0276,Can the learner perform shoulder rolls?,SCALE,3 — Independent|2 — With Prompt|1 — Needs Support|0 — Not Applicable,PRE_SKILL,false
HDMA,Physical Fitness,HDMA-0277,Can the learner jump appropriately?,SCALE,3 — Independent|2 — With Prompt|1 — Needs Support|0 — Not Applicable,PRE_SKILL,false
HDMA,Physical Fitness,HDMA-0278,Can the learner participate in partner activities?,SCALE,3 — Independent|2 — With Prompt|1 — Needs Support|0 — Not Applicable,PRE_SKILL,false
HDMA,Physical Fitness,HDMA-0279,Does the learner participate in team games?,SCALE,3 — Independent|2 — With Prompt|1 — Needs Support|0 — Not Applicable,PRE_SKILL,false
HDMA,Physical Fitness,HDMA-0280,Does the learner follow cool-down routines after exercise?,SCALE,3 — Independent|2 — With Prompt|1 — Needs Support|0 — Not Applicable,PRE_SKILL,false
HDMA,Vocational Exposure,HDMA-0281,Has the learner been introduced to different occupations?,SCALE,3 — Independent|2 — With Prompt|1 — Needs Support|0 — Not Applicable,PRE_SKILL,false
HDMA,Vocational Exposure,HDMA-0282,Does the learner understand basic vocational concepts?,SCALE,3 — Independent|2 — With Prompt|1 — Needs Support|0 — Not Applicable,PRE_SKILL,false
HDMA,Vocational Exposure,HDMA-0283,Does the learner observe work through field visits?,SCALE,3 — Independent|2 — With Prompt|1 — Needs Support|0 — Not Applicable,PRE_SKILL,false
HDMA,Vocational Exposure,HDMA-0284,Does the learner participate in pre-vocational routines?,SCALE,3 — Independent|2 — With Prompt|1 — Needs Support|0 — Not Applicable,PRE_SKILL,false
HDMA,Vocational Exposure,HDMA-0285,Does the learner enjoy helping adults with simple tasks?,SCALE,3 — Independent|2 — With Prompt|1 — Needs Support|0 — Not Applicable,PRE_SKILL,false
HDMA,Vocational Exposure,HDMA-0286,Does the learner show interest in organizing or sorting materials?,SCALE,3 — Independent|2 — With Prompt|1 — Needs Support|0 — Not Applicable,PRE_SKILL,false
HDMA,Vocational Exposure,HDMA-0287,Does the learner participate in simple art or craft activities?,SCALE,3 — Independent|2 — With Prompt|1 — Needs Support|0 — Not Applicable,PRE_SKILL,false
HDMA,Vocational Exposure,HDMA-0288,Does the learner enjoy gardening or caring for plants?,SCALE,3 — Independent|2 — With Prompt|1 — Needs Support|0 — Not Applicable,PRE_SKILL,false
HDMA,Vocational Exposure,HDMA-0289,Does the learner show interest in cooking or food preparation activities?,SCALE,3 — Independent|2 — With Prompt|1 — Needs Support|0 — Not Applicable,PRE_SKILL,false
HDMA,Vocational Exposure,HDMA-0290,Can the learner remain engaged in a simple task for an extended period?,SCALE,3 — Independent|2 — With Prompt|1 — Needs Support|0 — Not Applicable,PRE_SKILL,false
HDMA,Vocational Exposure,HDMA-0291,Does the learner demonstrate curiosity about how everyday jobs are performed?,SCALE,3 — Independent|2 — With Prompt|1 — Needs Support|0 — Not Applicable,PRE_SKILL,false
HDMA,Independent Living & Community Participation,HDMA-0292,Can the learner make their own bed with assistance?,SCALE,3 — Independent|2 — With Prompt|1 — Needs Support|0 — Not Applicable,PRE_SKILL,false
HDMA,Independent Living & Community Participation,HDMA-0293,Can the learner organize school materials independently?,SCALE,3 — Independent|2 — With Prompt|1 — Needs Support|0 — Not Applicable,PRE_SKILL,false
HDMA,Independent Living & Community Participation,HDMA-0294,Can the learner help set or clear the dining table?,SCALE,3 — Independent|2 — With Prompt|1 — Needs Support|0 — Not Applicable,PRE_SKILL,false
HDMA,Independent Living & Community Participation,HDMA-0295,Can the learner water plants or feed pets with supervision?,SCALE,3 — Independent|2 — With Prompt|1 — Needs Support|0 — Not Applicable,PRE_SKILL,false
HDMA,Independent Living & Community Participation,HDMA-0296,Can the learner identify important places in the neighbourhood?,SCALE,3 — Independent|2 — With Prompt|1 — Needs Support|0 — Not Applicable,PRE_SKILL,false
HDMA,Independent Living & Community Participation,HDMA-0297,Can the learner follow simple shopping routines?,SCALE,3 — Independent|2 — With Prompt|1 — Needs Support|0 — Not Applicable,PRE_SKILL,false
HDMA,Independent Living & Community Participation,HDMA-0298,Can the learner wait appropriately in queues?,SCALE,3 — Independent|2 — With Prompt|1 — Needs Support|0 — Not Applicable,PRE_SKILL,false
HDMA,Independent Living & Community Participation,HDMA-0299,Can the learner behave appropriately in public places?,SCALE,3 — Independent|2 — With Prompt|1 — Needs Support|0 — Not Applicable,PRE_SKILL,false
HDMA,Independent Living & Community Participation,HDMA-0300,Can the learner introduce themselves to others?,SCALE,3 — Independent|2 — With Prompt|1 — Needs Support|0 — Not Applicable,PRE_SKILL,false
HDMA,Independent Living & Community Participation,HDMA-0301,Does the learner participate in community or school events?,SCALE,3 — Independent|2 — With Prompt|1 — Needs Support|0 — Not Applicable,PRE_SKILL,false
HDMA,Independent Living & Community Participation,HDMA-0302,Can the learner follow basic social rules?,SCALE,3 — Independent|2 — With Prompt|1 — Needs Support|0 — Not Applicable,PRE_SKILL,false
HDMA,Independent Living & Community Participation,HDMA-0303,Can the learner complete assigned household chores?,SCALE,3 — Independent|2 — With Prompt|1 — Needs Support|0 — Not Applicable,PRE_SKILL,false
HDMA,Independent Living & Community Participation,HDMA-0304,Does the learner remember to carry personal belongings when leaving home?,SCALE,3 — Independent|2 — With Prompt|1 — Needs Support|0 — Not Applicable,PRE_SKILL,false
HDMA,Communication Skills,HDMA-0305,Can the learner follow two-step directions independently?,SCALE,3 — Independent|2 — With Prompt|1 — Needs Support|0 — Not Applicable,BASIC,false
HDMA,Communication Skills,HDMA-0306,Can the learner follow three-step directions independently?,SCALE,3 — Independent|2 — With Prompt|1 — Needs Support|0 — Not Applicable,BASIC,false
HDMA,Communication Skills,HDMA-0307,Does the learner respond correctly to left and right directions?,SCALE,3 — Independent|2 — With Prompt|1 — Needs Support|0 — Not Applicable,BASIC,false
HDMA,Communication Skills,HDMA-0308,Does the learner respond appropriately to danger warnings?,SCALE,3 — Independent|2 — With Prompt|1 — Needs Support|0 — Not Applicable,BASIC,false
HDMA,Communication Skills,HDMA-0309,Can the learner answer questions after listening to a story?,SCALE,3 — Independent|2 — With Prompt|1 — Needs Support|0 — Not Applicable,BASIC,false
HDMA,Communication Skills,HDMA-0310,Does the learner use complete sentences during conversations?,SCALE,3 — Independent|2 — With Prompt|1 — Needs Support|0 — Not Applicable,BASIC,false
HDMA,Communication Skills,HDMA-0311,Can the learner communicate with unfamiliar people or guests appropriately?,SCALE,3 — Independent|2 — With Prompt|1 — Needs Support|0 — Not Applicable,BASIC,false
HDMA,Communication Skills,HDMA-0312,"Can the learner speak about places, countries, or personal experiences?",SCALE,3 — Independent|2 — With Prompt|1 — Needs Support|0 — Not Applicable,BASIC,false
HDMA,Communication Skills,HDMA-0313,Does the learner engage in meaningful conversations with peers and adults?,SCALE,3 — Independent|2 — With Prompt|1 — Needs Support|0 — Not Applicable,BASIC,false
HDMA,Communication Skills,HDMA-0314,Does the learner read age-appropriate material regularly?,SCALE,3 — Independent|2 — With Prompt|1 — Needs Support|0 — Not Applicable,BASIC,false
HDMA,Communication Skills,HDMA-0315,Does the learner write simple paragraphs or messages independently?,SCALE,3 — Independent|2 — With Prompt|1 — Needs Support|0 — Not Applicable,BASIC,false
HDMA,Communication Skills,HDMA-0316,Can the learner express opinions or ideas clearly?,SCALE,3 — Independent|2 — With Prompt|1 — Needs Support|0 — Not Applicable,BASIC,false
HDMA,Mathematical Skills,HDMA-0317,Can the learner identify and continue simple patterns?,SCALE,3 — Independent|2 — With Prompt|1 — Needs Support|0 — Not Applicable,BASIC,false
HDMA,Mathematical Skills,HDMA-0318,Can the learner interpret basic data presented in charts or tables?,SCALE,3 — Independent|2 — With Prompt|1 — Needs Support|0 — Not Applicable,BASIC,false
HDMA,Mathematical Skills,HDMA-0319,"Can the learner measure length, weight, or volume using appropriate tools?",SCALE,3 — Independent|2 — With Prompt|1 — Needs Support|0 — Not Applicable,BASIC,false
HDMA,Mathematical Skills,HDMA-0320,Does the learner understand money values and denominations?,SCALE,3 — Independent|2 — With Prompt|1 — Needs Support|0 — Not Applicable,BASIC,false
HDMA,Mathematical Skills,HDMA-0321,Can the learner calculate simple purchases?,SCALE,3 — Independent|2 — With Prompt|1 — Needs Support|0 — Not Applicable,BASIC,false
HDMA,Mathematical Skills,HDMA-0322,Can the learner estimate quantities or measurements?,SCALE,3 — Independent|2 — With Prompt|1 — Needs Support|0 — Not Applicable,BASIC,false
HDMA,Mathematical Skills,HDMA-0323,Can the learner solve practical mathematical problems related to daily life?,SCALE,3 — Independent|2 — With Prompt|1 — Needs Support|0 — Not Applicable,BASIC,false
HDMA,Mathematical Skills,HDMA-0324,Can the learner apply fractions or percentages in simple contexts (if introduced)?,SCALE,3 — Independent|2 — With Prompt|1 — Needs Support|0 — Not Applicable,BASIC,false
HDMA,Functional Academics,HDMA-0325,Can the learner type basic documents independently?,SCALE,3 — Independent|2 — With Prompt|1 — Needs Support|0 — Not Applicable,BASIC,false
HDMA,Functional Academics,HDMA-0326,Can the learner format simple documents using a word processor?,SCALE,3 — Independent|2 — With Prompt|1 — Needs Support|0 — Not Applicable,BASIC,false
HDMA,Functional Academics,HDMA-0327,Can the learner use basic spreadsheet functions?,SCALE,3 — Independent|2 — With Prompt|1 — Needs Support|0 — Not Applicable,BASIC,false
HDMA,Functional Academics,HDMA-0328,Can the learner participate in planning for vocational activities?,SCALE,3 — Independent|2 — With Prompt|1 — Needs Support|0 — Not Applicable,BASIC,false
HDMA,Functional Academics,HDMA-0329,Can the learner help procure materials required for vocational tasks?,SCALE,3 — Independent|2 — With Prompt|1 — Needs Support|0 — Not Applicable,BASIC,false
HDMA,Functional Academics,HDMA-0330,Can the learner prepare simple lists or inventories?,SCALE,3 — Independent|2 — With Prompt|1 — Needs Support|0 — Not Applicable,BASIC,false
HDMA,Functional Academics,HDMA-0331,Can the learner follow written instructions independently?,SCALE,3 — Independent|2 — With Prompt|1 — Needs Support|0 — Not Applicable,BASIC,false
HDMA,Functional Academics,HDMA-0332,Can the learner complete simple forms accurately?,SCALE,3 — Independent|2 — With Prompt|1 — Needs Support|0 — Not Applicable,BASIC,false
HDMA,Computer Skills,HDMA-0333,Can the learner use basic design applications?,SCALE,3 — Independent|2 — With Prompt|1 — Needs Support|0 — Not Applicable,BASIC,false
HDMA,Computer Skills,HDMA-0334,Can the learner create simple digital designs?,SCALE,3 — Independent|2 — With Prompt|1 — Needs Support|0 — Not Applicable,BASIC,false
HDMA,Computer Skills,HDMA-0335,Does the learner understand safe internet browsing practices?,SCALE,3 — Independent|2 — With Prompt|1 — Needs Support|0 — Not Applicable,BASIC,false
HDMA,Computer Skills,HDMA-0336,Can the learner identify unsafe websites or online behaviour?,SCALE,3 — Independent|2 — With Prompt|1 — Needs Support|0 — Not Applicable,BASIC,false
HDMA,Computer Skills,HDMA-0337,Can the learner use MS Word independently?,SCALE,3 — Independent|2 — With Prompt|1 — Needs Support|0 — Not Applicable,BASIC,false
HDMA,Computer Skills,HDMA-0338,Can the learner create and save documents?,SCALE,3 — Independent|2 — With Prompt|1 — Needs Support|0 — Not Applicable,BASIC,false
HDMA,Computer Skills,HDMA-0339,Can the learner understand basic HTML concepts?,SCALE,3 — Independent|2 — With Prompt|1 — Needs Support|0 — Not Applicable,BASIC,false
HDMA,Computer Skills,HDMA-0340,Can the learner organize files and folders?,SCALE,3 — Independent|2 — With Prompt|1 — Needs Support|0 — Not Applicable,BASIC,false
HDMA,Computer Skills,HDMA-0341,Can the learner use email or messaging platforms with supervision?,SCALE,3 — Independent|2 — With Prompt|1 — Needs Support|0 — Not Applicable,BASIC,false
HDMA,Computer Skills,HDMA-0342,Can the learner troubleshoot simple computer issues?,SCALE,3 — Independent|2 — With Prompt|1 — Needs Support|0 — Not Applicable,BASIC,false
HDMA,Activities of Daily Living,HDMA-0343,Can the learner crawl under obstacles safely?,SCALE,3 — Independent|2 — With Prompt|1 — Needs Support|0 — Not Applicable,BASIC,false
HDMA,Activities of Daily Living,HDMA-0344,Can the learner ride a bicycle?,SCALE,3 — Independent|2 — With Prompt|1 — Needs Support|0 — Not Applicable,BASIC,false
HDMA,Activities of Daily Living,HDMA-0345,Can the learner catch and throw a ball accurately?,SCALE,3 — Independent|2 — With Prompt|1 — Needs Support|0 — Not Applicable,BASIC,false
HDMA,Activities of Daily Living,HDMA-0346,Can the learner swim with appropriate supervision?,SCALE,3 — Independent|2 — With Prompt|1 — Needs Support|0 — Not Applicable,BASIC,false
HDMA,Activities of Daily Living,HDMA-0347,Can the learner cut along straight lines?,SCALE,3 — Independent|2 — With Prompt|1 — Needs Support|0 — Not Applicable,BASIC,false
HDMA,Activities of Daily Living,HDMA-0348,Can the learner cut simple shapes accurately?,SCALE,3 — Independent|2 — With Prompt|1 — Needs Support|0 — Not Applicable,BASIC,false
HDMA,Activities of Daily Living,HDMA-0349,Can the learner open sachets without spilling?,SCALE,3 — Independent|2 — With Prompt|1 — Needs Support|0 — Not Applicable,BASIC,false
HDMA,Activities of Daily Living,HDMA-0350,Can the learner use files or simple tools safely?,SCALE,3 — Independent|2 — With Prompt|1 — Needs Support|0 — Not Applicable,BASIC,false
HDMA,Activities of Daily Living,HDMA-0351,Can the learner sew using a needle with supervision?,SCALE,3 — Independent|2 — With Prompt|1 — Needs Support|0 — Not Applicable,BASIC,false
HDMA,Eating,HDMA-0352,Can the learner prepare a dining table independently?,SCALE,3 — Independent|2 — With Prompt|1 — Needs Support|0 — Not Applicable,BASIC,false
HDMA,Eating,HDMA-0353,Can the learner serve food appropriately?,SCALE,3 — Independent|2 — With Prompt|1 — Needs Support|0 — Not Applicable,BASIC,false
HDMA,Eating,HDMA-0354,Can the learner wash dishes after meals?,SCALE,3 — Independent|2 — With Prompt|1 — Needs Support|0 — Not Applicable,BASIC,false
HDMA,Eating,HDMA-0355,Can the learner clean the dining area after use?,SCALE,3 — Independent|2 — With Prompt|1 — Needs Support|0 — Not Applicable,BASIC,false
HDMA,Toileting,HDMA-0356,Can the learner identify the correct public toilet independently?,SCALE,3 — Independent|2 — With Prompt|1 — Needs Support|0 — Not Applicable,BASIC,false
HDMA,Toileting,HDMA-0357,Can the learner manage toileting hygiene in unfamiliar settings?,SCALE,3 — Independent|2 — With Prompt|1 — Needs Support|0 — Not Applicable,BASIC,false
HDMA,Dressing,HDMA-0358,Can the learner tie a bow or knot?,SCALE,3 — Independent|2 — With Prompt|1 — Needs Support|0 — Not Applicable,BASIC,false
HDMA,Dressing,HDMA-0359,Can the learner select appropriate clothes for different occasions?,SCALE,3 — Independent|2 — With Prompt|1 — Needs Support|0 — Not Applicable,BASIC,false
HDMA,Dressing,HDMA-0360,Can the learner wear accessories appropriately?,SCALE,3 — Independent|2 — With Prompt|1 — Needs Support|0 — Not Applicable,BASIC,false
HDMA,Dressing,HDMA-0361,Can the learner shampoo hair independently?,SCALE,3 — Independent|2 — With Prompt|1 — Needs Support|0 — Not Applicable,BASIC,false
HDMA,Dressing,HDMA-0362,Can the learner comb or plait hair appropriately?,SCALE,3 — Independent|2 — With Prompt|1 — Needs Support|0 — Not Applicable,BASIC,false
HDMA,Dressing,HDMA-0363,Can the learner maintain personal hygiene consistently?,SCALE,3 — Independent|2 — With Prompt|1 — Needs Support|0 — Not Applicable,BASIC,false
HDMA,Personality Development,HDMA-0364,Does the learner ask permission before using others' belongings?,SCALE,3 — Independent|2 — With Prompt|1 — Needs Support|0 — Not Applicable,BASIC,false
HDMA,Personality Development,HDMA-0365,Can the learner interact appropriately with people of different age groups?,SCALE,3 — Independent|2 — With Prompt|1 — Needs Support|0 — Not Applicable,BASIC,false
HDMA,Personality Development,HDMA-0366,Does the learner ask for help when needed?,SCALE,3 — Independent|2 — With Prompt|1 — Needs Support|0 — Not Applicable,BASIC,false
HDMA,Personality Development,HDMA-0367,Can the learner respond appropriately to greetings and festivals?,SCALE,3 — Independent|2 — With Prompt|1 — Needs Support|0 — Not Applicable,BASIC,false
HDMA,Personality Development,HDMA-0368,Does the learner participate actively in group activities?,SCALE,3 — Independent|2 — With Prompt|1 — Needs Support|0 — Not Applicable,BASIC,false
HDMA,Personality Development,HDMA-0369,Does the learner wear clothing suitable for different occasions?,SCALE,3 — Independent|2 — With Prompt|1 — Needs Support|0 — Not Applicable,BASIC,false
HDMA,Personality Development,HDMA-0370,Can the learner speak in front of an audience?,SCALE,3 — Independent|2 — With Prompt|1 — Needs Support|0 — Not Applicable,BASIC,false
HDMA,Personality Development,HDMA-0371,Does the learner attempt to manage stage fear through preparation?,SCALE,3 — Independent|2 — With Prompt|1 — Needs Support|0 — Not Applicable,BASIC,false
HDMA,Personality Development,HDMA-0372,Does the learner demonstrate self-confidence in new situations?,SCALE,3 — Independent|2 — With Prompt|1 — Needs Support|0 — Not Applicable,BASIC,false
HDMA,Personality Development,HDMA-0373,Can the learner accept constructive feedback positively?,SCALE,3 — Independent|2 — With Prompt|1 — Needs Support|0 — Not Applicable,BASIC,false
HDMA,Sex Education,HDMA-0374,Does the learner understand family relationships and belonging?,SCALE,3 — Independent|2 — With Prompt|1 — Needs Support|0 — Not Applicable,BASIC,false
HDMA,Sex Education,HDMA-0375,Can the learner identify healthy friendships?,SCALE,3 — Independent|2 — With Prompt|1 — Needs Support|0 — Not Applicable,BASIC,false
HDMA,Sex Education,HDMA-0376,Does the learner understand emotional safety in relationships?,SCALE,3 — Independent|2 — With Prompt|1 — Needs Support|0 — Not Applicable,BASIC,false
HDMA,Sex Education,HDMA-0377,Can the learner express feelings appropriately during conflicts?,SCALE,3 — Independent|2 — With Prompt|1 — Needs Support|0 — Not Applicable,BASIC,false
HDMA,Sex Education,HDMA-0378,Does the learner know whom to approach for help at home?,SCALE,3 — Independent|2 — With Prompt|1 — Needs Support|0 — Not Applicable,BASIC,false
HDMA,Sex Education,HDMA-0379,Does the learner know whom to approach for help at school?,SCALE,3 — Independent|2 — With Prompt|1 — Needs Support|0 — Not Applicable,BASIC,false
HDMA,Sex Education,HDMA-0380,Does the learner understand consent and personal boundaries?,SCALE,3 — Independent|2 — With Prompt|1 — Needs Support|0 — Not Applicable,BASIC,false
HDMA,Sex Education,HDMA-0381,Can the learner recognize unsafe situations?,SCALE,3 — Independent|2 — With Prompt|1 — Needs Support|0 — Not Applicable,BASIC,false
HDMA,Self-Advocacy,HDMA-0382,Does the learner understand personal rights and responsibilities?,SCALE,3 — Independent|2 — With Prompt|1 — Needs Support|0 — Not Applicable,BASIC,false
HDMA,Self-Advocacy,HDMA-0383,Can the learner express emotions appropriately?,SCALE,3 — Independent|2 — With Prompt|1 — Needs Support|0 — Not Applicable,BASIC,false
HDMA,Self-Advocacy,HDMA-0384,Can the learner communicate personal needs assertively?,SCALE,3 — Independent|2 — With Prompt|1 — Needs Support|0 — Not Applicable,BASIC,false
HDMA,Self-Advocacy,HDMA-0385,Does the learner understand inclusion and equal opportunities?,SCALE,3 — Independent|2 — With Prompt|1 — Needs Support|0 — Not Applicable,BASIC,false
HDMA,Self-Advocacy,HDMA-0386,Is the learner aware of available support services or accommodations?,SCALE,3 — Independent|2 — With Prompt|1 — Needs Support|0 — Not Applicable,BASIC,false
HDMA,Self-Advocacy,HDMA-0387,Can the learner identify situations where self-advocacy is needed?,SCALE,3 — Independent|2 — With Prompt|1 — Needs Support|0 — Not Applicable,BASIC,false
HDMA,Self-Advocacy,HDMA-0388,Does the learner seek help from the appropriate person when necessary?,SCALE,3 — Independent|2 — With Prompt|1 — Needs Support|0 — Not Applicable,BASIC,false
HDMA,Self-Advocacy,HDMA-0389,Can the learner make informed choices independently?,SCALE,3 — Independent|2 — With Prompt|1 — Needs Support|0 — Not Applicable,BASIC,false
HDMA,Safety,HDMA-0390,Can the learner use household appliances safely?,SCALE,3 — Independent|2 — With Prompt|1 — Needs Support|0 — Not Applicable,BASIC,false
HDMA,Safety,HDMA-0391,Can the learner manage emotions in stressful situations?,SCALE,3 — Independent|2 — With Prompt|1 — Needs Support|0 — Not Applicable,BASIC,false
HDMA,Safety,HDMA-0392,Does the learner report unsafe situations to adults?,SCALE,3 — Independent|2 — With Prompt|1 — Needs Support|0 — Not Applicable,BASIC,false
HDMA,Safety,HDMA-0393,Can the learner understand road signals and pedestrian rules?,SCALE,3 — Independent|2 — With Prompt|1 — Needs Support|0 — Not Applicable,BASIC,false
HDMA,Safety,HDMA-0394,Does the learner know what to do if lost in public?,SCALE,3 — Independent|2 — With Prompt|1 — Needs Support|0 — Not Applicable,BASIC,false
HDMA,Safety,HDMA-0395,Does the learner follow playground rules?,SCALE,3 — Independent|2 — With Prompt|1 — Needs Support|0 — Not Applicable,BASIC,false
HDMA,Safety,HDMA-0396,Can the learner demonstrate basic first-aid awareness?,SCALE,3 — Independent|2 — With Prompt|1 — Needs Support|0 — Not Applicable,BASIC,false
HDMA,Safety,HDMA-0397,Can the learner identify common workplace hazards?,SCALE,3 — Independent|2 — With Prompt|1 — Needs Support|0 — Not Applicable,BASIC,false
HDMA,Safety,HDMA-0398,Does the learner understand emergency procedures?,SCALE,3 — Independent|2 — With Prompt|1 — Needs Support|0 — Not Applicable,BASIC,false
HDMA,Safety,HDMA-0399,Does the learner follow a balanced diet?,SCALE,3 — Independent|2 — With Prompt|1 — Needs Support|0 — Not Applicable,BASIC,false
HDMA,Safety,HDMA-0400,Does the learner avoid excessive junk food?,SCALE,3 — Independent|2 — With Prompt|1 — Needs Support|0 — Not Applicable,BASIC,false
HDMA,Safety,HDMA-0401,Does the learner maintain healthy sleep habits?,SCALE,3 — Independent|2 — With Prompt|1 — Needs Support|0 — Not Applicable,BASIC,false
HDMA,Safety,HDMA-0402,Does the learner queue appropriately while boarding transport?,SCALE,3 — Independent|2 — With Prompt|1 — Needs Support|0 — Not Applicable,BASIC,false
HDMA,Safety,HDMA-0403,Does the learner use seat belts correctly?,SCALE,3 — Independent|2 — With Prompt|1 — Needs Support|0 — Not Applicable,BASIC,false
HDMA,Safety,HDMA-0404,Does the learner avoid unsafe areas during emergencies?,SCALE,3 — Independent|2 — With Prompt|1 — Needs Support|0 — Not Applicable,BASIC,false
HDMA,Safety,HDMA-0405,Does the learner understand basic disaster safety measures?,SCALE,3 — Independent|2 — With Prompt|1 — Needs Support|0 — Not Applicable,BASIC,false
HDMA,Financial Literacy,HDMA-0406,Can the learner type simple financial documents?,SCALE,3 — Independent|2 — With Prompt|1 — Needs Support|0 — Not Applicable,BASIC,false
HDMA,Financial Literacy,HDMA-0407,Can the learner use Excel for basic calculations?,SCALE,3 — Independent|2 — With Prompt|1 — Needs Support|0 — Not Applicable,BASIC,false
HDMA,Financial Literacy,HDMA-0408,Does the learner participate in planning raw material purchases?,SCALE,3 — Independent|2 — With Prompt|1 — Needs Support|0 — Not Applicable,BASIC,false
HDMA,Financial Literacy,HDMA-0409,Can the learner estimate the cost of materials?,SCALE,3 — Independent|2 — With Prompt|1 — Needs Support|0 — Not Applicable,BASIC,false
HDMA,Financial Literacy,HDMA-0410,Does the learner understand basic budgeting?,SCALE,3 — Independent|2 — With Prompt|1 — Needs Support|0 — Not Applicable,BASIC,false
HDMA,Financial Literacy,HDMA-0411,Can the learner calculate simple profit or loss?,SCALE,3 — Independent|2 — With Prompt|1 — Needs Support|0 — Not Applicable,BASIC,false
HDMA,Financial Literacy,HDMA-0412,Does the learner compare prices before purchasing?,SCALE,3 — Independent|2 — With Prompt|1 — Needs Support|0 — Not Applicable,BASIC,false
HDMA,Financial Literacy,HDMA-0413,Does the learner understand the importance of saving money?,SCALE,3 — Independent|2 — With Prompt|1 — Needs Support|0 — Not Applicable,BASIC,false
HDMA,Financial Literacy,HDMA-0414,Can the learner distinguish between needs and wants?,SCALE,3 — Independent|2 — With Prompt|1 — Needs Support|0 — Not Applicable,BASIC,false
HDMA,Soft Skills,HDMA-0415,Does the learner communicate assertively?,SCALE,3 — Independent|2 — With Prompt|1 — Needs Support|0 — Not Applicable,BASIC,false
HDMA,Soft Skills,HDMA-0416,Can the learner manage emotions while communicating?,SCALE,3 — Independent|2 — With Prompt|1 — Needs Support|0 — Not Applicable,BASIC,false
HDMA,Soft Skills,HDMA-0417,Does the learner participate in public speaking activities?,SCALE,3 — Independent|2 — With Prompt|1 — Needs Support|0 — Not Applicable,BASIC,false
HDMA,Soft Skills,HDMA-0418,Does the learner coordinate effectively with peers?,SCALE,3 — Independent|2 — With Prompt|1 — Needs Support|0 — Not Applicable,BASIC,false
HDMA,Soft Skills,HDMA-0419,Does the learner demonstrate empathy and sharing?,SCALE,3 — Independent|2 — With Prompt|1 — Needs Support|0 — Not Applicable,BASIC,false
HDMA,Soft Skills,HDMA-0420,Does the learner demonstrate discipline and self-management?,SCALE,3 — Independent|2 — With Prompt|1 — Needs Support|0 — Not Applicable,BASIC,false
HDMA,Soft Skills,HDMA-0421,Does the learner adapt to changes with confidence?,SCALE,3 — Independent|2 — With Prompt|1 — Needs Support|0 — Not Applicable,BASIC,false
HDMA,Soft Skills,HDMA-0422,Does the learner solve problems using observation and initiative?,SCALE,3 — Independent|2 — With Prompt|1 — Needs Support|0 — Not Applicable,BASIC,false
HDMA,Soft Skills,HDMA-0423,Does the learner persist until tasks are completed?,SCALE,3 — Independent|2 — With Prompt|1 — Needs Support|0 — Not Applicable,BASIC,false
HDMA,Soft Skills,HDMA-0424,Does the learner take responsibility for assigned tasks?,SCALE,3 — Independent|2 — With Prompt|1 — Needs Support|0 — Not Applicable,BASIC,false
HDMA,Soft Skills,HDMA-0425,Does the learner guide or support peers appropriately?,SCALE,3 — Independent|2 — With Prompt|1 — Needs Support|0 — Not Applicable,BASIC,false
HDMA,Soft Skills,HDMA-0426,Does the learner remain motivated and committed to tasks?,SCALE,3 — Independent|2 — With Prompt|1 — Needs Support|0 — Not Applicable,BASIC,false
HDMA,Soft Skills,HDMA-0427,Does the learner demonstrate accountability?,SCALE,3 — Independent|2 — With Prompt|1 — Needs Support|0 — Not Applicable,BASIC,false
HDMA,Soft Skills,HDMA-0428,Does the learner complete work within allotted time?,SCALE,3 — Independent|2 — With Prompt|1 — Needs Support|0 — Not Applicable,BASIC,false
HDMA,Soft Skills,HDMA-0429,Does the learner prioritize tasks effectively?,SCALE,3 — Independent|2 — With Prompt|1 — Needs Support|0 — Not Applicable,BASIC,false
HDMA,Physical Fitness,HDMA-0430,Does the learner perform warm-up exercises correctly?,SCALE,3 — Independent|2 — With Prompt|1 — Needs Support|0 — Not Applicable,BASIC,false
HDMA,Physical Fitness,HDMA-0431,Can the learner perform stretching exercises safely?,SCALE,3 — Independent|2 — With Prompt|1 — Needs Support|0 — Not Applicable,BASIC,false
HDMA,Physical Fitness,HDMA-0432,Does the learner maintain balance during activities?,SCALE,3 — Independent|2 — With Prompt|1 — Needs Support|0 — Not Applicable,BASIC,false
HDMA,Physical Fitness,HDMA-0433,Does the learner participate in team sports?,SCALE,3 — Independent|2 — With Prompt|1 — Needs Support|0 — Not Applicable,BASIC,false
HDMA,Physical Fitness,HDMA-0434,Can the learner jump and run safely?,SCALE,3 — Independent|2 — With Prompt|1 — Needs Support|0 — Not Applicable,BASIC,false
HDMA,Physical Fitness,HDMA-0435,Can the learner complete obstacle courses?,SCALE,3 — Independent|2 — With Prompt|1 — Needs Support|0 — Not Applicable,BASIC,false
HDMA,Physical Fitness,HDMA-0436,Does the learner demonstrate good posture during activities?,SCALE,3 — Independent|2 — With Prompt|1 — Needs Support|0 — Not Applicable,BASIC,false
HDMA,Physical Fitness,HDMA-0437,Can the learner coordinate movements effectively?,SCALE,3 — Independent|2 — With Prompt|1 — Needs Support|0 — Not Applicable,BASIC,false
HDMA,Vocational Exposure,HDMA-0438,Does the learner understand common vocational terminology?,SCALE,3 — Independent|2 — With Prompt|1 — Needs Support|0 — Not Applicable,BASIC,false
HDMA,Vocational Exposure,HDMA-0439,Does the learner follow safe work procedures?,SCALE,3 — Independent|2 — With Prompt|1 — Needs Support|0 — Not Applicable,BASIC,false
HDMA,Vocational Exposure,HDMA-0440,Does the learner assist in simple vocational activities?,SCALE,3 — Independent|2 — With Prompt|1 — Needs Support|0 — Not Applicable,BASIC,false
HDMA,Vocational Exposure,HDMA-0441,Can the learner organize tools or materials for work?,SCALE,3 — Independent|2 — With Prompt|1 — Needs Support|0 — Not Applicable,BASIC,false
HDMA,Vocational Exposure,HDMA-0442,Does the learner complete assigned vocational tasks with supervision?,SCALE,3 — Independent|2 — With Prompt|1 — Needs Support|0 — Not Applicable,BASIC,false
HDMA,Vocational Exposure,HDMA-0443,Does the learner demonstrate sustained attention during vocational tasks?,SCALE,3 — Independent|2 — With Prompt|1 — Needs Support|0 — Not Applicable,BASIC,false
HDMA,Vocational Exposure,HDMA-0444,Does the learner show interest in learning new vocational skills?,SCALE,3 — Independent|2 — With Prompt|1 — Needs Support|0 — Not Applicable,BASIC,false
HDMA,Vocational Exposure,HDMA-0445,Can the learner identify personal strengths related to work?,SCALE,3 — Independent|2 — With Prompt|1 — Needs Support|0 — Not Applicable,BASIC,false
HDMA,Vocational Exposure,HDMA-0446,Does the learner demonstrate responsibility while handling work materials?,SCALE,3 — Independent|2 — With Prompt|1 — Needs Support|0 — Not Applicable,BASIC,false
HDMA,Vocational Exposure,HDMA-0447,Does the learner follow workplace instructions consistently?,SCALE,3 — Independent|2 — With Prompt|1 — Needs Support|0 — Not Applicable,BASIC,false
HDMA,Independent Living & Community Participation,HDMA-0448,Can the learner prepare simple snacks independently?,SCALE,3 — Independent|2 — With Prompt|1 — Needs Support|0 — Not Applicable,BASIC,false
HDMA,Independent Living & Community Participation,HDMA-0449,Can the learner clean their room regularly?,SCALE,3 — Independent|2 — With Prompt|1 — Needs Support|0 — Not Applicable,BASIC,false
HDMA,Independent Living & Community Participation,HDMA-0450,Can the learner organize personal belongings without reminders?,SCALE,3 — Independent|2 — With Prompt|1 — Needs Support|0 — Not Applicable,BASIC,false
HDMA,Independent Living & Community Participation,HDMA-0451,Can the learner use household appliances safely?,SCALE,3 — Independent|2 — With Prompt|1 — Needs Support|0 — Not Applicable,BASIC,false
HDMA,Independent Living & Community Participation,HDMA-0452,Can the learner make simple purchases at a shop?,SCALE,3 — Independent|2 — With Prompt|1 — Needs Support|0 — Not Applicable,BASIC,false
HDMA,Independent Living & Community Participation,HDMA-0453,Can the learner ask for help from appropriate adults when needed?,SCALE,3 — Independent|2 — With Prompt|1 — Needs Support|0 — Not Applicable,BASIC,false
HDMA,Independent Living & Community Participation,HDMA-0454,"Can the learner identify important public services (hospital, police, bank)?",SCALE,3 — Independent|2 — With Prompt|1 — Needs Support|0 — Not Applicable,BASIC,false
HDMA,Independent Living & Community Participation,HDMA-0455,Can the learner follow community rules independently?,SCALE,3 — Independent|2 — With Prompt|1 — Needs Support|0 — Not Applicable,BASIC,false
HDMA,Independent Living & Community Participation,HDMA-0456,Can the learner identify common traffic signs?,SCALE,3 — Independent|2 — With Prompt|1 — Needs Support|0 — Not Applicable,BASIC,false
HDMA,Independent Living & Community Participation,HDMA-0457,Can the learner use pedestrian crossings safely?,SCALE,3 — Independent|2 — With Prompt|1 — Needs Support|0 — Not Applicable,BASIC,false
HDMA,Independent Living & Community Participation,HDMA-0458,Can the learner complete daily chores without reminders?,SCALE,3 — Independent|2 — With Prompt|1 — Needs Support|0 — Not Applicable,BASIC,false
HDMA,Independent Living & Community Participation,HDMA-0459,Can the learner care for shared resources responsibly?,SCALE,3 — Independent|2 — With Prompt|1 — Needs Support|0 — Not Applicable,BASIC,false
HDMA,Independent Living & Community Participation,HDMA-0460,Does the learner participate in clubs or extracurricular activities?,SCALE,3 — Independent|2 — With Prompt|1 — Needs Support|0 — Not Applicable,BASIC,false
HDMA,Independent Living & Community Participation,HDMA-0461,Can the learner maintain appropriate friendships?,SCALE,3 — Independent|2 — With Prompt|1 — Needs Support|0 — Not Applicable,BASIC,false
HDMA,Communication Skills,HDMA-0462,Can the learner understand public announcements and instructions?,SCALE,3 — Independent|2 — With Prompt|1 — Needs Support|0 — Not Applicable,INTERMEDIATE,false
HDMA,Communication Skills,HDMA-0463,"Can the learner understand humour, sarcasm, or emotional expressions in media?",SCALE,3 — Independent|2 — With Prompt|1 — Needs Support|0 — Not Applicable,INTERMEDIATE,false
HDMA,Communication Skills,HDMA-0464,Can the learner describe past events accurately?,SCALE,3 — Independent|2 — With Prompt|1 — Needs Support|0 — Not Applicable,INTERMEDIATE,false
HDMA,Communication Skills,HDMA-0465,Can the learner summarize current events or stories?,SCALE,3 — Independent|2 — With Prompt|1 — Needs Support|0 — Not Applicable,INTERMEDIATE,false
HDMA,Communication Skills,HDMA-0466,Can the learner present information confidently before an audience?,SCALE,3 — Independent|2 — With Prompt|1 — Needs Support|0 — Not Applicable,INTERMEDIATE,false
HDMA,Communication Skills,HDMA-0467,Can the learner anchor or host simple programs?,SCALE,3 — Independent|2 — With Prompt|1 — Needs Support|0 — Not Applicable,INTERMEDIATE,false
HDMA,Communication Skills,HDMA-0468,Can the learner answer audience questions appropriately?,SCALE,3 — Independent|2 — With Prompt|1 — Needs Support|0 — Not Applicable,INTERMEDIATE,false
HDMA,Communication Skills,HDMA-0469,Can the learner participate in group discussions?,SCALE,3 — Independent|2 — With Prompt|1 — Needs Support|0 — Not Applicable,INTERMEDIATE,false
HDMA,Communication Skills,HDMA-0470,Can the learner communicate professionally with unfamiliar people?,SCALE,3 — Independent|2 — With Prompt|1 — Needs Support|0 — Not Applicable,INTERMEDIATE,false
HDMA,Communication Skills,HDMA-0471,Can the learner adapt communication style based on the situation?,SCALE,3 — Independent|2 — With Prompt|1 — Needs Support|0 — Not Applicable,INTERMEDIATE,false
HDMA,Communication Skills,HDMA-0472,Can the learner express opinions respectfully?,SCALE,3 — Independent|2 — With Prompt|1 — Needs Support|0 — Not Applicable,INTERMEDIATE,false
HDMA,Communication Skills,HDMA-0473,Can the learner provide constructive feedback to others?,SCALE,3 — Independent|2 — With Prompt|1 — Needs Support|0 — Not Applicable,INTERMEDIATE,false
HDMA,Mathematical Skills,HDMA-0474,Can the learner identify and interpret patterns?,SCALE,3 — Independent|2 — With Prompt|1 — Needs Support|0 — Not Applicable,INTERMEDIATE,false
HDMA,Mathematical Skills,HDMA-0475,Can the learner understand and interpret data tables or graphs?,SCALE,3 — Independent|2 — With Prompt|1 — Needs Support|0 — Not Applicable,INTERMEDIATE,false
HDMA,Mathematical Skills,HDMA-0476,Can the learner use measurement concepts accurately?,SCALE,3 — Independent|2 — With Prompt|1 — Needs Support|0 — Not Applicable,INTERMEDIATE,false
HDMA,Mathematical Skills,HDMA-0477,Can the learner apply money concepts in daily situations?,SCALE,3 — Independent|2 — With Prompt|1 — Needs Support|0 — Not Applicable,INTERMEDIATE,false
HDMA,Mathematical Skills,HDMA-0478,Can the learner calculate fractions and proportions?,SCALE,3 — Independent|2 — With Prompt|1 — Needs Support|0 — Not Applicable,INTERMEDIATE,false
HDMA,Mathematical Skills,HDMA-0479,Can the learner estimate costs before purchasing?,SCALE,3 — Independent|2 — With Prompt|1 — Needs Support|0 — Not Applicable,INTERMEDIATE,false
HDMA,Mathematical Skills,HDMA-0480,Can the learner compare prices effectively?,SCALE,3 — Independent|2 — With Prompt|1 — Needs Support|0 — Not Applicable,INTERMEDIATE,false
HDMA,Mathematical Skills,HDMA-0481,Can the learner solve practical mathematical problems independently?,SCALE,3 — Independent|2 — With Prompt|1 — Needs Support|0 — Not Applicable,INTERMEDIATE,false
HDMA,Functional Academics,HDMA-0482,Can the learner compare prices from multiple sources before purchasing?,SCALE,3 — Independent|2 — With Prompt|1 — Needs Support|0 — Not Applicable,INTERMEDIATE,false
HDMA,Functional Academics,HDMA-0483,Can the learner compare the quality of products before making decisions?,SCALE,3 — Independent|2 — With Prompt|1 — Needs Support|0 — Not Applicable,INTERMEDIATE,false
HDMA,Functional Academics,HDMA-0484,Can the learner prepare shopping lists independently?,SCALE,3 — Independent|2 — With Prompt|1 — Needs Support|0 — Not Applicable,INTERMEDIATE,false
HDMA,Functional Academics,HDMA-0485,Can the learner track purchases accurately?,SCALE,3 — Independent|2 — With Prompt|1 — Needs Support|0 — Not Applicable,INTERMEDIATE,false
HDMA,Functional Academics,HDMA-0486,Can the learner perform typing tasks efficiently?,SCALE,3 — Independent|2 — With Prompt|1 — Needs Support|0 — Not Applicable,INTERMEDIATE,false
HDMA,Functional Academics,HDMA-0487,Can the learner complete computer-based vocational assignments?,SCALE,3 — Independent|2 — With Prompt|1 — Needs Support|0 — Not Applicable,INTERMEDIATE,false
HDMA,Functional Academics,HDMA-0488,Can the learner organize files or records independently?,SCALE,3 — Independent|2 — With Prompt|1 — Needs Support|0 — Not Applicable,INTERMEDIATE,false
HDMA,Functional Academics,HDMA-0489,Can the learner prepare simple reports or documentation?,SCALE,3 — Independent|2 — With Prompt|1 — Needs Support|0 — Not Applicable,INTERMEDIATE,false
HDMA,Computer Skills,HDMA-0490,Can the learner perform data entry using MS Excel?,SCALE,3 — Independent|2 — With Prompt|1 — Needs Support|0 — Not Applicable,INTERMEDIATE,false
HDMA,Computer Skills,HDMA-0491,Can the learner prepare presentations using PowerPoint?,SCALE,3 — Independent|2 — With Prompt|1 — Needs Support|0 — Not Applicable,INTERMEDIATE,false
HDMA,Computer Skills,HDMA-0492,Can the learner use digital tools to present information effectively?,SCALE,3 — Independent|2 — With Prompt|1 — Needs Support|0 — Not Applicable,INTERMEDIATE,false
HDMA,Computer Skills,HDMA-0493,Can the learner create basic graphic designs?,SCALE,3 — Independent|2 — With Prompt|1 — Needs Support|0 — Not Applicable,INTERMEDIATE,false
HDMA,Computer Skills,HDMA-0494,Can the learner develop original digital content?,SCALE,3 — Independent|2 — With Prompt|1 — Needs Support|0 — Not Applicable,INTERMEDIATE,false
HDMA,Computer Skills,HDMA-0495,Can the learner manage files and folders appropriately?,SCALE,3 — Independent|2 — With Prompt|1 — Needs Support|0 — Not Applicable,INTERMEDIATE,false
HDMA,Computer Skills,HDMA-0496,Can the learner use cloud-based storage or collaboration tools?,SCALE,3 — Independent|2 — With Prompt|1 — Needs Support|0 — Not Applicable,INTERMEDIATE,false
HDMA,Computer Skills,HDMA-0497,Can the learner identify cyber safety risks?,SCALE,3 — Independent|2 — With Prompt|1 — Needs Support|0 — Not Applicable,INTERMEDIATE,false
HDMA,Computer Skills,HDMA-0498,Can the learner use email professionally?,SCALE,3 — Independent|2 — With Prompt|1 — Needs Support|0 — Not Applicable,INTERMEDIATE,false
HDMA,Computer Skills,HDMA-0499,Can the learner troubleshoot basic computer issues independently?,SCALE,3 — Independent|2 — With Prompt|1 — Needs Support|0 — Not Applicable,INTERMEDIATE,false
HDMA,Activities of Daily Living,HDMA-0500,Does the learner participate regularly in fitness activities?,SCALE,3 — Independent|2 — With Prompt|1 — Needs Support|0 — Not Applicable,INTERMEDIATE,false
HDMA,Activities of Daily Living,HDMA-0501,Can the learner engage in sports independently?,SCALE,3 — Independent|2 — With Prompt|1 — Needs Support|0 — Not Applicable,INTERMEDIATE,false
HDMA,Activities of Daily Living,HDMA-0502,Can the learner swim safely?,SCALE,3 — Independent|2 — With Prompt|1 — Needs Support|0 — Not Applicable,INTERMEDIATE,false
HDMA,Activities of Daily Living,HDMA-0503,Can the learner ride a bicycle confidently?,SCALE,3 — Independent|2 — With Prompt|1 — Needs Support|0 — Not Applicable,INTERMEDIATE,false
HDMA,Activities of Daily Living,HDMA-0504,Can the learner complete beading activities efficiently?,SCALE,3 — Independent|2 — With Prompt|1 — Needs Support|0 — Not Applicable,INTERMEDIATE,false
HDMA,Activities of Daily Living,HDMA-0505,Can the learner perform sorting tasks accurately?,SCALE,3 — Independent|2 — With Prompt|1 — Needs Support|0 — Not Applicable,INTERMEDIATE,false
HDMA,Dressing,HDMA-0506,Does the learner dress appropriately for different situations?,SCALE,3 — Independent|2 — With Prompt|1 — Needs Support|0 — Not Applicable,INTERMEDIATE,false
HDMA,Dressing,HDMA-0507,Can the learner maintain appropriate appearance throughout the day?,SCALE,3 — Independent|2 — With Prompt|1 — Needs Support|0 — Not Applicable,INTERMEDIATE,false
HDMA,Dressing,HDMA-0508,Does the learner maintain personal hygiene independently?,SCALE,3 — Independent|2 — With Prompt|1 — Needs Support|0 — Not Applicable,INTERMEDIATE,false
HDMA,Dressing,HDMA-0509,Can the learner groom appropriately without reminders?,SCALE,3 — Independent|2 — With Prompt|1 — Needs Support|0 — Not Applicable,INTERMEDIATE,false
HDMA,Dressing,HDMA-0510,Can the learner prepare simple meals independently?,SCALE,3 — Independent|2 — With Prompt|1 — Needs Support|0 — Not Applicable,INTERMEDIATE,false
HDMA,Dressing,HDMA-0511,Can the learner organize personal belongings effectively?,SCALE,3 — Independent|2 — With Prompt|1 — Needs Support|0 — Not Applicable,INTERMEDIATE,false
HDMA,Personality Development,HDMA-0512,Does the learner seek help appropriately when bullied or teased?,SCALE,3 — Independent|2 — With Prompt|1 — Needs Support|0 — Not Applicable,INTERMEDIATE,false
HDMA,Personality Development,HDMA-0513,Can the learner handle phone conversations independently?,SCALE,3 — Independent|2 — With Prompt|1 — Needs Support|0 — Not Applicable,INTERMEDIATE,false
HDMA,Personality Development,HDMA-0514,Can the learner communicate effectively with caregivers or supervisors?,SCALE,3 — Independent|2 — With Prompt|1 — Needs Support|0 — Not Applicable,INTERMEDIATE,false
HDMA,Personality Development,HDMA-0515,Does the learner participate actively in teamwork?,SCALE,3 — Independent|2 — With Prompt|1 — Needs Support|0 — Not Applicable,INTERMEDIATE,false
HDMA,Personality Development,HDMA-0516,Does the learner demonstrate leadership during group activities?,SCALE,3 — Independent|2 — With Prompt|1 — Needs Support|0 — Not Applicable,INTERMEDIATE,false
HDMA,Personality Development,HDMA-0517,Can the learner speak confidently in public?,SCALE,3 — Independent|2 — With Prompt|1 — Needs Support|0 — Not Applicable,INTERMEDIATE,false
HDMA,Personality Development,HDMA-0518,Does the learner maintain appropriate body language?,SCALE,3 — Independent|2 — With Prompt|1 — Needs Support|0 — Not Applicable,INTERMEDIATE,false
HDMA,Personality Development,HDMA-0519,Does the learner maintain eye contact during conversations?,SCALE,3 — Independent|2 — With Prompt|1 — Needs Support|0 — Not Applicable,INTERMEDIATE,false
HDMA,Personality Development,HDMA-0520,Does the learner demonstrate self-motivation?,SCALE,3 — Independent|2 — With Prompt|1 — Needs Support|0 — Not Applicable,INTERMEDIATE,false
HDMA,Personality Development,HDMA-0521,Can the learner manage challenges without giving up?,SCALE,3 — Independent|2 — With Prompt|1 — Needs Support|0 — Not Applicable,INTERMEDIATE,false
HDMA,Personality Development,HDMA-0522,Does the learner maintain a healthy daily routine?,SCALE,3 — Independent|2 — With Prompt|1 — Needs Support|0 — Not Applicable,INTERMEDIATE,false
HDMA,Personality Development,HDMA-0523,Does the learner accept constructive criticism positively?,SCALE,3 — Independent|2 — With Prompt|1 — Needs Support|0 — Not Applicable,INTERMEDIATE,false
HDMA,Sex Education,HDMA-0524,Does the learner understand basic concepts of sexuality?,SCALE,3 — Independent|2 — With Prompt|1 — Needs Support|0 — Not Applicable,INTERMEDIATE,false
HDMA,Sex Education,HDMA-0525,Does the learner understand sexual orientation in an age-appropriate manner?,SCALE,3 — Independent|2 — With Prompt|1 — Needs Support|0 — Not Applicable,INTERMEDIATE,false
HDMA,Sex Education,HDMA-0526,Does the learner understand personal privacy?,SCALE,3 — Independent|2 — With Prompt|1 — Needs Support|0 — Not Applicable,INTERMEDIATE,false
HDMA,Sex Education,HDMA-0527,Does the learner dress appropriately for different settings?,SCALE,3 — Independent|2 — With Prompt|1 — Needs Support|0 — Not Applicable,INTERMEDIATE,false
HDMA,Sex Education,HDMA-0528,Can the learner recognize harassment or exploitation?,SCALE,3 — Independent|2 — With Prompt|1 — Needs Support|0 — Not Applicable,INTERMEDIATE,false
HDMA,Sex Education,HDMA-0529,Does the learner understand emotional safety in relationships?,SCALE,3 — Independent|2 — With Prompt|1 — Needs Support|0 — Not Applicable,INTERMEDIATE,false
HDMA,Sex Education,HDMA-0530,Can the learner manage topics related to masturbation privately and appropriately?,SCALE,3 — Independent|2 — With Prompt|1 — Needs Support|0 — Not Applicable,INTERMEDIATE,false
HDMA,Sex Education,HDMA-0531,Does the learner know how to seek help if uncomfortable?,SCALE,3 — Independent|2 — With Prompt|1 — Needs Support|0 — Not Applicable,INTERMEDIATE,false
HDMA,Self-Advocacy,HDMA-0532,Does the learner understand workplace inclusion?,SCALE,3 — Independent|2 — With Prompt|1 — Needs Support|0 — Not Applicable,INTERMEDIATE,false
HDMA,Self-Advocacy,HDMA-0533,Does the learner understand personal rights and responsibilities?,SCALE,3 — Independent|2 — With Prompt|1 — Needs Support|0 — Not Applicable,INTERMEDIATE,false
HDMA,Self-Advocacy,HDMA-0534,Can the learner speak about personal needs confidently?,SCALE,3 — Independent|2 — With Prompt|1 — Needs Support|0 — Not Applicable,INTERMEDIATE,false
HDMA,Self-Advocacy,HDMA-0535,Can the learner communicate challenges appropriately?,SCALE,3 — Independent|2 — With Prompt|1 — Needs Support|0 — Not Applicable,INTERMEDIATE,false
HDMA,Self-Advocacy,HDMA-0536,Can the learner request accommodations when needed?,SCALE,3 — Independent|2 — With Prompt|1 — Needs Support|0 — Not Applicable,INTERMEDIATE,false
HDMA,Self-Advocacy,HDMA-0537,Does the learner advocate for peers appropriately?,SCALE,3 — Independent|2 — With Prompt|1 — Needs Support|0 — Not Applicable,INTERMEDIATE,false
HDMA,Self-Advocacy,HDMA-0538,Can the learner make independent decisions?,SCALE,3 — Independent|2 — With Prompt|1 — Needs Support|0 — Not Applicable,INTERMEDIATE,false
HDMA,Self-Advocacy,HDMA-0539,Does the learner understand the importance of self-determination?,SCALE,3 — Independent|2 — With Prompt|1 — Needs Support|0 — Not Applicable,INTERMEDIATE,false
HDMA,Self-Advocacy,HDMA-0540,Can the learner refuse inappropriate requests assertively?,SCALE,3 — Independent|2 — With Prompt|1 — Needs Support|0 — Not Applicable,INTERMEDIATE,false
HDMA,Safety,HDMA-0541,Does the learner maintain cleanliness at home?,SCALE,3 — Independent|2 — With Prompt|1 — Needs Support|0 — Not Applicable,INTERMEDIATE,false
HDMA,Safety,HDMA-0542,Can the learner use appliances safely?,SCALE,3 — Independent|2 — With Prompt|1 — Needs Support|0 — Not Applicable,INTERMEDIATE,false
HDMA,Safety,HDMA-0543,Does the learner know basic first aid procedures?,SCALE,3 — Independent|2 — With Prompt|1 — Needs Support|0 — Not Applicable,INTERMEDIATE,false
HDMA,Safety,HDMA-0544,Does the learner follow institutional safety policies?,SCALE,3 — Independent|2 — With Prompt|1 — Needs Support|0 — Not Applicable,INTERMEDIATE,false
HDMA,Safety,HDMA-0545,Does the learner practice online safety?,SCALE,3 — Independent|2 — With Prompt|1 — Needs Support|0 — Not Applicable,INTERMEDIATE,false
HDMA,Safety,HDMA-0546,Does the learner avoid sharing personal information with strangers?,SCALE,3 — Independent|2 — With Prompt|1 — Needs Support|0 — Not Applicable,INTERMEDIATE,false
HDMA,Safety,HDMA-0547,Does the learner respond appropriately to injuries?,SCALE,3 — Independent|2 — With Prompt|1 — Needs Support|0 — Not Applicable,INTERMEDIATE,false
HDMA,Safety,HDMA-0548,Does the learner demonstrate safe play practices?,SCALE,3 — Independent|2 — With Prompt|1 — Needs Support|0 — Not Applicable,INTERMEDIATE,false
HDMA,Safety,HDMA-0549,Can the learner identify workplace hazards?,SCALE,3 — Independent|2 — With Prompt|1 — Needs Support|0 — Not Applicable,INTERMEDIATE,false
HDMA,Safety,HDMA-0550,Does the learner understand bullying policies?,SCALE,3 — Independent|2 — With Prompt|1 — Needs Support|0 — Not Applicable,INTERMEDIATE,false
HDMA,Safety,HDMA-0551,Does the learner follow workplace codes of conduct?,SCALE,3 — Independent|2 — With Prompt|1 — Needs Support|0 — Not Applicable,INTERMEDIATE,false
HDMA,Safety,HDMA-0552,Does the learner maintain healthy eating habits?,SCALE,3 — Independent|2 — With Prompt|1 — Needs Support|0 — Not Applicable,INTERMEDIATE,false
HDMA,Safety,HDMA-0553,Does the learner exercise regularly?,SCALE,3 — Independent|2 — With Prompt|1 — Needs Support|0 — Not Applicable,INTERMEDIATE,false
HDMA,Safety,HDMA-0554,Does the learner maintain healthy sleep routines?,SCALE,3 — Independent|2 — With Prompt|1 — Needs Support|0 — Not Applicable,INTERMEDIATE,false
HDMA,Safety,HDMA-0555,Can the learner use mobility aids appropriately if required?,SCALE,3 — Independent|2 — With Prompt|1 — Needs Support|0 — Not Applicable,INTERMEDIATE,false
HDMA,Safety,HDMA-0556,Does the learner follow transport safety protocols?,SCALE,3 — Independent|2 — With Prompt|1 — Needs Support|0 — Not Applicable,INTERMEDIATE,false
HDMA,Safety,HDMA-0557,Does the learner understand emergency evacuation procedures?,SCALE,3 — Independent|2 — With Prompt|1 — Needs Support|0 — Not Applicable,INTERMEDIATE,false
HDMA,Safety,HDMA-0558,Can the learner respond appropriately during emergencies?,SCALE,3 — Independent|2 — With Prompt|1 — Needs Support|0 — Not Applicable,INTERMEDIATE,false
HDMA,Financial Literacy,HDMA-0559,Does the learner understand how expenses affect savings?,SCALE,3 — Independent|2 — With Prompt|1 — Needs Support|0 — Not Applicable,INTERMEDIATE,false
HDMA,Financial Literacy,HDMA-0560,Can the learner explain the relationship between income and expenditure?,SCALE,3 — Independent|2 — With Prompt|1 — Needs Support|0 — Not Applicable,INTERMEDIATE,false
HDMA,Financial Literacy,HDMA-0561,Does the learner understand identity protection?,SCALE,3 — Independent|2 — With Prompt|1 — Needs Support|0 — Not Applicable,INTERMEDIATE,false
HDMA,Financial Literacy,HDMA-0562,Can the learner identify safe digital transactions?,SCALE,3 — Independent|2 — With Prompt|1 — Needs Support|0 — Not Applicable,INTERMEDIATE,false
HDMA,Financial Literacy,HDMA-0563,Does the learner understand basic profit-making concepts?,SCALE,3 — Independent|2 — With Prompt|1 — Needs Support|0 — Not Applicable,INTERMEDIATE,false
HDMA,Financial Literacy,HDMA-0564,Can the learner make informed purchasing decisions?,SCALE,3 — Independent|2 — With Prompt|1 — Needs Support|0 — Not Applicable,INTERMEDIATE,false
HDMA,Financial Literacy,HDMA-0565,Does the learner demonstrate basic marketing awareness?,SCALE,3 — Independent|2 — With Prompt|1 — Needs Support|0 — Not Applicable,INTERMEDIATE,false
HDMA,Financial Literacy,HDMA-0566,Can the learner compare financial alternatives before making decisions?,SCALE,3 — Independent|2 — With Prompt|1 — Needs Support|0 — Not Applicable,INTERMEDIATE,false
HDMA,Financial Literacy,HDMA-0567,Can the learner prepare a simple budget?,SCALE,3 — Independent|2 — With Prompt|1 — Needs Support|0 — Not Applicable,INTERMEDIATE,false
HDMA,Soft Skills,HDMA-0568,Does the learner communicate assertively?,SCALE,3 — Independent|2 — With Prompt|1 — Needs Support|0 — Not Applicable,INTERMEDIATE,false
HDMA,Soft Skills,HDMA-0569,Does the learner communicate empathetically?,SCALE,3 — Independent|2 — With Prompt|1 — Needs Support|0 — Not Applicable,INTERMEDIATE,false
HDMA,Soft Skills,HDMA-0570,Can the learner adapt communication to different situations?,SCALE,3 — Independent|2 — With Prompt|1 — Needs Support|0 — Not Applicable,INTERMEDIATE,false
HDMA,Soft Skills,HDMA-0571,Does the learner collaborate effectively with peers?,SCALE,3 — Independent|2 — With Prompt|1 — Needs Support|0 — Not Applicable,INTERMEDIATE,false
HDMA,Soft Skills,HDMA-0572,Does the learner share ideas constructively?,SCALE,3 — Independent|2 — With Prompt|1 — Needs Support|0 — Not Applicable,INTERMEDIATE,false
HDMA,Soft Skills,HDMA-0573,Does the learner support teammates during projects?,SCALE,3 — Independent|2 — With Prompt|1 — Needs Support|0 — Not Applicable,INTERMEDIATE,false
HDMA,Soft Skills,HDMA-0574,Can the learner prioritize tasks appropriately?,SCALE,3 — Independent|2 — With Prompt|1 — Needs Support|0 — Not Applicable,INTERMEDIATE,false
HDMA,Soft Skills,HDMA-0575,Does the learner set achievable goals?,SCALE,3 — Independent|2 — With Prompt|1 — Needs Support|0 — Not Applicable,INTERMEDIATE,false
HDMA,Soft Skills,HDMA-0576,Can the learner complete work within deadlines?,SCALE,3 — Independent|2 — With Prompt|1 — Needs Support|0 — Not Applicable,INTERMEDIATE,false
HDMA,Soft Skills,HDMA-0577,Does the learner use logical thinking to solve problems?,SCALE,3 — Independent|2 — With Prompt|1 — Needs Support|0 — Not Applicable,INTERMEDIATE,false
HDMA,Soft Skills,HDMA-0578,Does the learner observe carefully before making decisions?,SCALE,3 — Independent|2 — With Prompt|1 — Needs Support|0 — Not Applicable,INTERMEDIATE,false
HDMA,Soft Skills,HDMA-0579,Does the learner guide others effectively?,SCALE,3 — Independent|2 — With Prompt|1 — Needs Support|0 — Not Applicable,INTERMEDIATE,false
HDMA,Soft Skills,HDMA-0580,Can the learner delegate responsibilities appropriately?,SCALE,3 — Independent|2 — With Prompt|1 — Needs Support|0 — Not Applicable,INTERMEDIATE,false
HDMA,Soft Skills,HDMA-0581,Does the learner plan activities successfully?,SCALE,3 — Independent|2 — With Prompt|1 — Needs Support|0 — Not Applicable,INTERMEDIATE,false
HDMA,Soft Skills,HDMA-0582,Is the learner punctual?,SCALE,3 — Independent|2 — With Prompt|1 — Needs Support|0 — Not Applicable,INTERMEDIATE,false
HDMA,Soft Skills,HDMA-0583,Does the learner demonstrate commitment and reliability?,SCALE,3 — Independent|2 — With Prompt|1 — Needs Support|0 — Not Applicable,INTERMEDIATE,false
HDMA,Soft Skills,HDMA-0584,Does the learner take responsibility for assigned work?,SCALE,3 — Independent|2 — With Prompt|1 — Needs Support|0 — Not Applicable,INTERMEDIATE,false
HDMA,Physical Fitness,HDMA-0585,Does the learner participate in jogging or walking regularly?,SCALE,3 — Independent|2 — With Prompt|1 — Needs Support|0 — Not Applicable,INTERMEDIATE,false
HDMA,Physical Fitness,HDMA-0586,Does the learner perform stretching exercises correctly?,SCALE,3 — Independent|2 — With Prompt|1 — Needs Support|0 — Not Applicable,INTERMEDIATE,false
HDMA,Physical Fitness,HDMA-0587,Does the learner participate in team sports?,SCALE,3 — Independent|2 — With Prompt|1 — Needs Support|0 — Not Applicable,INTERMEDIATE,false
HDMA,Physical Fitness,HDMA-0588,Does the learner perform muscle-strengthening exercises?,SCALE,3 — Independent|2 — With Prompt|1 — Needs Support|0 — Not Applicable,INTERMEDIATE,false
HDMA,Physical Fitness,HDMA-0589,Does the learner maintain good posture?,SCALE,3 — Independent|2 — With Prompt|1 — Needs Support|0 — Not Applicable,INTERMEDIATE,false
HDMA,Physical Fitness,HDMA-0590,Does the learner perform flexibility exercises?,SCALE,3 — Independent|2 — With Prompt|1 — Needs Support|0 — Not Applicable,INTERMEDIATE,false
HDMA,Physical Fitness,HDMA-0591,Does the learner participate in partner fitness activities?,SCALE,3 — Independent|2 — With Prompt|1 — Needs Support|0 — Not Applicable,INTERMEDIATE,false
HDMA,Physical Fitness,HDMA-0592,Does the learner engage in indoor and outdoor sports regularly?,SCALE,3 — Independent|2 — With Prompt|1 — Needs Support|0 — Not Applicable,INTERMEDIATE,false
HDMA,Vocational Exposure,HDMA-0593,Has the learner been introduced to advanced vocational options?,SCALE,3 — Independent|2 — With Prompt|1 — Needs Support|0 — Not Applicable,INTERMEDIATE,false
HDMA,Vocational Exposure,HDMA-0594,Can the learner integrate financial literacy into vocational tasks?,SCALE,3 — Independent|2 — With Prompt|1 — Needs Support|0 — Not Applicable,INTERMEDIATE,false
HDMA,Vocational Exposure,HDMA-0595,Can the learner calculate product pricing?,SCALE,3 — Independent|2 — With Prompt|1 — Needs Support|0 — Not Applicable,INTERMEDIATE,false
HDMA,Vocational Exposure,HDMA-0596,Can the learner estimate production costs?,SCALE,3 — Independent|2 — With Prompt|1 — Needs Support|0 — Not Applicable,INTERMEDIATE,false
HDMA,Vocational Exposure,HDMA-0597,Can the learner perform basic sales transactions?,SCALE,3 — Independent|2 — With Prompt|1 — Needs Support|0 — Not Applicable,INTERMEDIATE,false
HDMA,Vocational Exposure,HDMA-0598,Can the learner organize work materials independently?,SCALE,3 — Independent|2 — With Prompt|1 — Needs Support|0 — Not Applicable,INTERMEDIATE,false
HDMA,Vocational Exposure,HDMA-0599,Can the learner follow workplace safety procedures?,SCALE,3 — Independent|2 — With Prompt|1 — Needs Support|0 — Not Applicable,INTERMEDIATE,false
HDMA,Vocational Exposure,HDMA-0600,Can the learner complete assigned vocational tasks with minimal supervision?,SCALE,3 — Independent|2 — With Prompt|1 — Needs Support|0 — Not Applicable,INTERMEDIATE,false
HDMA,Vocational Exposure,HDMA-0601,Does the learner demonstrate responsibility toward workplace equipment?,SCALE,3 — Independent|2 — With Prompt|1 — Needs Support|0 — Not Applicable,INTERMEDIATE,false
HDMA,Vocational Exposure,HDMA-0602,Can the learner identify personal vocational strengths and interests?,SCALE,3 — Independent|2 — With Prompt|1 — Needs Support|0 — Not Applicable,INTERMEDIATE,false
HDMA,Vocational Exposure,HDMA-0603,Does the learner show initiative in learning new vocational skills?,SCALE,3 — Independent|2 — With Prompt|1 — Needs Support|0 — Not Applicable,INTERMEDIATE,false
HDMA,Vocational Exposure,HDMA-0604,Can the learner work productively within a team environment?,SCALE,3 — Independent|2 — With Prompt|1 — Needs Support|0 — Not Applicable,INTERMEDIATE,false
HDMA,Independent Living,HDMA-0605,Can the learner prepare simple meals independently?,SCALE,3 — Independent|2 — With Prompt|1 — Needs Support|0 — Not Applicable,INTERMEDIATE,false
HDMA,Independent Living,HDMA-0606,Can the learner manage laundry tasks?,SCALE,3 — Independent|2 — With Prompt|1 — Needs Support|0 — Not Applicable,INTERMEDIATE,false
HDMA,Independent Living,HDMA-0607,Can the learner clean and maintain living spaces?,SCALE,3 — Independent|2 — With Prompt|1 — Needs Support|0 — Not Applicable,INTERMEDIATE,false
HDMA,Independent Living,HDMA-0608,Can the learner follow a personal daily schedule independently?,SCALE,3 — Independent|2 — With Prompt|1 — Needs Support|0 — Not Applicable,INTERMEDIATE,false
HDMA,Independent Living,HDMA-0609,Can the learner travel short distances independently?,SCALE,3 — Independent|2 — With Prompt|1 — Needs Support|0 — Not Applicable,INTERMEDIATE,false
HDMA,Independent Living,HDMA-0610,Can the learner use public transportation safely?,SCALE,3 — Independent|2 — With Prompt|1 — Needs Support|0 — Not Applicable,INTERMEDIATE,false
HDMA,Independent Living,HDMA-0611,Can the learner locate important community facilities?,SCALE,3 — Independent|2 — With Prompt|1 — Needs Support|0 — Not Applicable,INTERMEDIATE,false
HDMA,Independent Living,HDMA-0612,Can the learner ask for information when required?,SCALE,3 — Independent|2 — With Prompt|1 — Needs Support|0 — Not Applicable,INTERMEDIATE,false
HDMA,Independent Living,HDMA-0613,Does the learner participate in volunteer or community activities?,SCALE,3 — Independent|2 — With Prompt|1 — Needs Support|0 — Not Applicable,INTERMEDIATE,false
HDMA,Independent Living,HDMA-0614,Can the learner follow rules in public institutions?,SCALE,3 — Independent|2 — With Prompt|1 — Needs Support|0 — Not Applicable,INTERMEDIATE,false
HDMA,Independent Living,HDMA-0615,Can the learner maintain healthy friendships?,SCALE,3 — Independent|2 — With Prompt|1 — Needs Support|0 — Not Applicable,INTERMEDIATE,false
HDMA,Independent Living,HDMA-0616,Can the learner participate in group discussions appropriately?,SCALE,3 — Independent|2 — With Prompt|1 — Needs Support|0 — Not Applicable,INTERMEDIATE,false
HDMA,Independent Living,HDMA-0617,Can the learner manage personal appointments?,SCALE,3 — Independent|2 — With Prompt|1 — Needs Support|0 — Not Applicable,INTERMEDIATE,false
HDMA,Independent Living,HDMA-0618,Can the learner remember important dates or commitments?,SCALE,3 — Independent|2 — With Prompt|1 — Needs Support|0 — Not Applicable,INTERMEDIATE,false
HDMA,Communication Skills,HDMA-0619,Does the learner use formal and professional language appropriately?,SCALE,3 — Independent|2 — With Prompt|1 — Needs Support|0 — Not Applicable,ADVANCED,false
HDMA,Communication Skills,HDMA-0620,Can the learner communicate respectfully with colleagues and supervisors?,SCALE,3 — Independent|2 — With Prompt|1 — Needs Support|0 — Not Applicable,ADVANCED,false
HDMA,Communication Skills,HDMA-0621,Can the learner communicate effectively with government officials or authorities?,SCALE,3 — Independent|2 — With Prompt|1 — Needs Support|0 — Not Applicable,ADVANCED,false
HDMA,Communication Skills,HDMA-0622,Can the learner handle formal telephone conversations independently?,SCALE,3 — Independent|2 — With Prompt|1 — Needs Support|0 — Not Applicable,ADVANCED,false
HDMA,Communication Skills,HDMA-0623,Can the learner participate confidently in job interviews?,SCALE,3 — Independent|2 — With Prompt|1 — Needs Support|0 — Not Applicable,ADVANCED,false
HDMA,Communication Skills,HDMA-0624,Can the learner describe personal strengths and achievements?,SCALE,3 — Independent|2 — With Prompt|1 — Needs Support|0 — Not Applicable,ADVANCED,false
HDMA,Communication Skills,HDMA-0625,Can the learner discuss current affairs or world events?,SCALE,3 — Independent|2 — With Prompt|1 — Needs Support|0 — Not Applicable,ADVANCED,false
HDMA,Communication Skills,HDMA-0626,Can the learner initiate and maintain small talk appropriately?,SCALE,3 — Independent|2 — With Prompt|1 — Needs Support|0 — Not Applicable,ADVANCED,false
HDMA,Communication Skills,HDMA-0627,Can the learner deliver a concise elevator pitch about themselves?,SCALE,3 — Independent|2 — With Prompt|1 — Needs Support|0 — Not Applicable,ADVANCED,false
HDMA,Communication Skills,HDMA-0628,Can the learner write professional emails or messages?,SCALE,3 — Independent|2 — With Prompt|1 — Needs Support|0 — Not Applicable,ADVANCED,false
HDMA,Communication Skills,HDMA-0629,Can the learner participate effectively in meetings?,SCALE,3 — Independent|2 — With Prompt|1 — Needs Support|0 — Not Applicable,ADVANCED,false
HDMA,Communication Skills,HDMA-0630,Can the learner resolve misunderstandings through communication?,SCALE,3 — Independent|2 — With Prompt|1 — Needs Support|0 — Not Applicable,ADVANCED,false
HDMA,Mathematical Skills,HDMA-0631,Can the learner interpret patterns and trends in data?,SCALE,3 — Independent|2 — With Prompt|1 — Needs Support|0 — Not Applicable,ADVANCED,false
HDMA,Mathematical Skills,HDMA-0632,Can the learner apply measurement concepts in vocational tasks?,SCALE,3 — Independent|2 — With Prompt|1 — Needs Support|0 — Not Applicable,ADVANCED,false
HDMA,Mathematical Skills,HDMA-0633,Can the learner use money concepts accurately in daily life?,SCALE,3 — Independent|2 — With Prompt|1 — Needs Support|0 — Not Applicable,ADVANCED,false
HDMA,Mathematical Skills,HDMA-0634,Can the learner calculate fractions and proportions in practical situations?,SCALE,3 — Independent|2 — With Prompt|1 — Needs Support|0 — Not Applicable,ADVANCED,false
HDMA,Mathematical Skills,HDMA-0635,Can the learner estimate costs before purchasing?,SCALE,3 — Independent|2 — With Prompt|1 — Needs Support|0 — Not Applicable,ADVANCED,false
HDMA,Mathematical Skills,HDMA-0636,"Can the learner calculate discounts, taxes, or percentages?",SCALE,3 — Independent|2 — With Prompt|1 — Needs Support|0 — Not Applicable,ADVANCED,false
HDMA,Mathematical Skills,HDMA-0637,Can the learner prepare simple financial calculations independently?,SCALE,3 — Independent|2 — With Prompt|1 — Needs Support|0 — Not Applicable,ADVANCED,false
HDMA,Mathematical Skills,HDMA-0638,Can the learner interpret graphs or charts related to work?,SCALE,3 — Independent|2 — With Prompt|1 — Needs Support|0 — Not Applicable,ADVANCED,false
HDMA,Functional Academics,HDMA-0639,Can the learner compare material costs from multiple suppliers?,SCALE,3 — Independent|2 — With Prompt|1 — Needs Support|0 — Not Applicable,ADVANCED,false
HDMA,Functional Academics,HDMA-0640,Can the learner compare product quality before purchasing?,SCALE,3 — Independent|2 — With Prompt|1 — Needs Support|0 — Not Applicable,ADVANCED,false
HDMA,Functional Academics,HDMA-0641,Can the learner prepare shopping lists independently?,SCALE,3 — Independent|2 — With Prompt|1 — Needs Support|0 — Not Applicable,ADVANCED,false
HDMA,Functional Academics,HDMA-0642,Can the learner verify purchases against invoices or receipts?,SCALE,3 — Independent|2 — With Prompt|1 — Needs Support|0 — Not Applicable,ADVANCED,false
HDMA,Functional Academics,HDMA-0643,Can the learner perform typing tasks accurately and efficiently?,SCALE,3 — Independent|2 — With Prompt|1 — Needs Support|0 — Not Applicable,ADVANCED,false
HDMA,Functional Academics,HDMA-0644,Can the learner complete computer-based vocational assignments independently?,SCALE,3 — Independent|2 — With Prompt|1 — Needs Support|0 — Not Applicable,ADVANCED,false
HDMA,Functional Academics,HDMA-0645,Can the learner prepare inventories or stock records?,SCALE,3 — Independent|2 — With Prompt|1 — Needs Support|0 — Not Applicable,ADVANCED,false
HDMA,Functional Academics,HDMA-0646,Can the learner maintain documentation for vocational work?,SCALE,3 — Independent|2 — With Prompt|1 — Needs Support|0 — Not Applicable,ADVANCED,false
HDMA,Functional Academics,HDMA-0647,Can the learner follow written workplace procedures independently?,SCALE,3 — Independent|2 — With Prompt|1 — Needs Support|0 — Not Applicable,ADVANCED,false
HDMA,Computer Skills,HDMA-0648,Can the learner use MS Excel for data management?,SCALE,3 — Independent|2 — With Prompt|1 — Needs Support|0 — Not Applicable,ADVANCED,false
HDMA,Computer Skills,HDMA-0649,Can the learner automate simple tasks using spreadsheets?,SCALE,3 — Independent|2 — With Prompt|1 — Needs Support|0 — Not Applicable,ADVANCED,false
HDMA,Computer Skills,HDMA-0650,Can the learner create PowerPoint presentations independently?,SCALE,3 — Independent|2 — With Prompt|1 — Needs Support|0 — Not Applicable,ADVANCED,false
HDMA,Computer Skills,HDMA-0651,"Can the learner use basic programming concepts (R, Python, Scratch, etc.)?",SCALE,3 — Independent|2 — With Prompt|1 — Needs Support|0 — Not Applicable,ADVANCED,false
HDMA,Computer Skills,HDMA-0652,Can the learner perform simple data analysis?,SCALE,3 — Independent|2 — With Prompt|1 — Needs Support|0 — Not Applicable,ADVANCED,false
HDMA,Computer Skills,HDMA-0653,Can the learner create graphs or visualizations?,SCALE,3 — Independent|2 — With Prompt|1 — Needs Support|0 — Not Applicable,ADVANCED,false
HDMA,Computer Skills,HDMA-0654,Can the learner develop original digital designs?,SCALE,3 — Independent|2 — With Prompt|1 — Needs Support|0 — Not Applicable,ADVANCED,false
HDMA,Computer Skills,HDMA-0655,"Can the learner use online collaboration tools (Google Docs, Teams, etc.)?",SCALE,3 — Independent|2 — With Prompt|1 — Needs Support|0 — Not Applicable,ADVANCED,false
HDMA,Computer Skills,HDMA-0656,Can the learner identify cyber threats and protect personal information?,SCALE,3 — Independent|2 — With Prompt|1 — Needs Support|0 — Not Applicable,ADVANCED,false
HDMA,Computer Skills,HDMA-0657,Can the learner use AI tools responsibly for learning or work?,SCALE,3 — Independent|2 — With Prompt|1 — Needs Support|0 — Not Applicable,ADVANCED,false
HDMA,Computer Skills,HDMA-0658,Can the learner troubleshoot common software issues independently?,SCALE,3 — Independent|2 — With Prompt|1 — Needs Support|0 — Not Applicable,ADVANCED,false
HDMA,Activities of Daily Living,HDMA-0659,Does the learner participate regularly in fitness activities?,SCALE,3 — Independent|2 — With Prompt|1 — Needs Support|0 — Not Applicable,ADVANCED,false
HDMA,Activities of Daily Living,HDMA-0660,Can the learner swim safely?,SCALE,3 — Independent|2 — With Prompt|1 — Needs Support|0 — Not Applicable,ADVANCED,false
HDMA,Activities of Daily Living,HDMA-0661,Can the learner ride a bicycle independently?,SCALE,3 — Independent|2 — With Prompt|1 — Needs Support|0 — Not Applicable,ADVANCED,false
HDMA,Activities of Daily Living,HDMA-0662,Does the learner participate in recreational sports?,SCALE,3 — Independent|2 — With Prompt|1 — Needs Support|0 — Not Applicable,ADVANCED,false
HDMA,Activities of Daily Living,HDMA-0663,Can the learner perform detailed fine motor tasks accurately?,SCALE,3 — Independent|2 — With Prompt|1 — Needs Support|0 — Not Applicable,ADVANCED,false
HDMA,Activities of Daily Living,HDMA-0664,Can the learner sort or assemble materials efficiently?,SCALE,3 — Independent|2 — With Prompt|1 — Needs Support|0 — Not Applicable,ADVANCED,false
HDMA,Dressing & Grooming,HDMA-0665,Does the learner dress appropriately for work and social occasions?,SCALE,3 — Independent|2 — With Prompt|1 — Needs Support|0 — Not Applicable,ADVANCED,false
HDMA,Dressing & Grooming,HDMA-0666,Does the learner maintain personal grooming independently?,SCALE,3 — Independent|2 — With Prompt|1 — Needs Support|0 — Not Applicable,ADVANCED,false
HDMA,Dressing & Grooming,HDMA-0667,Does the learner maintain hygiene consistently?,SCALE,3 — Independent|2 — With Prompt|1 — Needs Support|0 — Not Applicable,ADVANCED,false
HDMA,Independent Living,HDMA-0668,Can the learner prepare simple meals independently?,SCALE,3 — Independent|2 — With Prompt|1 — Needs Support|0 — Not Applicable,ADVANCED,false
HDMA,Independent Living,HDMA-0669,Can the learner clean and organize living spaces?,SCALE,3 — Independent|2 — With Prompt|1 — Needs Support|0 — Not Applicable,ADVANCED,false
HDMA,Independent Living,HDMA-0670,Can the learner wash clothes and manage laundry?,SCALE,3 — Independent|2 — With Prompt|1 — Needs Support|0 — Not Applicable,ADVANCED,false
HDMA,Independent Living,HDMA-0671,Can the learner manage medications independently (if applicable)?,SCALE,3 — Independent|2 — With Prompt|1 — Needs Support|0 — Not Applicable,ADVANCED,false
HDMA,Personality Development,HDMA-0672,Does the learner seek help appropriately when bullied or harassed?,SCALE,3 — Independent|2 — With Prompt|1 — Needs Support|0 — Not Applicable,ADVANCED,false
HDMA,Personality Development,HDMA-0673,Can the learner answer phone calls professionally?,SCALE,3 — Independent|2 — With Prompt|1 — Needs Support|0 — Not Applicable,ADVANCED,false
HDMA,Personality Development,HDMA-0674,Can the learner communicate effectively with caregivers or supervisors?,SCALE,3 — Independent|2 — With Prompt|1 — Needs Support|0 — Not Applicable,ADVANCED,false
HDMA,Personality Development,HDMA-0675,Does the learner participate actively in teamwork?,SCALE,3 — Independent|2 — With Prompt|1 — Needs Support|0 — Not Applicable,ADVANCED,false
HDMA,Personality Development,HDMA-0676,Does the learner demonstrate leadership in group settings?,SCALE,3 — Independent|2 — With Prompt|1 — Needs Support|0 — Not Applicable,ADVANCED,false
HDMA,Personality Development,HDMA-0677,Can the learner speak confidently before an audience?,SCALE,3 — Independent|2 — With Prompt|1 — Needs Support|0 — Not Applicable,ADVANCED,false
HDMA,Personality Development,HDMA-0678,Does the learner maintain appropriate body language and posture?,SCALE,3 — Independent|2 — With Prompt|1 — Needs Support|0 — Not Applicable,ADVANCED,false
HDMA,Personality Development,HDMA-0679,Does the learner use polite language consistently?,SCALE,3 — Independent|2 — With Prompt|1 — Needs Support|0 — Not Applicable,ADVANCED,false
HDMA,Personality Development,HDMA-0680,Does the learner respect others’ turns during conversations?,SCALE,3 — Independent|2 — With Prompt|1 — Needs Support|0 — Not Applicable,ADVANCED,false
HDMA,Personality Development,HDMA-0681,Is the learner punctual for appointments and work?,SCALE,3 — Independent|2 — With Prompt|1 — Needs Support|0 — Not Applicable,ADVANCED,false
HDMA,Personality Development,HDMA-0682,Does the learner stay organized in daily activities?,SCALE,3 — Independent|2 — With Prompt|1 — Needs Support|0 — Not Applicable,ADVANCED,false
HDMA,Personality Development,HDMA-0683,Does the learner demonstrate resilience when facing challenges?,SCALE,3 — Independent|2 — With Prompt|1 — Needs Support|0 — Not Applicable,ADVANCED,false
HDMA,Sex Education,HDMA-0684,Does the learner understand sexuality and sexual orientation appropriately?,SCALE,3 — Independent|2 — With Prompt|1 — Needs Support|0 — Not Applicable,ADVANCED,false
HDMA,Sex Education,HDMA-0685,Does the learner understand consent and personal boundaries?,SCALE,3 — Independent|2 — With Prompt|1 — Needs Support|0 — Not Applicable,ADVANCED,false
HDMA,Sex Education,HDMA-0686,Can the learner identify harassment or exploitation?,SCALE,3 — Independent|2 — With Prompt|1 — Needs Support|0 — Not Applicable,ADVANCED,false
HDMA,Sex Education,HDMA-0687,Does the learner maintain privacy in personal situations?,SCALE,3 — Independent|2 — With Prompt|1 — Needs Support|0 — Not Applicable,ADVANCED,false
HDMA,Sex Education,HDMA-0688,Does the learner dress appropriately for different environments?,SCALE,3 — Independent|2 — With Prompt|1 — Needs Support|0 — Not Applicable,ADVANCED,false
HDMA,Sex Education,HDMA-0689,Does the learner understand emotional safety in relationships?,SCALE,3 — Independent|2 — With Prompt|1 — Needs Support|0 — Not Applicable,ADVANCED,false
HDMA,Sex Education,HDMA-0690,Does the learner recognize unsafe relationships?,SCALE,3 — Independent|2 — With Prompt|1 — Needs Support|0 — Not Applicable,ADVANCED,false
HDMA,Sex Education,HDMA-0691,Does the learner know where to seek help in case of abuse?,SCALE,3 — Independent|2 — With Prompt|1 — Needs Support|0 — Not Applicable,ADVANCED,false
HDMA,Sex Education,HDMA-0692,Does the learner understand online safety in relationships?,SCALE,3 — Independent|2 — With Prompt|1 — Needs Support|0 — Not Applicable,ADVANCED,false
HDMA,Self-Advocacy,HDMA-0693,Does the learner understand personal strengths and challenges?,SCALE,3 — Independent|2 — With Prompt|1 — Needs Support|0 — Not Applicable,ADVANCED,false
HDMA,Self-Advocacy,HDMA-0694,Does the learner understand disability rights and legal protections?,SCALE,3 — Independent|2 — With Prompt|1 — Needs Support|0 — Not Applicable,ADVANCED,false
HDMA,Self-Advocacy,HDMA-0695,Can the learner request accommodations when required?,SCALE,3 — Independent|2 — With Prompt|1 — Needs Support|0 — Not Applicable,ADVANCED,false
HDMA,Self-Advocacy,HDMA-0696,Can the learner communicate personal needs assertively?,SCALE,3 — Independent|2 — With Prompt|1 — Needs Support|0 — Not Applicable,ADVANCED,false
HDMA,Self-Advocacy,HDMA-0697,Can the learner negotiate appropriately in work or daily situations?,SCALE,3 — Independent|2 — With Prompt|1 — Needs Support|0 — Not Applicable,ADVANCED,false
HDMA,Self-Advocacy,HDMA-0698,Does the learner maintain confidence during challenges?,SCALE,3 — Independent|2 — With Prompt|1 — Needs Support|0 — Not Applicable,ADVANCED,false
HDMA,Self-Advocacy,HDMA-0699,Does the learner believe in personal abilities and growth?,SCALE,3 — Independent|2 — With Prompt|1 — Needs Support|0 — Not Applicable,ADVANCED,false
HDMA,Self-Advocacy,HDMA-0700,Does the learner understand accountability for personal actions?,SCALE,3 — Independent|2 — With Prompt|1 — Needs Support|0 — Not Applicable,ADVANCED,false
HDMA,Self-Advocacy,HDMA-0701,Does the learner understand gender equality and inclusion?,SCALE,3 — Independent|2 — With Prompt|1 — Needs Support|0 — Not Applicable,ADVANCED,false
HDMA,Self-Advocacy,HDMA-0702,Can the learner make independent decisions regarding education or employment?,SCALE,3 — Independent|2 — With Prompt|1 — Needs Support|0 — Not Applicable,ADVANCED,false
HDMA,Self-Advocacy,HDMA-0703,Can the learner advocate for peers when appropriate?,SCALE,3 — Independent|2 — With Prompt|1 — Needs Support|0 — Not Applicable,ADVANCED,false
HDMA,Safety,HDMA-0704,"Can the learner respond appropriately to abuse, aggression, or neglect?",SCALE,3 — Independent|2 — With Prompt|1 — Needs Support|0 — Not Applicable,ADVANCED,false
HDMA,Safety,HDMA-0705,Can the learner use household appliances safely?,SCALE,3 — Independent|2 — With Prompt|1 — Needs Support|0 — Not Applicable,ADVANCED,false
HDMA,Safety,HDMA-0706,Does the learner know what to do if lost?,SCALE,3 — Independent|2 — With Prompt|1 — Needs Support|0 — Not Applicable,ADVANCED,false
HDMA,Safety,HDMA-0707,Can the learner seek help from appropriate authorities?,SCALE,3 — Independent|2 — With Prompt|1 — Needs Support|0 — Not Applicable,ADVANCED,false
HDMA,Safety,HDMA-0708,Does the learner use personal protective equipment correctly?,SCALE,3 — Independent|2 — With Prompt|1 — Needs Support|0 — Not Applicable,ADVANCED,false
HDMA,Safety,HDMA-0709,Can the learner identify workplace hazards?,SCALE,3 — Independent|2 — With Prompt|1 — Needs Support|0 — Not Applicable,ADVANCED,false
HDMA,Safety,HDMA-0710,Does the learner follow workplace safety protocols?,SCALE,3 — Independent|2 — With Prompt|1 — Needs Support|0 — Not Applicable,ADVANCED,false
HDMA,Safety,HDMA-0711,Can the learner report unsafe situations?,SCALE,3 — Independent|2 — With Prompt|1 — Needs Support|0 — Not Applicable,ADVANCED,false
HDMA,Safety,HDMA-0712,Does the learner maintain healthy eating habits?,SCALE,3 — Independent|2 — With Prompt|1 — Needs Support|0 — Not Applicable,ADVANCED,false
HDMA,Safety,HDMA-0713,Does the learner follow regular sleep routines?,SCALE,3 — Independent|2 — With Prompt|1 — Needs Support|0 — Not Applicable,ADVANCED,false
HDMA,Safety,HDMA-0714,Does the learner exercise consistently?,SCALE,3 — Independent|2 — With Prompt|1 — Needs Support|0 — Not Applicable,ADVANCED,false
HDMA,Safety,HDMA-0715,Can the learner use public transport safely?,SCALE,3 — Independent|2 — With Prompt|1 — Needs Support|0 — Not Applicable,ADVANCED,false
HDMA,Safety,HDMA-0716,Can the learner use mobility aids appropriately?,SCALE,3 — Independent|2 — With Prompt|1 — Needs Support|0 — Not Applicable,ADVANCED,false
HDMA,Safety,HDMA-0717,Can the learner communicate during travel emergencies?,SCALE,3 — Independent|2 — With Prompt|1 — Needs Support|0 — Not Applicable,ADVANCED,false
HDMA,Safety,HDMA-0718,Does the learner know emergency contact numbers?,SCALE,3 — Independent|2 — With Prompt|1 — Needs Support|0 — Not Applicable,ADVANCED,false
HDMA,Safety,HDMA-0719,Can the learner follow evacuation procedures?,SCALE,3 — Independent|2 — With Prompt|1 — Needs Support|0 — Not Applicable,ADVANCED,false
HDMA,Safety,HDMA-0720,Does the learner respond appropriately during natural disasters?,SCALE,3 — Independent|2 — With Prompt|1 — Needs Support|0 — Not Applicable,ADVANCED,false
HDMA,Financial Literacy,HDMA-0721,Does the learner understand the value of employment and income?,SCALE,3 — Independent|2 — With Prompt|1 — Needs Support|0 — Not Applicable,ADVANCED,false
HDMA,Financial Literacy,HDMA-0722,Can the learner prepare a monthly budget?,SCALE,3 — Independent|2 — With Prompt|1 — Needs Support|0 — Not Applicable,ADVANCED,false
HDMA,Financial Literacy,HDMA-0723,Can the learner plan savings effectively?,SCALE,3 — Independent|2 — With Prompt|1 — Needs Support|0 — Not Applicable,ADVANCED,false
HDMA,Financial Literacy,HDMA-0724,Does the learner understand government benefits or welfare schemes?,SCALE,3 — Independent|2 — With Prompt|1 — Needs Support|0 — Not Applicable,ADVANCED,false
HDMA,Financial Literacy,HDMA-0725,Can the learner withdraw money using an ATM?,SCALE,3 — Independent|2 — With Prompt|1 — Needs Support|0 — Not Applicable,ADVANCED,false
HDMA,Financial Literacy,HDMA-0726,Can the learner check account balances independently?,SCALE,3 — Independent|2 — With Prompt|1 — Needs Support|0 — Not Applicable,ADVANCED,false
HDMA,Financial Literacy,HDMA-0727,Can the learner write or understand cheque usage?,SCALE,3 — Independent|2 — With Prompt|1 — Needs Support|0 — Not Applicable,ADVANCED,false
HDMA,Financial Literacy,HDMA-0728,Can the learner use digital banking safely?,SCALE,3 — Independent|2 — With Prompt|1 — Needs Support|0 — Not Applicable,ADVANCED,false
HDMA,Financial Literacy,HDMA-0729,Can the learner recognize financial scams?,SCALE,3 — Independent|2 — With Prompt|1 — Needs Support|0 — Not Applicable,ADVANCED,false
HDMA,Financial Literacy,HDMA-0730,Does the learner understand basic investments?,SCALE,3 — Independent|2 — With Prompt|1 — Needs Support|0 — Not Applicable,ADVANCED,false
HDMA,Financial Literacy,HDMA-0731,Can the learner distinguish between needs and wants?,SCALE,3 — Independent|2 — With Prompt|1 — Needs Support|0 — Not Applicable,ADVANCED,false
HDMA,Financial Literacy,HDMA-0732,Can the learner plan for long-term financial goals?,SCALE,3 — Independent|2 — With Prompt|1 — Needs Support|0 — Not Applicable,ADVANCED,false
HDMA,Soft Skills,HDMA-0733,Does the learner communicate clearly and confidently?,SCALE,3 — Independent|2 — With Prompt|1 — Needs Support|0 — Not Applicable,ADVANCED,false
HDMA,Soft Skills,HDMA-0734,Can the learner manage emotions during communication?,SCALE,3 — Independent|2 — With Prompt|1 — Needs Support|0 — Not Applicable,ADVANCED,false
HDMA,Soft Skills,HDMA-0735,Does the learner collaborate effectively with colleagues?,SCALE,3 — Independent|2 — With Prompt|1 — Needs Support|0 — Not Applicable,ADVANCED,false
HDMA,Soft Skills,HDMA-0736,Does the learner contribute positively to team projects?,SCALE,3 — Independent|2 — With Prompt|1 — Needs Support|0 — Not Applicable,ADVANCED,false
HDMA,Soft Skills,HDMA-0737,Can the learner adapt to changing situations?,SCALE,3 — Independent|2 — With Prompt|1 — Needs Support|0 — Not Applicable,ADVANCED,false
HDMA,Soft Skills,HDMA-0738,Does the learner remain motivated during setbacks?,SCALE,3 — Independent|2 — With Prompt|1 — Needs Support|0 — Not Applicable,ADVANCED,false
HDMA,Soft Skills,HDMA-0739,Does the learner solve problems using logical thinking?,SCALE,3 — Independent|2 — With Prompt|1 — Needs Support|0 — Not Applicable,ADVANCED,false
HDMA,Soft Skills,HDMA-0740,Does the learner demonstrate creativity when needed?,SCALE,3 — Independent|2 — With Prompt|1 — Needs Support|0 — Not Applicable,ADVANCED,false
HDMA,Soft Skills,HDMA-0741,Can the learner lead tasks independently?,SCALE,3 — Independent|2 — With Prompt|1 — Needs Support|0 — Not Applicable,ADVANCED,false
HDMA,Soft Skills,HDMA-0742,Can the learner delegate responsibilities appropriately?,SCALE,3 — Independent|2 — With Prompt|1 — Needs Support|0 — Not Applicable,ADVANCED,false
HDMA,Soft Skills,HDMA-0743,Does the learner mentor or support peers?,SCALE,3 — Independent|2 — With Prompt|1 — Needs Support|0 — Not Applicable,ADVANCED,false
HDMA,Soft Skills,HDMA-0744,Does the learner demonstrate responsibility and accountability?,SCALE,3 — Independent|2 — With Prompt|1 — Needs Support|0 — Not Applicable,ADVANCED,false
HDMA,Soft Skills,HDMA-0745,Is the learner punctual and reliable?,SCALE,3 — Independent|2 — With Prompt|1 — Needs Support|0 — Not Applicable,ADVANCED,false
HDMA,Soft Skills,HDMA-0746,Does the learner maintain workplace ethics?,SCALE,3 — Independent|2 — With Prompt|1 — Needs Support|0 — Not Applicable,ADVANCED,false
HDMA,Soft Skills,HDMA-0747,Can the learner prioritize tasks effectively?,SCALE,3 — Independent|2 — With Prompt|1 — Needs Support|0 — Not Applicable,ADVANCED,false
HDMA,Soft Skills,HDMA-0748,Does the learner manage stress while meeting deadlines?,SCALE,3 — Independent|2 — With Prompt|1 — Needs Support|0 — Not Applicable,ADVANCED,false
HDMA,Soft Skills,HDMA-0749,Can the learner plan work schedules independently?,SCALE,3 — Independent|2 — With Prompt|1 — Needs Support|0 — Not Applicable,ADVANCED,false
HDMA,Physical Fitness,HDMA-0750,Does the learner participate regularly in sports or exercise?,SCALE,3 — Independent|2 — With Prompt|1 — Needs Support|0 — Not Applicable,ADVANCED,false
HDMA,Physical Fitness,HDMA-0751,Can the learner perform strengthening exercises safely?,SCALE,3 — Independent|2 — With Prompt|1 — Needs Support|0 — Not Applicable,ADVANCED,false
HDMA,Physical Fitness,HDMA-0752,Does the learner maintain proper posture?,SCALE,3 — Independent|2 — With Prompt|1 — Needs Support|0 — Not Applicable,ADVANCED,false
HDMA,Physical Fitness,HDMA-0753,Can the learner perform flexibility exercises?,SCALE,3 — Independent|2 — With Prompt|1 — Needs Support|0 — Not Applicable,ADVANCED,false
HDMA,Physical Fitness,HDMA-0754,Does the learner participate in indoor fitness activities?,SCALE,3 — Independent|2 — With Prompt|1 — Needs Support|0 — Not Applicable,ADVANCED,false
HDMA,Physical Fitness,HDMA-0755,Does the learner participate in outdoor recreational activities?,SCALE,3 — Independent|2 — With Prompt|1 — Needs Support|0 — Not Applicable,ADVANCED,false
HDMA,Physical Fitness,HDMA-0756,Does the learner demonstrate endurance during physical activity?,SCALE,3 — Independent|2 — With Prompt|1 — Needs Support|0 — Not Applicable,ADVANCED,false
HDMA,Physical Fitness,HDMA-0757,Does the learner maintain an active lifestyle?,SCALE,3 — Independent|2 — With Prompt|1 — Needs Support|0 — Not Applicable,ADVANCED,false
HDMA,Vocational Exposure,HDMA-0758,Can the learner establish or manage an independent vocational unit?,SCALE,3 — Independent|2 — With Prompt|1 — Needs Support|0 — Not Applicable,ADVANCED,false
HDMA,Vocational Exposure,HDMA-0759,Can the learner apply vocational skills in real-world settings?,SCALE,3 — Independent|2 — With Prompt|1 — Needs Support|0 — Not Applicable,ADVANCED,false
HDMA,Vocational Exposure,HDMA-0760,Can the learner calculate product pricing independently?,SCALE,3 — Independent|2 — With Prompt|1 — Needs Support|0 — Not Applicable,ADVANCED,false
HDMA,Vocational Exposure,HDMA-0761,Can the learner estimate production costs?,SCALE,3 — Independent|2 — With Prompt|1 — Needs Support|0 — Not Applicable,ADVANCED,false
HDMA,Vocational Exposure,HDMA-0762,Can the learner market products or services effectively?,SCALE,3 — Independent|2 — With Prompt|1 — Needs Support|0 — Not Applicable,ADVANCED,false
HDMA,Vocational Exposure,HDMA-0763,Can the learner interact professionally with customers?,SCALE,3 — Independent|2 — With Prompt|1 — Needs Support|0 — Not Applicable,ADVANCED,false
HDMA,Vocational Exposure,HDMA-0764,Can the learner manage inventory or stock?,SCALE,3 — Independent|2 — With Prompt|1 — Needs Support|0 — Not Applicable,ADVANCED,false
HDMA,Vocational Exposure,HDMA-0765,Can the learner complete work within deadlines?,SCALE,3 — Independent|2 — With Prompt|1 — Needs Support|0 — Not Applicable,ADVANCED,false
HDMA,Vocational Exposure,HDMA-0766,Can the learner work independently without continuous supervision?,SCALE,3 — Independent|2 — With Prompt|1 — Needs Support|0 — Not Applicable,ADVANCED,false
HDMA,Vocational Exposure,HDMA-0767,Can the learner supervise or train others when required?,SCALE,3 — Independent|2 — With Prompt|1 — Needs Support|0 — Not Applicable,ADVANCED,false
HDMA,Vocational Exposure,HDMA-0768,Does the learner demonstrate entrepreneurial thinking?,SCALE,3 — Independent|2 — With Prompt|1 — Needs Support|0 — Not Applicable,ADVANCED,false
HDMA,Vocational Exposure,HDMA-0769,Can the learner evaluate the success of a vocational activity and make improvements?,SCALE,3 — Independent|2 — With Prompt|1 — Needs Support|0 — Not Applicable,ADVANCED,false
HDMA,Independent Living,HDMA-0770,Can the learner live independently or with minimal support?,SCALE,3 — Independent|2 — With Prompt|1 — Needs Support|0 — Not Applicable,ADVANCED,false
HDMA,Independent Living,HDMA-0771,Can the learner prepare complete meals independently?,SCALE,3 — Independent|2 — With Prompt|1 — Needs Support|0 — Not Applicable,ADVANCED,false
HDMA,Independent Living,HDMA-0772,Can the learner maintain household cleanliness?,SCALE,3 — Independent|2 — With Prompt|1 — Needs Support|0 — Not Applicable,ADVANCED,false
HDMA,Independent Living,HDMA-0773,Can the learner manage laundry and clothing care?,SCALE,3 — Independent|2 — With Prompt|1 — Needs Support|0 — Not Applicable,ADVANCED,false
HDMA,Independent Living,HDMA-0774,Can the learner organize and maintain personal documents?,SCALE,3 — Independent|2 — With Prompt|1 — Needs Support|0 — Not Applicable,ADVANCED,false
HDMA,Independent Living,HDMA-0775,Can the learner independently access community resources?,SCALE,3 — Independent|2 — With Prompt|1 — Needs Support|0 — Not Applicable,ADVANCED,false
HDMA,Independent Living,HDMA-0776,Can the learner complete shopping independently?,SCALE,3 — Independent|2 — With Prompt|1 — Needs Support|0 — Not Applicable,ADVANCED,false
HDMA,Independent Living,HDMA-0777,Can the learner participate in civic or social activities?,SCALE,3 — Independent|2 — With Prompt|1 — Needs Support|0 — Not Applicable,ADVANCED,false
HDMA,Independent Living,HDMA-0778,Can the learner seek assistance appropriately when required?,SCALE,3 — Independent|2 — With Prompt|1 — Needs Support|0 — Not Applicable,ADVANCED,false
HDMA,Independent Living,HDMA-0779,Can the learner travel independently using public transportation?,SCALE,3 — Independent|2 — With Prompt|1 — Needs Support|0 — Not Applicable,ADVANCED,false
HDMA,Independent Living,HDMA-0780,Can the learner plan travel routes safely?,SCALE,3 — Independent|2 — With Prompt|1 — Needs Support|0 — Not Applicable,ADVANCED,false
HDMA,Independent Living,HDMA-0781,Can the learner manage transportation payments independently?,SCALE,3 — Independent|2 — With Prompt|1 — Needs Support|0 — Not Applicable,ADVANCED,false
HDMA,Independent Living,HDMA-0782,Can the learner schedule appointments independently?,SCALE,3 — Independent|2 — With Prompt|1 — Needs Support|0 — Not Applicable,ADVANCED,false
HDMA,Independent Living,HDMA-0783,Can the learner manage medications responsibly (if applicable)?,SCALE,3 — Independent|2 — With Prompt|1 — Needs Support|0 — Not Applicable,ADVANCED,false
HDMA,Independent Living,HDMA-0784,Can the learner renew documents or complete basic administrative tasks?,SCALE,3 — Independent|2 — With Prompt|1 — Needs Support|0 — Not Applicable,ADVANCED,false
HDMA,Independent Living,HDMA-0785,Can the learner maintain long-term friendships?,SCALE,3 — Independent|2 — With Prompt|1 — Needs Support|0 — Not Applicable,ADVANCED,false
HDMA,Independent Living,HDMA-0786,Can the learner resolve interpersonal conflicts appropriately?,SCALE,3 — Independent|2 — With Prompt|1 — Needs Support|0 — Not Applicable,ADVANCED,false
HDMA,Independent Living,HDMA-0787,Can the learner participate appropriately in workplace social interactions?,SCALE,3 — Independent|2 — With Prompt|1 — Needs Support|0 — Not Applicable,ADVANCED,false
HDMA,Independent Living,HDMA-0788,Can the learner volunteer or contribute to community activities?,SCALE,3 — Independent|2 — With Prompt|1 — Needs Support|0 — Not Applicable,ADVANCED,false
HDMA,Independent Living,HDMA-0789,Can the learner respect public property and community rules?,SCALE,3 — Independent|2 — With Prompt|1 — Needs Support|0 — Not Applicable,ADVANCED,false
HDMA,Independent Living,HDMA-0790,Can the learner assist others when appropriate?,SCALE,3 — Independent|2 — With Prompt|1 — Needs Support|0 — Not Applicable,ADVANCED,false
HDMA,Independent Living,HDMA-0791,"Can the learner use mobile applications for daily living (maps, banking, payments)?",SCALE,3 — Independent|2 — With Prompt|1 — Needs Support|0 — Not Applicable,ADVANCED,false
HDMA,Independent Living,HDMA-0792,Can the learner order essential services online safely?,SCALE,3 — Independent|2 — With Prompt|1 — Needs Support|0 — Not Applicable,ADVANCED,false
HDMA,Independent Living,HDMA-0793,Can the learner identify online scams and protect personal information?,SCALE,3 — Independent|2 — With Prompt|1 — Needs Support|0 — Not Applicable,ADVANCED,false
HDMA,Independent Living,HDMA-0794,Can the learner independently contact emergency services when needed?,SCALE,3 — Independent|2 — With Prompt|1 — Needs Support|0 — Not Applicable,ADVANCED,false
HDMA,Independent Living,HDMA-0795,Can the learner manage unexpected situations calmly?,SCALE,3 — Independent|2 — With Prompt|1 — Needs Support|0 — Not Applicable,ADVANCED,false
HDMA,Independent Living,HDMA-0796,Can the learner follow emergency procedures without assistance?,SCALE,3 — Independent|2 — With Prompt|1 — Needs Support|0 — Not Applicable,ADVANCED,false
III,Section A: Parent/Caregiver Interview,III-0001,What activities does your child enjoy the most?,FREE_TEXT,,EARLY_CHILDHOOD,true
III,Section A: Parent/Caregiver Interview,III-0002,"If your child has free time without any instructions, what do they usually choose to do first?",FREE_TEXT,,EARLY_CHILDHOOD,true
III,Section A: Parent/Caregiver Interview,III-0003,Does your child prefer indoor play or outdoor play? Please describe.,FREE_TEXT,,EARLY_CHILDHOOD,true
III,Section A: Parent/Caregiver Interview,III-0004,"Does your child enjoy playing alone, with one person, or in groups?",FREE_TEXT,,EARLY_CHILDHOOD,true
III,Section A: Parent/Caregiver Interview,III-0005,"Does your child show more interest in people, animals, plants, vehicles, toys, gadgets, or nature?",FREE_TEXT,,EARLY_CHILDHOOD,true
III,Section A: Parent/Caregiver Interview,III-0006,"Which pretend play activities does your child enjoy most? (Cooking, doctor, teacher, shopkeeper, cleaner, driver, etc.)",FREE_TEXT,,EARLY_CHILDHOOD,true
III,Section A: Parent/Caregiver Interview,III-0007,"Where does your child appear happiest and most relaxed? (Quiet room, playground, music room, outdoors, sensory area, etc.)",FREE_TEXT,,EARLY_CHILDHOOD,true
III,Section A: Parent/Caregiver Interview,III-0008,What activities does your child usually engage in during free time?,FREE_TEXT,,EARLY_CHILDHOOD,true
III,Section A: Parent/Caregiver Interview,III-0009,What do family members or teachers often praise your child for?,FREE_TEXT,,EARLY_CHILDHOOD,true
III,Section A: Parent/Caregiver Interview,III-0010,Which household activities does your child voluntarily participate in?,FREE_TEXT,,EARLY_CHILDHOOD,true
III,Section A: Parent/Caregiver Interview,III-0011,"Which television shows, cartoons, videos, games, or apps does your child repeatedly choose?",FREE_TEXT,,EARLY_CHILDHOOD,true
III,Section A: Parent/Caregiver Interview,III-0012,"In which environments does your child appear calm, focused, or excited?",FREE_TEXT,,EARLY_CHILDHOOD,true
III,Section A: Parent/Caregiver Interview,III-0013,"Does your child voluntarily help with household chores? If yes, which ones?",FREE_TEXT,,EARLY_CHILDHOOD,true
III,Section A: Parent/Caregiver Interview,III-0014,Which toys or materials does your child consistently choose?,FREE_TEXT,,EARLY_CHILDHOOD,true
III,Section A: Parent/Caregiver Interview,III-0015,Which activities or environments does your child actively avoid?,FREE_TEXT,,EARLY_CHILDHOOD,true
III,Section A: Parent/Caregiver Interview,III-0016,Has your child ever pretended to perform a particular job or occupation? Please describe.,FREE_TEXT,,EARLY_CHILDHOOD,true
III,Section A: Parent/Caregiver Interview,III-0017,"Has your child developed an unusually strong interest in any object, topic, place, or activity?",FREE_TEXT,,EARLY_CHILDHOOD,true
III,Section A: Parent/Caregiver Interview,III-0018,What motivates your child the most?,FREE_TEXT,,EARLY_CHILDHOOD,true
III,Section A: Parent/Caregiver Interview,III-0019,What rewards or praise make your child happiest?,FREE_TEXT,,EARLY_CHILDHOOD,true
III,Section A: Parent/Caregiver Interview,III-0020,"If your child could spend an entire day doing one activity, what would it be?",FREE_TEXT,,EARLY_CHILDHOOD,true
III,Creative Interests,III-0021,Enjoys painting or finger painting,SCALE,3 — Frequently chooses independently|2 — Sometimes chooses independently|1 — Rarely chooses (only with prompting)|0 — Never chooses / avoids,EARLY_CHILDHOOD,false
III,Creative Interests,III-0022,Enjoys music or singing,SCALE,3 — Frequently chooses independently|2 — Sometimes chooses independently|1 — Rarely chooses (only with prompting)|0 — Never chooses / avoids,EARLY_CHILDHOOD,false
III,Creative Interests,III-0023,Enjoys dancing or movement activities,SCALE,3 — Frequently chooses independently|2 — Sometimes chooses independently|1 — Rarely chooses (only with prompting)|0 — Never chooses / avoids,EARLY_CHILDHOOD,false
III,Creative Interests,III-0024,Enjoys art and craft,SCALE,3 — Frequently chooses independently|2 — Sometimes chooses independently|1 — Rarely chooses (only with prompting)|0 — Never chooses / avoids,EARLY_CHILDHOOD,false
III,Creative Interests,III-0025,Enjoys storytelling or pretend play,SCALE,3 — Frequently chooses independently|2 — Sometimes chooses independently|1 — Rarely chooses (only with prompting)|0 — Never chooses / avoids,EARLY_CHILDHOOD,false
III,Construction & Problem Solving,III-0026,Enjoys stacking blocks,SCALE,3 — Frequently chooses independently|2 — Sometimes chooses independently|1 — Rarely chooses (only with prompting)|0 — Never chooses / avoids,EARLY_CHILDHOOD,false
III,Construction & Problem Solving,III-0027,Enjoys puzzles,SCALE,3 — Frequently chooses independently|2 — Sometimes chooses independently|1 — Rarely chooses (only with prompting)|0 — Never chooses / avoids,EARLY_CHILDHOOD,false
III,Construction & Problem Solving,III-0028,Enjoys matching games,SCALE,3 — Frequently chooses independently|2 — Sometimes chooses independently|1 — Rarely chooses (only with prompting)|0 — Never chooses / avoids,EARLY_CHILDHOOD,false
III,Construction & Problem Solving,III-0029,Enjoys sorting objects,SCALE,3 — Frequently chooses independently|2 — Sometimes chooses independently|1 — Rarely chooses (only with prompting)|0 — Never chooses / avoids,EARLY_CHILDHOOD,false
III,Construction & Problem Solving,III-0030,Enjoys building toys,SCALE,3 — Frequently chooses independently|2 — Sometimes chooses independently|1 — Rarely chooses (only with prompting)|0 — Never chooses / avoids,EARLY_CHILDHOOD,false
III,Construction & Problem Solving,III-0031,Enjoys assembling simple items,SCALE,3 — Frequently chooses independently|2 — Sometimes chooses independently|1 — Rarely chooses (only with prompting)|0 — Never chooses / avoids,EARLY_CHILDHOOD,false
III,Household Activities,III-0032,Enjoys wiping tables,SCALE,3 — Frequently chooses independently|2 — Sometimes chooses independently|1 — Rarely chooses (only with prompting)|0 — Never chooses / avoids,EARLY_CHILDHOOD,false
III,Household Activities,III-0033,Enjoys watering plants,SCALE,3 — Frequently chooses independently|2 — Sometimes chooses independently|1 — Rarely chooses (only with prompting)|0 — Never chooses / avoids,EARLY_CHILDHOOD,false
III,Household Activities,III-0034,Enjoys organizing toys,SCALE,3 — Frequently chooses independently|2 — Sometimes chooses independently|1 — Rarely chooses (only with prompting)|0 — Never chooses / avoids,EARLY_CHILDHOOD,false
III,Household Activities,III-0035,Enjoys helping in the kitchen,SCALE,3 — Frequently chooses independently|2 — Sometimes chooses independently|1 — Rarely chooses (only with prompting)|0 — Never chooses / avoids,EARLY_CHILDHOOD,false
III,Household Activities,III-0036,Enjoys carrying objects,SCALE,3 — Frequently chooses independently|2 — Sometimes chooses independently|1 — Rarely chooses (only with prompting)|0 — Never chooses / avoids,EARLY_CHILDHOOD,false
III,Household Activities,III-0037,Enjoys cleaning activities,SCALE,3 — Frequently chooses independently|2 — Sometimes chooses independently|1 — Rarely chooses (only with prompting)|0 — Never chooses / avoids,EARLY_CHILDHOOD,false
III,Nature & Animals,III-0038,Enjoys gardening,SCALE,3 — Frequently chooses independently|2 — Sometimes chooses independently|1 — Rarely chooses (only with prompting)|0 — Never chooses / avoids,EARLY_CHILDHOOD,false
III,Nature & Animals,III-0039,Enjoys feeding animals,SCALE,3 — Frequently chooses independently|2 — Sometimes chooses independently|1 — Rarely chooses (only with prompting)|0 — Never chooses / avoids,EARLY_CHILDHOOD,false
III,Nature & Animals,III-0040,Enjoys observing birds or insects,SCALE,3 — Frequently chooses independently|2 — Sometimes chooses independently|1 — Rarely chooses (only with prompting)|0 — Never chooses / avoids,EARLY_CHILDHOOD,false
III,Nature & Animals,III-0041,Enjoys outdoor exploration,SCALE,3 — Frequently chooses independently|2 — Sometimes chooses independently|1 — Rarely chooses (only with prompting)|0 — Never chooses / avoids,EARLY_CHILDHOOD,false
III,Nature & Animals,III-0042,Enjoys caring for pets,SCALE,3 — Frequently chooses independently|2 — Sometimes chooses independently|1 — Rarely chooses (only with prompting)|0 — Never chooses / avoids,EARLY_CHILDHOOD,false
III,Technology,III-0043,Enjoys using tablets or phones,SCALE,3 — Frequently chooses independently|2 — Sometimes chooses independently|1 — Rarely chooses (only with prompting)|0 — Never chooses / avoids,EARLY_CHILDHOOD,false
III,Technology,III-0044,Enjoys educational apps,SCALE,3 — Frequently chooses independently|2 — Sometimes chooses independently|1 — Rarely chooses (only with prompting)|0 — Never chooses / avoids,EARLY_CHILDHOOD,false
III,Technology,III-0045,Enjoys watching learning videos,SCALE,3 — Frequently chooses independently|2 — Sometimes chooses independently|1 — Rarely chooses (only with prompting)|0 — Never chooses / avoids,EARLY_CHILDHOOD,false
III,Technology,III-0046,Enjoys interacting with digital devices,SCALE,3 — Frequently chooses independently|2 — Sometimes chooses independently|1 — Rarely chooses (only with prompting)|0 — Never chooses / avoids,EARLY_CHILDHOOD,false
III,Social Interests,III-0047,Enjoys playing with peers,SCALE,3 — Frequently chooses independently|2 — Sometimes chooses independently|1 — Rarely chooses (only with prompting)|0 — Never chooses / avoids,EARLY_CHILDHOOD,false
III,Social Interests,III-0048,Enjoys interacting with adults,SCALE,3 — Frequently chooses independently|2 — Sometimes chooses independently|1 — Rarely chooses (only with prompting)|0 — Never chooses / avoids,EARLY_CHILDHOOD,false
III,Social Interests,III-0049,Enjoys helping others,SCALE,3 — Frequently chooses independently|2 — Sometimes chooses independently|1 — Rarely chooses (only with prompting)|0 — Never chooses / avoids,EARLY_CHILDHOOD,false
III,Social Interests,III-0050,Enjoys participating in group activities,SCALE,3 — Frequently chooses independently|2 — Sometimes chooses independently|1 — Rarely chooses (only with prompting)|0 — Never chooses / avoids,EARLY_CHILDHOOD,false
III,Social Interests,III-0051,Enjoys greeting or talking to familiar people,SCALE,3 — Frequently chooses independently|2 — Sometimes chooses independently|1 — Rarely chooses (only with prompting)|0 — Never chooses / avoids,EARLY_CHILDHOOD,false
III,Pretend Occupations,III-0052,Pretends to cook,SCALE,3 — Frequently chooses independently|2 — Sometimes chooses independently|1 — Rarely chooses (only with prompting)|0 — Never chooses / avoids,EARLY_CHILDHOOD,false
III,Pretend Occupations,III-0053,Pretends to be a doctor,SCALE,3 — Frequently chooses independently|2 — Sometimes chooses independently|1 — Rarely chooses (only with prompting)|0 — Never chooses / avoids,EARLY_CHILDHOOD,false
III,Pretend Occupations,III-0054,Pretends to be a teacher,SCALE,3 — Frequently chooses independently|2 — Sometimes chooses independently|1 — Rarely chooses (only with prompting)|0 — Never chooses / avoids,EARLY_CHILDHOOD,false
III,Pretend Occupations,III-0055,Pretends to run a shop,SCALE,3 — Frequently chooses independently|2 — Sometimes chooses independently|1 — Rarely chooses (only with prompting)|0 — Never chooses / avoids,EARLY_CHILDHOOD,false
III,Pretend Occupations,III-0056,Pretends to clean,SCALE,3 — Frequently chooses independently|2 — Sometimes chooses independently|1 — Rarely chooses (only with prompting)|0 — Never chooses / avoids,EARLY_CHILDHOOD,false
III,Pretend Occupations,III-0057,Pretends to drive vehicles,SCALE,3 — Frequently chooses independently|2 — Sometimes chooses independently|1 — Rarely chooses (only with prompting)|0 — Never chooses / avoids,EARLY_CHILDHOOD,false
III,Sensory Interests,III-0058,Enjoys water play,SCALE,3 — Frequently chooses independently|2 — Sometimes chooses independently|1 — Rarely chooses (only with prompting)|0 — Never chooses / avoids,EARLY_CHILDHOOD,false
III,Sensory Interests,III-0059,Enjoys sand play,SCALE,3 — Frequently chooses independently|2 — Sometimes chooses independently|1 — Rarely chooses (only with prompting)|0 — Never chooses / avoids,EARLY_CHILDHOOD,false
III,Sensory Interests,III-0060,Enjoys clay or play dough,SCALE,3 — Frequently chooses independently|2 — Sometimes chooses independently|1 — Rarely chooses (only with prompting)|0 — Never chooses / avoids,EARLY_CHILDHOOD,false
III,Enjoys tactile activities,III-0061,Enjoys messy play,SCALE,3 — Frequently chooses independently|2 — Sometimes chooses independently|1 — Rarely chooses (only with prompting)|0 — Never chooses / avoids,EARLY_CHILDHOOD,false
III,Environmental Preferences,III-0062,Prefers indoor environments,SCALE,3 — Frequently chooses independently|2 — Sometimes chooses independently|1 — Rarely chooses (only with prompting)|0 — Never chooses / avoids,EARLY_CHILDHOOD,false
III,Environmental Preferences,III-0063,Prefers outdoor environments,SCALE,3 — Frequently chooses independently|2 — Sometimes chooses independently|1 — Rarely chooses (only with prompting)|0 — Never chooses / avoids,EARLY_CHILDHOOD,false
III,Environmental Preferences,III-0064,Prefers quiet spaces,SCALE,3 — Frequently chooses independently|2 — Sometimes chooses independently|1 — Rarely chooses (only with prompting)|0 — Never chooses / avoids,EARLY_CHILDHOOD,false
III,Environmental Preferences,III-0065,Enjoys music-filled environments,SCALE,3 — Frequently chooses independently|2 — Sometimes chooses independently|1 — Rarely chooses (only with prompting)|0 — Never chooses / avoids,EARLY_CHILDHOOD,false
III,Environmental Preferences,III-0066,Enjoys busy or active environments,SCALE,3 — Frequently chooses independently|2 — Sometimes chooses independently|1 — Rarely chooses (only with prompting)|0 — Never chooses / avoids,EARLY_CHILDHOOD,false
III,Attention & Engagement,III-0067,Returns repeatedly to favourite activities,SCALE,3 — Frequently chooses independently|2 — Sometimes chooses independently|1 — Rarely chooses (only with prompting)|0 — Never chooses / avoids,EARLY_CHILDHOOD,false
III,Attention & Engagement,III-0068,Stays engaged for more than 10 minutes,SCALE,3 — Frequently chooses independently|2 — Sometimes chooses independently|1 — Rarely chooses (only with prompting)|0 — Never chooses / avoids,EARLY_CHILDHOOD,false
III,Attention & Engagement,III-0069,Completes preferred activities without prompts,SCALE,3 — Frequently chooses independently|2 — Sometimes chooses independently|1 — Rarely chooses (only with prompting)|0 — Never chooses / avoids,EARLY_CHILDHOOD,false
III,Attention & Engagement,III-0070,Shows excitement when favourite activities are introduced,SCALE,3 — Frequently chooses independently|2 — Sometimes chooses independently|1 — Rarely chooses (only with prompting)|0 — Never chooses / avoids,EARLY_CHILDHOOD,false
III,Early Vocational Indicators,III-0071,Enjoys organizing materials,FREE_TEXT,,EARLY_CHILDHOOD,true
III,Early Vocational Indicators,III-0072,Enjoys arranging objects neatly,FREE_TEXT,,EARLY_CHILDHOOD,true
III,Early Vocational Indicators,III-0073,Enjoys helping adults with work,FREE_TEXT,,EARLY_CHILDHOOD,true
III,Early Vocational Indicators,III-0074,Enjoys giving or carrying items to others,FREE_TEXT,,EARLY_CHILDHOOD,true
III,Early Vocational Indicators,III-0075,Enjoys repetitive routine tasks,FREE_TEXT,,EARLY_CHILDHOOD,true
III,Early Vocational Indicators,III-0076,Enjoys taking responsibility for simple chores,FREE_TEXT,,EARLY_CHILDHOOD,true
III,Emerging Vocational Indicators,III-0077,Which interest does the learner choose first without prompting?,FREE_TEXT,,EARLY_CHILDHOOD,true
III,Emerging Vocational Indicators,III-0078,Which interest keeps the learner engaged the longest?,FREE_TEXT,,EARLY_CHILDHOOD,true
III,Emerging Vocational Indicators,III-0079,Which interest would the learner repeat every day if given the opportunity?,FREE_TEXT,,EARLY_CHILDHOOD,true
III,Emerging Vocational Indicators,III-0080,Which interest would the learner become upset if prevented from doing?,FREE_TEXT,,EARLY_CHILDHOOD,true
III,Parent/Caregiver Interview,III-0081,What activities does your child enjoy doing the most at home or school?,FREE_TEXT,,PRE_SKILL,true
III,Parent/Caregiver Interview,III-0082,"When given free time, what activity does your child usually choose first?",FREE_TEXT,,PRE_SKILL,true
III,Parent/Caregiver Interview,III-0083,Does your child prefer indoor or outdoor activities? Why?,FREE_TEXT,,PRE_SKILL,true
III,Parent/Caregiver Interview,III-0084,"Does your child prefer playing alone, with one friend, or in groups?",FREE_TEXT,,PRE_SKILL,true
III,Parent/Caregiver Interview,III-0085,"Which environments make your child feel happiest? (Quiet room, playground, classroom, music room, nature, etc.)",FREE_TEXT,,PRE_SKILL,true
III,Parent/Caregiver Interview,III-0086,What does your child spend the longest time doing without reminders?,FREE_TEXT,,PRE_SKILL,true
III,Parent/Caregiver Interview,III-0087,Which activities make your child excited or motivated?,FREE_TEXT,,PRE_SKILL,true
III,Parent/Caregiver Interview,III-0088,What talents or strengths do family members or teachers often notice?,FREE_TEXT,,PRE_SKILL,true
III,Parent/Caregiver Interview,III-0089,Which household chores does your child voluntarily participate in?,FREE_TEXT,,PRE_SKILL,true
III,Parent/Caregiver Interview,III-0090,"What television shows, videos, games, or apps does your child repeatedly choose?",FREE_TEXT,,PRE_SKILL,true
III,Parent/Caregiver Interview,III-0091,"Which toys, tools, or materials does your child consistently play with?",FREE_TEXT,,PRE_SKILL,true
III,Parent/Caregiver Interview,III-0092,Which activities does your child avoid or refuse to participate in?,FREE_TEXT,,PRE_SKILL,true
III,Parent/Caregiver Interview,III-0093,Has your child ever expressed interest in a future job or occupation?,FREE_TEXT,,PRE_SKILL,true
III,Parent/Caregiver Interview,III-0094,"Has your child developed a special interest in any topic (maps, trains, numbers, animals, computers, etc.)?",FREE_TEXT,,PRE_SKILL,true
III,Parent/Caregiver Interview,III-0095,"What motivates your child the most-praise, rewards, helping others, technology, or completing tasks?",FREE_TEXT,,PRE_SKILL,true
III,Parent/Caregiver Interview,III-0096,"If your child could spend an entire day doing one activity, what would it be?",FREE_TEXT,,PRE_SKILL,true
III,Parent/Caregiver Interview,III-0097,What activity would upset your child if it were taken away?,FREE_TEXT,,PRE_SKILL,true
III,Parent/Caregiver Interview,III-0098,Which activity do you think has the potential to become a future vocational skill?,FREE_TEXT,,PRE_SKILL,true
III,Creative Interests,III-0099,Enjoys painting activities,SCALE,3 — Frequently chooses independently|2 — Sometimes chooses independently|1 — Rarely chooses (only with prompting)|0 — Never chooses / avoids,PRE_SKILL,false
III,Creative Interests,III-0100,Enjoys making crafts,SCALE,3 — Frequently chooses independently|2 — Sometimes chooses independently|1 — Rarely chooses (only with prompting)|0 — Never chooses / avoids,PRE_SKILL,false
III,Creative Interests,III-0101,Enjoys music or singing,SCALE,3 — Frequently chooses independently|2 — Sometimes chooses independently|1 — Rarely chooses (only with prompting)|0 — Never chooses / avoids,PRE_SKILL,false
III,Creative Interests,III-0102,Enjoys dancing or movement activities,SCALE,3 — Frequently chooses independently|2 — Sometimes chooses independently|1 — Rarely chooses (only with prompting)|0 — Never chooses / avoids,PRE_SKILL,false
III,Enjoys storytelling or creating stories,III-0103,Enjoys reading books,SCALE,3 — Frequently chooses independently|2 — Sometimes chooses independently|1 — Rarely chooses (only with prompting)|0 — Never chooses / avoids,PRE_SKILL,false
III,Enjoys storytelling or creating stories,III-0104,Enjoys writing activities,SCALE,3 — Frequently chooses independently|2 — Sometimes chooses independently|1 — Rarely chooses (only with prompting)|0 — Never chooses / avoids,PRE_SKILL,false
III,Enjoys storytelling or creating stories,III-0105,Enjoys learning new facts,SCALE,3 — Frequently chooses independently|2 — Sometimes chooses independently|1 — Rarely chooses (only with prompting)|0 — Never chooses / avoids,PRE_SKILL,false
III,Enjoys storytelling or creating stories,III-0106,Enjoys number activities,SCALE,3 — Frequently chooses independently|2 — Sometimes chooses independently|1 — Rarely chooses (only with prompting)|0 — Never chooses / avoids,PRE_SKILL,false
III,Enjoys storytelling or creating stories,III-0107,Enjoys solving puzzles,SCALE,3 — Frequently chooses independently|2 — Sometimes chooses independently|1 — Rarely chooses (only with prompting)|0 — Never chooses / avoids,PRE_SKILL,false
III,Enjoys storytelling or creating stories,III-0108,Enjoys educational games,SCALE,3 — Frequently chooses independently|2 — Sometimes chooses independently|1 — Rarely chooses (only with prompting)|0 — Never chooses / avoids,PRE_SKILL,false
III,Construction & Problem Solving,III-0109,Enjoys building blocks or Lego,SCALE,3 — Frequently chooses independently|2 — Sometimes chooses independently|1 — Rarely chooses (only with prompting)|0 — Never chooses / avoids,PRE_SKILL,false
III,Construction & Problem Solving,III-0110,Enjoys assembling objects,SCALE,3 — Frequently chooses independently|2 — Sometimes chooses independently|1 — Rarely chooses (only with prompting)|0 — Never chooses / avoids,PRE_SKILL,false
III,Construction & Problem Solving,III-0111,Enjoys sorting materials,SCALE,3 — Frequently chooses independently|2 — Sometimes chooses independently|1 — Rarely chooses (only with prompting)|0 — Never chooses / avoids,PRE_SKILL,false
III,Construction & Problem Solving,III-0112,Enjoys matching activities,SCALE,3 — Frequently chooses independently|2 — Sometimes chooses independently|1 — Rarely chooses (only with prompting)|0 — Never chooses / avoids,PRE_SKILL,false
III,Construction & Problem Solving,III-0113,Enjoys organizing objects,SCALE,3 — Frequently chooses independently|2 — Sometimes chooses independently|1 — Rarely chooses (only with prompting)|0 — Never chooses / avoids,PRE_SKILL,false
III,Construction & Problem Solving,III-0114,Enjoys completing jigsaw puzzles,SCALE,3 — Frequently chooses independently|2 — Sometimes chooses independently|1 — Rarely chooses (only with prompting)|0 — Never chooses / avoids,PRE_SKILL,false
III,Construction & Problem Solving,III-0115,Enjoys wiping tables,SCALE,3 — Frequently chooses independently|2 — Sometimes chooses independently|1 — Rarely chooses (only with prompting)|0 — Never chooses / avoids,PRE_SKILL,false
III,Construction & Problem Solving,III-0116,Enjoys watering plants,SCALE,3 — Frequently chooses independently|2 — Sometimes chooses independently|1 — Rarely chooses (only with prompting)|0 — Never chooses / avoids,PRE_SKILL,false
III,Construction & Problem Solving,III-0117,Enjoys folding clothes,SCALE,3 — Frequently chooses independently|2 — Sometimes chooses independently|1 — Rarely chooses (only with prompting)|0 — Never chooses / avoids,PRE_SKILL,false
III,Construction & Problem Solving,III-0118,Enjoys helping in the kitchen,SCALE,3 — Frequently chooses independently|2 — Sometimes chooses independently|1 — Rarely chooses (only with prompting)|0 — Never chooses / avoids,PRE_SKILL,false
III,Construction & Problem Solving,III-0119,Enjoys carrying groceries or materials,SCALE,3 — Frequently chooses independently|2 — Sometimes chooses independently|1 — Rarely chooses (only with prompting)|0 — Never chooses / avoids,PRE_SKILL,false
III,Construction & Problem Solving,III-0120,Enjoys organizing shelves or toys,SCALE,3 — Frequently chooses independently|2 — Sometimes chooses independently|1 — Rarely chooses (only with prompting)|0 — Never chooses / avoids,PRE_SKILL,false
III,Construction & Problem Solving,III-0121,Enjoys cleaning activities,SCALE,3 — Frequently chooses independently|2 — Sometimes chooses independently|1 — Rarely chooses (only with prompting)|0 — Never chooses / avoids,PRE_SKILL,false
III,Construction & Problem Solving,III-0122,Enjoys gardening,SCALE,3 — Frequently chooses independently|2 — Sometimes chooses independently|1 — Rarely chooses (only with prompting)|0 — Never chooses / avoids,PRE_SKILL,false
III,Construction & Problem Solving,III-0123,Enjoys caring for plants,SCALE,3 — Frequently chooses independently|2 — Sometimes chooses independently|1 — Rarely chooses (only with prompting)|0 — Never chooses / avoids,PRE_SKILL,false
III,Construction & Problem Solving,III-0124,Enjoys feeding animals,SCALE,3 — Frequently chooses independently|2 — Sometimes chooses independently|1 — Rarely chooses (only with prompting)|0 — Never chooses / avoids,PRE_SKILL,false
III,Construction & Problem Solving,III-0125,Enjoys observing insects or birds,SCALE,3 — Frequently chooses independently|2 — Sometimes chooses independently|1 — Rarely chooses (only with prompting)|0 — Never chooses / avoids,PRE_SKILL,false
III,Construction & Problem Solving,III-0126,Enjoys outdoor exploration,SCALE,3 — Frequently chooses independently|2 — Sometimes chooses independently|1 — Rarely chooses (only with prompting)|0 — Never chooses / avoids,PRE_SKILL,false
III,Construction & Problem Solving,III-0127,Enjoys spending time in nature,SCALE,3 — Frequently chooses independently|2 — Sometimes chooses independently|1 — Rarely chooses (only with prompting)|0 — Never chooses / avoids,PRE_SKILL,false
III,Technology Interests,III-0128,Enjoys using tablets or computers,SCALE,3 — Frequently chooses independently|2 — Sometimes chooses independently|1 — Rarely chooses (only with prompting)|0 — Never chooses / avoids,PRE_SKILL,false
III,Technology Interests,III-0129,Enjoys typing,SCALE,3 — Frequently chooses independently|2 — Sometimes chooses independently|1 — Rarely chooses (only with prompting)|0 — Never chooses / avoids,PRE_SKILL,false
III,Technology Interests,III-0130,Enjoys educational apps,SCALE,3 — Frequently chooses independently|2 — Sometimes chooses independently|1 — Rarely chooses (only with prompting)|0 — Never chooses / avoids,PRE_SKILL,false
III,Technology Interests,III-0131,Enjoys digital drawing,SCALE,3 — Frequently chooses independently|2 — Sometimes chooses independently|1 — Rarely chooses (only with prompting)|0 — Never chooses / avoids,PRE_SKILL,false
III,Technology Interests,III-0132,Enjoys watching instructional videos,SCALE,3 — Frequently chooses independently|2 — Sometimes chooses independently|1 — Rarely chooses (only with prompting)|0 — Never chooses / avoids,PRE_SKILL,false
III,Social Interests,III-0133,Enjoys interacting with peers,SCALE,3 — Frequently chooses independently|2 — Sometimes chooses independently|1 — Rarely chooses (only with prompting)|0 — Never chooses / avoids,PRE_SKILL,false
III,Social Interests,III-0134,Enjoys helping adults,SCALE,3 — Frequently chooses independently|2 — Sometimes chooses independently|1 — Rarely chooses (only with prompting)|0 — Never chooses / avoids,PRE_SKILL,false
III,Social Interests,III-0135,Enjoys participating in group activities,SCALE,3 — Frequently chooses independently|2 — Sometimes chooses independently|1 — Rarely chooses (only with prompting)|0 — Never chooses / avoids,PRE_SKILL,false
III,Social Interests,III-0136,Enjoys greeting visitors,SCALE,3 — Frequently chooses independently|2 — Sometimes chooses independently|1 — Rarely chooses (only with prompting)|0 — Never chooses / avoids,PRE_SKILL,false
III,Social Interests,III-0137,Enjoys caring for younger children,SCALE,3 — Frequently chooses independently|2 — Sometimes chooses independently|1 — Rarely chooses (only with prompting)|0 — Never chooses / avoids,PRE_SKILL,false
III,Social Interests,III-0138,Enjoys sharing with others,SCALE,3 — Frequently chooses independently|2 — Sometimes chooses independently|1 — Rarely chooses (only with prompting)|0 — Never chooses / avoids,PRE_SKILL,false
III,Social Interests,III-0139,Pretends to cook,SCALE,3 — Frequently chooses independently|2 — Sometimes chooses independently|1 — Rarely chooses (only with prompting)|0 — Never chooses / avoids,PRE_SKILL,false
III,Social Interests,III-0140,Pretends to be a doctor,SCALE,3 — Frequently chooses independently|2 — Sometimes chooses independently|1 — Rarely chooses (only with prompting)|0 — Never chooses / avoids,PRE_SKILL,false
III,Social Interests,III-0141,Pretends to teach others,SCALE,3 — Frequently chooses independently|2 — Sometimes chooses independently|1 — Rarely chooses (only with prompting)|0 — Never chooses / avoids,PRE_SKILL,false
III,Social Interests,III-0142,Pretends to run a shop,SCALE,3 — Frequently chooses independently|2 — Sometimes chooses independently|1 — Rarely chooses (only with prompting)|0 — Never chooses / avoids,PRE_SKILL,false
III,Social Interests,III-0143,Pretends to clean or organize,SCALE,3 — Frequently chooses independently|2 — Sometimes chooses independently|1 — Rarely chooses (only with prompting)|0 — Never chooses / avoids,PRE_SKILL,false
III,Social Interests,III-0144,Pretends to drive vehicles,SCALE,3 — Frequently chooses independently|2 — Sometimes chooses independently|1 — Rarely chooses (only with prompting)|0 — Never chooses / avoids,PRE_SKILL,false
III,Social Interests,III-0145,Pretends to repair things,SCALE,3 — Frequently chooses independently|2 — Sometimes chooses independently|1 — Rarely chooses (only with prompting)|0 — Never chooses / avoids,PRE_SKILL,false
III,Social Interests,III-0146,Pretends to work on a computer,SCALE,3 — Frequently chooses independently|2 — Sometimes chooses independently|1 — Rarely chooses (only with prompting)|0 — Never chooses / avoids,PRE_SKILL,false
III,Environmental Preferences,III-0147,Prefers quiet environments,SCALE,3 — Frequently chooses independently|2 — Sometimes chooses independently|1 — Rarely chooses (only with prompting)|0 — Never chooses / avoids,PRE_SKILL,false
III,Environmental Preferences,III-0148,Prefers busy environments,SCALE,3 — Frequently chooses independently|2 — Sometimes chooses independently|1 — Rarely chooses (only with prompting)|0 — Never chooses / avoids,PRE_SKILL,false
III,Environmental Preferences,III-0149,Prefers indoor activities,SCALE,3 — Frequently chooses independently|2 — Sometimes chooses independently|1 — Rarely chooses (only with prompting)|0 — Never chooses / avoids,PRE_SKILL,false
III,Environmental Preferences,III-0150,Prefers outdoor activities,SCALE,3 — Frequently chooses independently|2 — Sometimes chooses independently|1 — Rarely chooses (only with prompting)|0 — Never chooses / avoids,PRE_SKILL,false
III,Environmental Preferences,III-0151,Prefers structured routines,SCALE,3 — Frequently chooses independently|2 — Sometimes chooses independently|1 — Rarely chooses (only with prompting)|0 — Never chooses / avoids,PRE_SKILL,false
III,Environmental Preferences,III-0152,Prefers exploring new places,SCALE,3 — Frequently chooses independently|2 — Sometimes chooses independently|1 — Rarely chooses (only with prompting)|0 — Never chooses / avoids,PRE_SKILL,false
III,Sensory Interests,III-0153,Enjoys water play,SCALE,3 — Frequently chooses independently|2 — Sometimes chooses independently|1 — Rarely chooses (only with prompting)|0 — Never chooses / avoids,PRE_SKILL,false
III,Sensory Interests,III-0154,Enjoys sand play,SCALE,3 — Frequently chooses independently|2 — Sometimes chooses independently|1 — Rarely chooses (only with prompting)|0 — Never chooses / avoids,PRE_SKILL,false
III,Sensory Interests,III-0155,Enjoys clay or play dough,SCALE,3 — Frequently chooses independently|2 — Sometimes chooses independently|1 — Rarely chooses (only with prompting)|0 — Never chooses / avoids,PRE_SKILL,false
III,Enjoys tactile activities,III-0156,Enjoys messy play,SCALE,3 — Frequently chooses independently|2 — Sometimes chooses independently|1 — Rarely chooses (only with prompting)|0 — Never chooses / avoids,PRE_SKILL,false
III,Enjoys tactile activities,III-0157,Enjoys movement activities,SCALE,3 — Frequently chooses independently|2 — Sometimes chooses independently|1 — Rarely chooses (only with prompting)|0 — Never chooses / avoids,PRE_SKILL,false
III,Enjoys tactile activities,III-0158,Returns repeatedly to favourite activities,SCALE,3 — Frequently chooses independently|2 — Sometimes chooses independently|1 — Rarely chooses (only with prompting)|0 — Never chooses / avoids,PRE_SKILL,false
III,Enjoys tactile activities,III-0159,Completes favourite activities independently,SCALE,3 — Frequently chooses independently|2 — Sometimes chooses independently|1 — Rarely chooses (only with prompting)|0 — Never chooses / avoids,PRE_SKILL,false
III,Early Vocational Indicators,III-0160,Enjoys organizing materials,FREE_TEXT,,PRE_SKILL,true
III,Early Vocational Indicators,III-0161,Enjoys sorting objects,FREE_TEXT,,PRE_SKILL,true
III,Early Vocational Indicators,III-0162,Enjoys counting money or pretend shopping,FREE_TEXT,,PRE_SKILL,true
III,Early Vocational Indicators,III-0163,Enjoys helping prepare food,FREE_TEXT,,PRE_SKILL,true
III,Early Vocational Indicators,III-0164,Enjoys caring for plants,FREE_TEXT,,PRE_SKILL,true
III,Early Vocational Indicators,III-0165,Enjoys cleaning or housekeeping tasks,FREE_TEXT,,PRE_SKILL,true
III,Early Vocational Indicators,III-0166,Enjoys arranging displays or decorations,FREE_TEXT,,PRE_SKILL,true
III,Early Vocational Indicators,III-0167,Enjoys serving others,FREE_TEXT,,PRE_SKILL,true
III,Early Vocational Indicators,III-0168,Enjoys using tools safely,FREE_TEXT,,PRE_SKILL,true
III,Early Vocational Indicators,III-0169,Enjoys repetitive routine tasks,FREE_TEXT,,PRE_SKILL,true
III,Early Vocational Indicators,III-0170,Enjoys checking or inspecting completed work,FREE_TEXT,,PRE_SKILL,true
III,Select and rank the learner's top five interests.,III-0171,"List the learner's top five interests, in order.",FREE_TEXT,,PRE_SKILL,true
III,Emerging Vocational Indicators,III-0172,Which activity does the learner choose first without prompting?,FREE_TEXT,,PRE_SKILL,true
III,Emerging Vocational Indicators,III-0173,Which activity keeps the learner engaged for the longest period?,FREE_TEXT,,PRE_SKILL,true
III,Emerging Vocational Indicators,III-0174,Which activity does the learner repeat every day if possible?,FREE_TEXT,,PRE_SKILL,true
III,Emerging Vocational Indicators,III-0175,Which activity would the learner willingly practice to become better at?,FREE_TEXT,,PRE_SKILL,true
III,Emerging Vocational Indicators,III-0176,Which activity does the learner complete with the least assistance?,FREE_TEXT,,PRE_SKILL,true
III,Emerging Vocational Indicators,III-0177,Which activity receives the most praise from family or teachers?,FREE_TEXT,,PRE_SKILL,true
III,Emerging Vocational Indicators,III-0178,Which activity demonstrates the learner's strongest natural ability?,FREE_TEXT,,PRE_SKILL,true
III,Emerging Vocational Indicators,III-0179,Which activity do you believe could become a future vocation?,FREE_TEXT,,PRE_SKILL,true
III,Emerging Vocational Indicators,III-0180,Has the learner shown interest in earning money through any activity?,FREE_TEXT,,PRE_SKILL,true
III,Emerging Vocational Indicators,III-0181,"If given an opportunity today, what job or role would the learner most enjoy trying?",FREE_TEXT,,PRE_SKILL,true
III,Parent/Caregiver/Learner Interview,III-0182,What activities do you enjoy doing the most during your free time?,FREE_TEXT,,BASIC,true
III,Parent/Caregiver/Learner Interview,III-0183,"If you are given a whole day without school or homework, what would you choose to do first?",FREE_TEXT,,BASIC,true
III,Parent/Caregiver/Learner Interview,III-0184,Which school subject or activity do you enjoy the most? Why?,FREE_TEXT,,BASIC,true
III,Parent/Caregiver/Learner Interview,III-0185,Which extracurricular clubs or classes would you like to join?,FREE_TEXT,,BASIC,true
III,Parent/Caregiver/Learner Interview,III-0186,Do you enjoy participating in competitions or projects? Which type?,FREE_TEXT,,BASIC,true
III,Parent/Caregiver/Learner Interview,III-0187,Do you prefer working alone or as part of a team? Why?,FREE_TEXT,,BASIC,true
III,Parent/Caregiver/Learner Interview,III-0188,Who inspires you the most and why?,FREE_TEXT,,BASIC,true
III,Parent/Caregiver/Learner Interview,III-0189,Which tasks make you feel proud after completing them?,FREE_TEXT,,BASIC,true
III,Parent/Caregiver/Learner Interview,III-0190,Which household responsibilities do you willingly perform without being asked?,FREE_TEXT,,BASIC,true
III,Parent/Caregiver/Learner Interview,III-0191,What hobbies have you continued doing for many months or years?,FREE_TEXT,,BASIC,true
III,Parent/Caregiver/Learner Interview,III-0192,Which activities make you lose track of time because you enjoy them so much?,FREE_TEXT,,BASIC,true
III,Parent/Caregiver/Learner Interview,III-0193,Which activities do you avoid or dislike? Why?,FREE_TEXT,,BASIC,true
III,Parent/Caregiver/Learner Interview,III-0194,Have you ever imagined yourself working in a particular profession?,FREE_TEXT,,BASIC,true
III,Parent/Caregiver/Learner Interview,III-0195,Have you ever observed someone at work and wanted to try the same job?,FREE_TEXT,,BASIC,true
III,Parent/Caregiver/Learner Interview,III-0196,"Which environment helps you concentrate best (classroom, nature, workshop, library, computer lab, kitchen, outdoors)?",FREE_TEXT,,BASIC,true
III,Parent/Caregiver/Learner Interview,III-0197,"Would you rather help people, create things, organize materials, repair items, or work with technology?",FREE_TEXT,,BASIC,true
III,Parent/Caregiver/Learner Interview,III-0198,Which achievement are you most proud of?,FREE_TEXT,,BASIC,true
III,Parent/Caregiver/Learner Interview,III-0199,"If you could learn any new skill immediately, what would you choose?",FREE_TEXT,,BASIC,true
III,Parent/Caregiver/Learner Interview,III-0200,Which interest do you think could become your future career?,FREE_TEXT,,BASIC,true
III,Standardized Behavioural Interest Inventory,III-0201,Enjoys painting or digital art,SCALE,3 — Frequently chooses independently|2 — Sometimes chooses independently|1 — Rarely chooses (only with prompting)|0 — Never chooses / avoids,BASIC,false
III,Standardized Behavioural Interest Inventory,III-0202,Enjoys craft or DIY projects,SCALE,3 — Frequently chooses independently|2 — Sometimes chooses independently|1 — Rarely chooses (only with prompting)|0 — Never chooses / avoids,BASIC,false
III,Standardized Behavioural Interest Inventory,III-0203,Enjoys music or singing,SCALE,3 — Frequently chooses independently|2 — Sometimes chooses independently|1 — Rarely chooses (only with prompting)|0 — Never chooses / avoids,BASIC,false
III,Standardized Behavioural Interest Inventory,III-0204,Enjoys dance or choreography,SCALE,3 — Frequently chooses independently|2 — Sometimes chooses independently|1 — Rarely chooses (only with prompting)|0 — Never chooses / avoids,BASIC,false
III,Standardized Behavioural Interest Inventory,III-0205,Enjoys photography or videography,SCALE,3 — Frequently chooses independently|2 — Sometimes chooses independently|1 — Rarely chooses (only with prompting)|0 — Never chooses / avoids,BASIC,false
III,Standardized Behavioural Interest Inventory,III-0206,Enjoys designing posters or presentations,SCALE,3 — Frequently chooses independently|2 — Sometimes chooses independently|1 — Rarely chooses (only with prompting)|0 — Never chooses / avoids,BASIC,false
III,Standardized Behavioural Interest Inventory,III-0207,Enjoys storytelling or creative writing,SCALE,3 — Frequently chooses independently|2 — Sometimes chooses independently|1 — Rarely chooses (only with prompting)|0 — Never chooses / avoids,BASIC,false
III,Standardized Behavioural Interest Inventory,III-0208,Enjoys reading books independently,SCALE,3 — Frequently chooses independently|2 — Sometimes chooses independently|1 — Rarely chooses (only with prompting)|0 — Never chooses / avoids,BASIC,false
III,Standardized Behavioural Interest Inventory,III-0209,Enjoys writing stories or essays,SCALE,3 — Frequently chooses independently|2 — Sometimes chooses independently|1 — Rarely chooses (only with prompting)|0 — Never chooses / avoids,BASIC,false
III,Standardized Behavioural Interest Inventory,III-0210,Enjoys mathematics or logical puzzles,SCALE,3 — Frequently chooses independently|2 — Sometimes chooses independently|1 — Rarely chooses (only with prompting)|0 — Never chooses / avoids,BASIC,false
III,Standardized Behavioural Interest Inventory,III-0211,Enjoys science experiments,SCALE,3 — Frequently chooses independently|2 — Sometimes chooses independently|1 — Rarely chooses (only with prompting)|0 — Never chooses / avoids,BASIC,false
III,Standardized Behavioural Interest Inventory,III-0212,Enjoys learning new facts or research,SCALE,3 — Frequently chooses independently|2 — Sometimes chooses independently|1 — Rarely chooses (only with prompting)|0 — Never chooses / avoids,BASIC,false
III,Standardized Behavioural Interest Inventory,III-0213,Enjoys quizzes or educational competitions,SCALE,3 — Frequently chooses independently|2 — Sometimes chooses independently|1 — Rarely chooses (only with prompting)|0 — Never chooses / avoids,BASIC,false
III,Standardized Behavioural Interest Inventory,III-0214,Enjoys geography or history topics,SCALE,3 — Frequently chooses independently|2 — Sometimes chooses independently|1 — Rarely chooses (only with prompting)|0 — Never chooses / avoids,BASIC,false
III,Standardized Behavioural Interest Inventory,III-0215,Enjoys solving challenging problems,SCALE,3 — Frequently chooses independently|2 — Sometimes chooses independently|1 — Rarely chooses (only with prompting)|0 — Never chooses / avoids,BASIC,false
III,C. Technology Interests,III-0216,Enjoys using computers,SCALE,3 — Frequently chooses independently|2 — Sometimes chooses independently|1 — Rarely chooses (only with prompting)|0 — Never chooses / avoids,BASIC,false
III,C. Technology Interests,III-0217,Enjoys typing activities,SCALE,3 — Frequently chooses independently|2 — Sometimes chooses independently|1 — Rarely chooses (only with prompting)|0 — Never chooses / avoids,BASIC,false
III,C. Technology Interests,III-0218,Enjoys coding or programming concepts,SCALE,3 — Frequently chooses independently|2 — Sometimes chooses independently|1 — Rarely chooses (only with prompting)|0 — Never chooses / avoids,BASIC,false
III,C. Technology Interests,III-0219,Enjoys designing using software,SCALE,3 — Frequently chooses independently|2 — Sometimes chooses independently|1 — Rarely chooses (only with prompting)|0 — Never chooses / avoids,BASIC,false
III,Enjoys creating presentations,III-0220,Enjoys editing photos or videos,SCALE,3 — Frequently chooses independently|2 — Sometimes chooses independently|1 — Rarely chooses (only with prompting)|0 — Never chooses / avoids,BASIC,false
III,Enjoys creating presentations,III-0221,Enjoys exploring new apps or software,SCALE,3 — Frequently chooses independently|2 — Sometimes chooses independently|1 — Rarely chooses (only with prompting)|0 — Never chooses / avoids,BASIC,false
III,D. Construction & Mechanical Interests,III-0222,Enjoys building models or structures,SCALE,3 — Frequently chooses independently|2 — Sometimes chooses independently|1 — Rarely chooses (only with prompting)|0 — Never chooses / avoids,BASIC,false
III,D. Construction & Mechanical Interests,III-0223,Enjoys assembling objects,SCALE,3 — Frequently chooses independently|2 — Sometimes chooses independently|1 — Rarely chooses (only with prompting)|0 — Never chooses / avoids,BASIC,false
III,D. Construction & Mechanical Interests,III-0224,Enjoys repairing broken items,SCALE,3 — Frequently chooses independently|2 — Sometimes chooses independently|1 — Rarely chooses (only with prompting)|0 — Never chooses / avoids,BASIC,false
III,D. Construction & Mechanical Interests,III-0225,Enjoys using tools safely,SCALE,3 — Frequently chooses independently|2 — Sometimes chooses independently|1 — Rarely chooses (only with prompting)|0 — Never chooses / avoids,BASIC,false
III,D. Construction & Mechanical Interests,III-0226,Enjoys understanding how machines work,SCALE,3 — Frequently chooses independently|2 — Sometimes chooses independently|1 — Rarely chooses (only with prompting)|0 — Never chooses / avoids,BASIC,false
III,Enjoys engineering or construction toys,III-0227,Enjoys organizing equipment,SCALE,3 — Frequently chooses independently|2 — Sometimes chooses independently|1 — Rarely chooses (only with prompting)|0 — Never chooses / avoids,BASIC,false
III,Enjoys engineering or construction toys,III-0228,Enjoys cooking or baking,SCALE,3 — Frequently chooses independently|2 — Sometimes chooses independently|1 — Rarely chooses (only with prompting)|0 — Never chooses / avoids,BASIC,false
III,Enjoys engineering or construction toys,III-0229,Enjoys cleaning or housekeeping,SCALE,3 — Frequently chooses independently|2 — Sometimes chooses independently|1 — Rarely chooses (only with prompting)|0 — Never chooses / avoids,BASIC,false
III,Enjoys engineering or construction toys,III-0230,Enjoys organizing rooms or materials,SCALE,3 — Frequently chooses independently|2 — Sometimes chooses independently|1 — Rarely chooses (only with prompting)|0 — Never chooses / avoids,BASIC,false
III,Enjoys engineering or construction toys,III-0231,Enjoys shopping or comparing products,SCALE,3 — Frequently chooses independently|2 — Sometimes chooses independently|1 — Rarely chooses (only with prompting)|0 — Never chooses / avoids,BASIC,false
III,Enjoys engineering or construction toys,III-0232,Enjoys folding clothes,SCALE,3 — Frequently chooses independently|2 — Sometimes chooses independently|1 — Rarely chooses (only with prompting)|0 — Never chooses / avoids,BASIC,false
III,Enjoys engineering or construction toys,III-0233,Enjoys decorating spaces,SCALE,3 — Frequently chooses independently|2 — Sometimes chooses independently|1 — Rarely chooses (only with prompting)|0 — Never chooses / avoids,BASIC,false
III,Enjoys engineering or construction toys,III-0234,Enjoys helping prepare meals,SCALE,3 — Frequently chooses independently|2 — Sometimes chooses independently|1 — Rarely chooses (only with prompting)|0 — Never chooses / avoids,BASIC,false
III,Enjoys engineering or construction toys,III-0235,Enjoys gardening,SCALE,3 — Frequently chooses independently|2 — Sometimes chooses independently|1 — Rarely chooses (only with prompting)|0 — Never chooses / avoids,BASIC,false
III,Enjoys engineering or construction toys,III-0236,Enjoys caring for plants,SCALE,3 — Frequently chooses independently|2 — Sometimes chooses independently|1 — Rarely chooses (only with prompting)|0 — Never chooses / avoids,BASIC,false
III,Enjoys engineering or construction toys,III-0237,Enjoys caring for animals,SCALE,3 — Frequently chooses independently|2 — Sometimes chooses independently|1 — Rarely chooses (only with prompting)|0 — Never chooses / avoids,BASIC,false
III,Enjoys engineering or construction toys,III-0238,Enjoys outdoor exploration,SCALE,3 — Frequently chooses independently|2 — Sometimes chooses independently|1 — Rarely chooses (only with prompting)|0 — Never chooses / avoids,BASIC,false
III,Enjoys engineering or construction toys,III-0239,Enjoys environmental activities,SCALE,3 — Frequently chooses independently|2 — Sometimes chooses independently|1 — Rarely chooses (only with prompting)|0 — Never chooses / avoids,BASIC,false
III,Enjoys engineering or construction toys,III-0240,Enjoys farming or agricultural tasks,SCALE,3 — Frequently chooses independently|2 — Sometimes chooses independently|1 — Rarely chooses (only with prompting)|0 — Never chooses / avoids,BASIC,false
III,Enjoys engineering or construction toys,III-0241,Enjoys helping classmates,SCALE,3 — Frequently chooses independently|2 — Sometimes chooses independently|1 — Rarely chooses (only with prompting)|0 — Never chooses / avoids,BASIC,false
III,Enjoys engineering or construction toys,III-0242,Enjoys teaching younger children,SCALE,3 — Frequently chooses independently|2 — Sometimes chooses independently|1 — Rarely chooses (only with prompting)|0 — Never chooses / avoids,BASIC,false
III,Enjoys engineering or construction toys,III-0243,Enjoys volunteering,SCALE,3 — Frequently chooses independently|2 — Sometimes chooses independently|1 — Rarely chooses (only with prompting)|0 — Never chooses / avoids,BASIC,false
III,Enjoys engineering or construction toys,III-0244,Enjoys caring for others,SCALE,3 — Frequently chooses independently|2 — Sometimes chooses independently|1 — Rarely chooses (only with prompting)|0 — Never chooses / avoids,BASIC,false
III,Enjoys engineering or construction toys,III-0245,Enjoys welcoming guests,SCALE,3 — Frequently chooses independently|2 — Sometimes chooses independently|1 — Rarely chooses (only with prompting)|0 — Never chooses / avoids,BASIC,false
III,Enjoys engineering or construction toys,III-0246,Enjoys customer interaction,SCALE,3 — Frequently chooses independently|2 — Sometimes chooses independently|1 — Rarely chooses (only with prompting)|0 — Never chooses / avoids,BASIC,false
III,Enjoys engineering or construction toys,III-0247,Enjoys participating in community events,SCALE,3 — Frequently chooses independently|2 — Sometimes chooses independently|1 — Rarely chooses (only with prompting)|0 — Never chooses / avoids,BASIC,false
III,Enjoys engineering or construction toys,III-0248,Enjoys pretend buying and selling,SCALE,3 — Frequently chooses independently|2 — Sometimes chooses independently|1 — Rarely chooses (only with prompting)|0 — Never chooses / avoids,BASIC,false
III,Enjoys engineering or construction toys,III-0249,Enjoys counting money,SCALE,3 — Frequently chooses independently|2 — Sometimes chooses independently|1 — Rarely chooses (only with prompting)|0 — Never chooses / avoids,BASIC,false
III,Enjoys engineering or construction toys,III-0250,Enjoys planning events,SCALE,3 — Frequently chooses independently|2 — Sometimes chooses independently|1 — Rarely chooses (only with prompting)|0 — Never chooses / avoids,BASIC,false
III,Enjoys engineering or construction toys,III-0251,Enjoys organizing projects,SCALE,3 — Frequently chooses independently|2 — Sometimes chooses independently|1 — Rarely chooses (only with prompting)|0 — Never chooses / avoids,BASIC,false
III,Enjoys engineering or construction toys,III-0252,Enjoys marketing or promoting ideas,SCALE,3 — Frequently chooses independently|2 — Sometimes chooses independently|1 — Rarely chooses (only with prompting)|0 — Never chooses / avoids,BASIC,false
III,Enjoys engineering or construction toys,III-0253,Enjoys packaging products,SCALE,3 — Frequently chooses independently|2 — Sometimes chooses independently|1 — Rarely chooses (only with prompting)|0 — Never chooses / avoids,BASIC,false
III,Enjoys engineering or construction toys,III-0254,Enjoys inventory management,SCALE,3 — Frequently chooses independently|2 — Sometimes chooses independently|1 — Rarely chooses (only with prompting)|0 — Never chooses / avoids,BASIC,false
III,Enjoys engineering or construction toys,III-0255,Enjoys public speaking,SCALE,3 — Frequently chooses independently|2 — Sometimes chooses independently|1 — Rarely chooses (only with prompting)|0 — Never chooses / avoids,BASIC,false
III,Enjoys engineering or construction toys,III-0256,Enjoys anchoring programs,SCALE,3 — Frequently chooses independently|2 — Sometimes chooses independently|1 — Rarely chooses (only with prompting)|0 — Never chooses / avoids,BASIC,false
III,Enjoys engineering or construction toys,III-0257,Enjoys acting or drama,SCALE,3 — Frequently chooses independently|2 — Sometimes chooses independently|1 — Rarely chooses (only with prompting)|0 — Never chooses / avoids,BASIC,false
III,Enjoys engineering or construction toys,III-0258,Enjoys debates,SCALE,3 — Frequently chooses independently|2 — Sometimes chooses independently|1 — Rarely chooses (only with prompting)|0 — Never chooses / avoids,BASIC,false
III,Enjoys engineering or construction toys,III-0259,Enjoys storytelling,SCALE,3 — Frequently chooses independently|2 — Sometimes chooses independently|1 — Rarely chooses (only with prompting)|0 — Never chooses / avoids,BASIC,false
III,Enjoys engineering or construction toys,III-0260,Enjoys presenting before groups,SCALE,3 — Frequently chooses independently|2 — Sometimes chooses independently|1 — Rarely chooses (only with prompting)|0 — Never chooses / avoids,BASIC,false
III,Enjoys engineering or construction toys,III-0261,Enjoys interviewing others,SCALE,3 — Frequently chooses independently|2 — Sometimes chooses independently|1 — Rarely chooses (only with prompting)|0 — Never chooses / avoids,BASIC,false
III,J. Environmental Preferences,III-0262,Prefers quiet work environments,SCALE,3 — Frequently chooses independently|2 — Sometimes chooses independently|1 — Rarely chooses (only with prompting)|0 — Never chooses / avoids,BASIC,false
III,J. Environmental Preferences,III-0263,Prefers busy environments,SCALE,3 — Frequently chooses independently|2 — Sometimes chooses independently|1 — Rarely chooses (only with prompting)|0 — Never chooses / avoids,BASIC,false
III,J. Environmental Preferences,III-0264,Prefers indoor work,SCALE,3 — Frequently chooses independently|2 — Sometimes chooses independently|1 — Rarely chooses (only with prompting)|0 — Never chooses / avoids,BASIC,false
III,J. Environmental Preferences,III-0265,Prefers outdoor work,SCALE,3 — Frequently chooses independently|2 — Sometimes chooses independently|1 — Rarely chooses (only with prompting)|0 — Never chooses / avoids,BASIC,false
III,J. Environmental Preferences,III-0266,Prefers structured routines,SCALE,3 — Frequently chooses independently|2 — Sometimes chooses independently|1 — Rarely chooses (only with prompting)|0 — Never chooses / avoids,BASIC,false
III,J. Environmental Preferences,III-0267,Prefers flexible or changing environments,SCALE,3 — Frequently chooses independently|2 — Sometimes chooses independently|1 — Rarely chooses (only with prompting)|0 — Never chooses / avoids,BASIC,false
III,J. Environmental Preferences,III-0268,Prefers working in workshops or labs,SCALE,3 — Frequently chooses independently|2 — Sometimes chooses independently|1 — Rarely chooses (only with prompting)|0 — Never chooses / avoids,BASIC,false
III,J. Environmental Preferences,III-0269,Prefers office-like settings,SCALE,3 — Frequently chooses independently|2 — Sometimes chooses independently|1 — Rarely chooses (only with prompting)|0 — Never chooses / avoids,BASIC,false
III,J. Environmental Preferences,III-0270,Prefers working independently,SCALE,3 — Frequently chooses independently|2 — Sometimes chooses independently|1 — Rarely chooses (only with prompting)|0 — Never chooses / avoids,BASIC,false
III,J. Environmental Preferences,III-0271,Prefers working in teams,SCALE,3 — Frequently chooses independently|2 — Sometimes chooses independently|1 — Rarely chooses (only with prompting)|0 — Never chooses / avoids,BASIC,false
III,J. Environmental Preferences,III-0272,Enjoys following instructions,SCALE,3 — Frequently chooses independently|2 — Sometimes chooses independently|1 — Rarely chooses (only with prompting)|0 — Never chooses / avoids,BASIC,false
III,J. Environmental Preferences,III-0273,Enjoys initiating new ideas,SCALE,3 — Frequently chooses independently|2 — Sometimes chooses independently|1 — Rarely chooses (only with prompting)|0 — Never chooses / avoids,BASIC,false
III,J. Environmental Preferences,III-0274,Enjoys repetitive tasks,SCALE,3 — Frequently chooses independently|2 — Sometimes chooses independently|1 — Rarely chooses (only with prompting)|0 — Never chooses / avoids,BASIC,false
III,J. Environmental Preferences,III-0275,Enjoys variety in work,SCALE,3 — Frequently chooses independently|2 — Sometimes chooses independently|1 — Rarely chooses (only with prompting)|0 — Never chooses / avoids,BASIC,false
III,J. Environmental Preferences,III-0276,Enjoys planning before starting tasks,SCALE,3 — Frequently chooses independently|2 — Sometimes chooses independently|1 — Rarely chooses (only with prompting)|0 — Never chooses / avoids,BASIC,false
III,J. Environmental Preferences,III-0277,Enjoys experimenting with new approaches,SCALE,3 — Frequently chooses independently|2 — Sometimes chooses independently|1 — Rarely chooses (only with prompting)|0 — Never chooses / avoids,BASIC,false
III,J. Environmental Preferences,III-0278,Returns repeatedly to preferred activities,SCALE,3 — Frequently chooses independently|2 — Sometimes chooses independently|1 — Rarely chooses (only with prompting)|0 — Never chooses / avoids,BASIC,false
III,J. Environmental Preferences,III-0279,Completes self-selected tasks independently,SCALE,3 — Frequently chooses independently|2 — Sometimes chooses independently|1 — Rarely chooses (only with prompting)|0 — Never chooses / avoids,BASIC,false
III,J. Environmental Preferences,III-0280,Learns from mistakes and tries again,SCALE,3 — Frequently chooses independently|2 — Sometimes chooses independently|1 — Rarely chooses (only with prompting)|0 — Never chooses / avoids,BASIC,false
III,J. Environmental Preferences,III-0281,Demonstrates curiosity to improve skills,SCALE,3 — Frequently chooses independently|2 — Sometimes chooses independently|1 — Rarely chooses (only with prompting)|0 — Never chooses / avoids,BASIC,false
III,M. Emerging Vocational Behaviours,III-0282,Enjoys organizing materials,SCALE,3 — Frequently chooses independently|2 — Sometimes chooses independently|1 — Rarely chooses (only with prompting)|0 — Never chooses / avoids,BASIC,false
III,M. Emerging Vocational Behaviours,III-0283,Enjoys maintaining records,SCALE,3 — Frequently chooses independently|2 — Sometimes chooses independently|1 — Rarely chooses (only with prompting)|0 — Never chooses / avoids,BASIC,false
III,M. Emerging Vocational Behaviours,III-0284,Enjoys checking completed work,SCALE,3 — Frequently chooses independently|2 — Sometimes chooses independently|1 — Rarely chooses (only with prompting)|0 — Never chooses / avoids,BASIC,false
III,M. Emerging Vocational Behaviours,III-0285,Enjoys quality control activities,SCALE,3 — Frequently chooses independently|2 — Sometimes chooses independently|1 — Rarely chooses (only with prompting)|0 — Never chooses / avoids,BASIC,false
III,M. Emerging Vocational Behaviours,III-0286,Enjoys serving customers,SCALE,3 — Frequently chooses independently|2 — Sometimes chooses independently|1 — Rarely chooses (only with prompting)|0 — Never chooses / avoids,BASIC,false
III,M. Emerging Vocational Behaviours,III-0287,Enjoys preparing products,SCALE,3 — Frequently chooses independently|2 — Sometimes chooses independently|1 — Rarely chooses (only with prompting)|0 — Never chooses / avoids,BASIC,false
III,M. Emerging Vocational Behaviours,III-0288,Enjoys packaging items,SCALE,3 — Frequently chooses independently|2 — Sometimes chooses independently|1 — Rarely chooses (only with prompting)|0 — Never chooses / avoids,BASIC,false
III,M. Emerging Vocational Behaviours,III-0289,Enjoys arranging displays,SCALE,3 — Frequently chooses independently|2 — Sometimes chooses independently|1 — Rarely chooses (only with prompting)|0 — Never chooses / avoids,BASIC,false
III,M. Emerging Vocational Behaviours,III-0290,Enjoys managing resources,SCALE,3 — Frequently chooses independently|2 — Sometimes chooses independently|1 — Rarely chooses (only with prompting)|0 — Never chooses / avoids,BASIC,false
III,M. Emerging Vocational Behaviours,III-0291,Enjoys completing structured routines,SCALE,3 — Frequently chooses independently|2 — Sometimes chooses independently|1 — Rarely chooses (only with prompting)|0 — Never chooses / avoids,BASIC,false
III,Please rank the learner's top five interests.,III-0292,"List the learner's top five interests, in order.",FREE_TEXT,,BASIC,true
III,Emerging Vocational Indicators,III-0293,Which activity does the learner voluntarily choose first when given free time?,FREE_TEXT,,BASIC,true
III,Emerging Vocational Indicators,III-0294,Which activity keeps the learner engaged for the longest duration?,FREE_TEXT,,BASIC,true
III,Emerging Vocational Indicators,III-0295,Which hobby has remained consistent for more than one year?,FREE_TEXT,,BASIC,true
III,Emerging Vocational Indicators,III-0296,Which activity does the learner complete with the least supervision?,FREE_TEXT,,BASIC,true
III,Emerging Vocational Indicators,III-0297,Which activity receives the highest praise from teachers or family?,FREE_TEXT,,BASIC,true
III,Emerging Vocational Indicators,III-0298,Which activity demonstrates the learner's strongest natural talent?,FREE_TEXT,,BASIC,true
III,Emerging Vocational Indicators,III-0299,Which activity would the learner willingly practice every day?,FREE_TEXT,,BASIC,true
III,Emerging Vocational Indicators,III-0300,Which activity would the learner be happy to perform even without rewards?,FREE_TEXT,,BASIC,true
III,Emerging Vocational Indicators,III-0301,"Which type of project does the learner prefer: creating, planning, organizing, repairing, or helping?",FREE_TEXT,,BASIC,true
III,Emerging Vocational Indicators,III-0302,Does the learner prefer service-oriented tasks or technical tasks?,FREE_TEXT,,BASIC,true
III,Emerging Vocational Indicators,III-0303,Does the learner demonstrate leadership during group activities?,FREE_TEXT,,BASIC,true
III,Emerging Vocational Indicators,III-0304,Does the learner enjoy mentoring or supporting peers?,FREE_TEXT,,BASIC,true
III,Emerging Vocational Indicators,III-0305,"Has the learner maintained a sustained interest in a particular subject or field (e.g., science, cooking, design, technology)?",FREE_TEXT,,BASIC,true
III,Emerging Vocational Indicators,III-0306,Has the learner expressed interest in earning money through a hobby or skill?,FREE_TEXT,,BASIC,true
III,Emerging Vocational Indicators,III-0307,"If given the opportunity today, which vocational experience would the learner most like to try?",FREE_TEXT,,BASIC,true
III,Emerging Vocational Indicators,III-0308,Which work environment would the learner most enjoy?,FREE_TEXT,,BASIC,true
III,Learner/Caregiver Interview,III-0309,"If you could spend an entire day doing one activity, what would it be?",FREE_TEXT,,INTERMEDIATE,true
III,Learner/Caregiver Interview,III-0310,Which activities make you feel the happiest and most confident?,FREE_TEXT,,INTERMEDIATE,true
III,Learner/Caregiver Interview,III-0311,What hobbies or interests have you continued for several years?,FREE_TEXT,,INTERMEDIATE,true
III,Learner/Caregiver Interview,III-0312,Which activity would you like to improve or master?,FREE_TEXT,,INTERMEDIATE,true
III,Learner/Caregiver Interview,III-0313,"What do your family members, teachers, or friends often praise you for?",FREE_TEXT,,INTERMEDIATE,true
III,Work Preferences,III-0314,Would you prefer working indoors or outdoors? Why?,SCALE,3 — Frequently chooses independently|2 — Sometimes chooses independently|1 — Rarely chooses (only with prompting)|0 — Never chooses / avoids,INTERMEDIATE,false
III,Work Preferences,III-0315,Do you prefer working independently or as part of a team?,SCALE,3 — Frequently chooses independently|2 — Sometimes chooses independently|1 — Rarely chooses (only with prompting)|0 — Never chooses / avoids,INTERMEDIATE,false
III,Work Preferences,III-0316,"Would you rather help people, create products, organize things, or solve problems?",SCALE,3 — Frequently chooses independently|2 — Sometimes chooses independently|1 — Rarely chooses (only with prompting)|0 — Never chooses / avoids,INTERMEDIATE,false
III,Work Preferences,III-0317,"Which type of workplace appeals to you most? (Office, café, school, workshop, garden, retail store, hospital, studio, home)",SCALE,3 — Frequently chooses independently|2 — Sometimes chooses independently|1 — Rarely chooses (only with prompting)|0 — Never chooses / avoids,INTERMEDIATE,false
III,Work Preferences,III-0318,What type of tasks make you lose track of time because you enjoy them so much?,SCALE,3 — Frequently chooses independently|2 — Sometimes chooses independently|1 — Rarely chooses (only with prompting)|0 — Never chooses / avoids,INTERMEDIATE,false
III,Technology & Creativity,III-0319,"Do you enjoy using computers, designing, editing videos, or creating presentations?",SCALE,3 — Frequently chooses independently|2 — Sometimes chooses independently|1 — Rarely chooses (only with prompting)|0 — Never chooses / avoids,INTERMEDIATE,false
III,Technology & Creativity,III-0320,Have you ever created something digital that made you feel proud?,SCALE,3 — Frequently chooses independently|2 — Sometimes chooses independently|1 — Rarely chooses (only with prompting)|0 — Never chooses / avoids,INTERMEDIATE,false
III,Technology & Creativity,III-0321,Which apps or software do you enjoy using the most?,SCALE,3 — Frequently chooses independently|2 — Sometimes chooses independently|1 — Rarely chooses (only with prompting)|0 — Never chooses / avoids,INTERMEDIATE,false
III,Technology & Creativity,III-0322,Have you ever thought about starting your own business?,SCALE,3 — Frequently chooses independently|2 — Sometimes chooses independently|1 — Rarely chooses (only with prompting)|0 — Never chooses / avoids,INTERMEDIATE,false
III,Technology & Creativity,III-0323,"If you could sell one product or service, what would it be?",SCALE,3 — Frequently chooses independently|2 — Sometimes chooses independently|1 — Rarely chooses (only with prompting)|0 — Never chooses / avoids,INTERMEDIATE,false
III,Technology & Creativity,III-0324,Have you ever earned money through a hobby or skill?,SCALE,3 — Frequently chooses independently|2 — Sometimes chooses independently|1 — Rarely chooses (only with prompting)|0 — Never chooses / avoids,INTERMEDIATE,false
III,Technology & Creativity,III-0325,Do you enjoy leading group activities or supporting others?,SCALE,3 — Frequently chooses independently|2 — Sometimes chooses independently|1 — Rarely chooses (only with prompting)|0 — Never chooses / avoids,INTERMEDIATE,false
III,Technology & Creativity,III-0326,Have you ever taught someone a new skill?,SCALE,3 — Frequently chooses independently|2 — Sometimes chooses independently|1 — Rarely chooses (only with prompting)|0 — Never chooses / avoids,INTERMEDIATE,false
III,Technology & Creativity,III-0327,Do you enjoy public speaking or making announcements?,SCALE,3 — Frequently chooses independently|2 — Sometimes chooses independently|1 — Rarely chooses (only with prompting)|0 — Never chooses / avoids,INTERMEDIATE,false
III,Technology & Creativity,III-0328,"If you could try any profession for one week, what would it be?",SCALE,3 — Frequently chooses independently|2 — Sometimes chooses independently|1 — Rarely chooses (only with prompting)|0 — Never chooses / avoids,INTERMEDIATE,false
III,Technology & Creativity,III-0329,Which career do you think matches your strengths?,SCALE,3 — Frequently chooses independently|2 — Sometimes chooses independently|1 — Rarely chooses (only with prompting)|0 — Never chooses / avoids,INTERMEDIATE,false
III,Technology & Creativity,III-0330,What type of work would you never want to do? Why?,SCALE,3 — Frequently chooses independently|2 — Sometimes chooses independently|1 — Rarely chooses (only with prompting)|0 — Never chooses / avoids,INTERMEDIATE,false
III,Technology & Creativity,III-0331,"What motivates you more-money, creativity, helping others, recognition, or learning?",SCALE,3 — Frequently chooses independently|2 — Sometimes chooses independently|1 — Rarely chooses (only with prompting)|0 — Never chooses / avoids,INTERMEDIATE,false
III,Technology & Creativity,III-0332,What challenges prevent you from pursuing your interests?,SCALE,3 — Frequently chooses independently|2 — Sometimes chooses independently|1 — Rarely chooses (only with prompting)|0 — Never chooses / avoids,INTERMEDIATE,false
III,Data & Technology,III-0333,Enjoys entering or organizing data,SCALE,3 — Frequently chooses independently|2 — Sometimes chooses independently|1 — Rarely chooses (only with prompting)|0 — Never chooses / avoids,INTERMEDIATE,false
III,Enjoys creating spreadsheets,III-0334,Enjoys preparing presentations,SCALE,3 — Frequently chooses independently|2 — Sometimes chooses independently|1 — Rarely chooses (only with prompting)|0 — Never chooses / avoids,INTERMEDIATE,false
III,Enjoys creating spreadsheets,III-0335,Enjoys analyzing information,SCALE,3 — Frequently chooses independently|2 — Sometimes chooses independently|1 — Rarely chooses (only with prompting)|0 — Never chooses / avoids,INTERMEDIATE,false
III,Enjoys creating spreadsheets,III-0336,Enjoys using office software,SCALE,3 — Frequently chooses independently|2 — Sometimes chooses independently|1 — Rarely chooses (only with prompting)|0 — Never chooses / avoids,INTERMEDIATE,false
III,Enjoys learning new technology,III-0337,Enjoys troubleshooting digital devices,SCALE,3 — Frequently chooses independently|2 — Sometimes chooses independently|1 — Rarely chooses (only with prompting)|0 — Never chooses / avoids,INTERMEDIATE,false
III,Enjoys learning new technology,III-0338,Enjoys organizing digital files,SCALE,3 — Frequently chooses independently|2 — Sometimes chooses independently|1 — Rarely chooses (only with prompting)|0 — Never chooses / avoids,INTERMEDIATE,false
III,Enjoys learning new technology,III-0339,Enjoys editing photos,SCALE,3 — Frequently chooses independently|2 — Sometimes chooses independently|1 — Rarely chooses (only with prompting)|0 — Never chooses / avoids,INTERMEDIATE,false
III,Enjoys learning new technology,III-0340,Enjoys editing videos,SCALE,3 — Frequently chooses independently|2 — Sometimes chooses independently|1 — Rarely chooses (only with prompting)|0 — Never chooses / avoids,INTERMEDIATE,false
III,Enjoys creating posters,III-0341,Enjoys graphic design,SCALE,3 — Frequently chooses independently|2 — Sometimes chooses independently|1 — Rarely chooses (only with prompting)|0 — Never chooses / avoids,INTERMEDIATE,false
III,Enjoys creating posters,III-0342,Enjoys digital illustration,SCALE,3 — Frequently chooses independently|2 — Sometimes chooses independently|1 — Rarely chooses (only with prompting)|0 — Never chooses / avoids,INTERMEDIATE,false
III,Enjoys creating posters,III-0343,Enjoys logo or branding design,SCALE,3 — Frequently chooses independently|2 — Sometimes chooses independently|1 — Rarely chooses (only with prompting)|0 — Never chooses / avoids,INTERMEDIATE,false
III,Enjoys creating posters,III-0344,Enjoys customizing products,SCALE,3 — Frequently chooses independently|2 — Sometimes chooses independently|1 — Rarely chooses (only with prompting)|0 — Never chooses / avoids,INTERMEDIATE,false
III,Enjoys creating social media content,III-0345,Enjoys cooking meals,SCALE,3 — Frequently chooses independently|2 — Sometimes chooses independently|1 — Rarely chooses (only with prompting)|0 — Never chooses / avoids,INTERMEDIATE,false
III,Enjoys creating social media content,III-0346,Enjoys baking,SCALE,3 — Frequently chooses independently|2 — Sometimes chooses independently|1 — Rarely chooses (only with prompting)|0 — Never chooses / avoids,INTERMEDIATE,false
III,Enjoys creating social media content,III-0347,Enjoys preparing beverages,SCALE,3 — Frequently chooses independently|2 — Sometimes chooses independently|1 — Rarely chooses (only with prompting)|0 — Never chooses / avoids,INTERMEDIATE,false
III,Enjoys creating social media content,III-0348,Enjoys serving food,SCALE,3 — Frequently chooses independently|2 — Sometimes chooses independently|1 — Rarely chooses (only with prompting)|0 — Never chooses / avoids,INTERMEDIATE,false
III,Enjoys creating social media content,III-0349,Enjoys arranging dining spaces,SCALE,3 — Frequently chooses independently|2 — Sometimes chooses independently|1 — Rarely chooses (only with prompting)|0 — Never chooses / avoids,INTERMEDIATE,false
III,Enjoys creating social media content,III-0350,Enjoys hosting guests,SCALE,3 — Frequently chooses independently|2 — Sometimes chooses independently|1 — Rarely chooses (only with prompting)|0 — Never chooses / avoids,INTERMEDIATE,false
III,Enjoys creating social media content,III-0351,Enjoys maintaining kitchen cleanliness,SCALE,3 — Frequently chooses independently|2 — Sometimes chooses independently|1 — Rarely chooses (only with prompting)|0 — Never chooses / avoids,INTERMEDIATE,false
III,Enjoys creating social media content,III-0352,Enjoys planning menus,SCALE,3 — Frequently chooses independently|2 — Sometimes chooses independently|1 — Rarely chooses (only with prompting)|0 — Never chooses / avoids,INTERMEDIATE,false
III,Enjoys creating social media content,III-0353,Enjoys gardening,SCALE,3 — Frequently chooses independently|2 — Sometimes chooses independently|1 — Rarely chooses (only with prompting)|0 — Never chooses / avoids,INTERMEDIATE,false
III,Enjoys creating social media content,III-0354,Enjoys landscaping,SCALE,3 — Frequently chooses independently|2 — Sometimes chooses independently|1 — Rarely chooses (only with prompting)|0 — Never chooses / avoids,INTERMEDIATE,false
III,Enjoys creating social media content,III-0355,Enjoys deliveries,SCALE,3 — Frequently chooses independently|2 — Sometimes chooses independently|1 — Rarely chooses (only with prompting)|0 — Never chooses / avoids,INTERMEDIATE,false
III,Enjoys creating social media content,III-0356,Enjoys outdoor maintenance,SCALE,3 — Frequently chooses independently|2 — Sometimes chooses independently|1 — Rarely chooses (only with prompting)|0 — Never chooses / avoids,INTERMEDIATE,false
III,Enjoys creating social media content,III-0357,Enjoys farming activities,SCALE,3 — Frequently chooses independently|2 — Sometimes chooses independently|1 — Rarely chooses (only with prompting)|0 — Never chooses / avoids,INTERMEDIATE,false
III,Enjoys creating social media content,III-0358,Enjoys working in natural environments,SCALE,3 — Frequently chooses independently|2 — Sometimes chooses independently|1 — Rarely chooses (only with prompting)|0 — Never chooses / avoids,INTERMEDIATE,false
III,Enjoys creating social media content,III-0359,Enjoys caring for plants,SCALE,3 — Frequently chooses independently|2 — Sometimes chooses independently|1 — Rarely chooses (only with prompting)|0 — Never chooses / avoids,INTERMEDIATE,false
III,Enjoys creating social media content,III-0360,Enjoys physical outdoor work,SCALE,3 — Frequently chooses independently|2 — Sometimes chooses independently|1 — Rarely chooses (only with prompting)|0 — Never chooses / avoids,INTERMEDIATE,false
III,Enjoys creating social media content,III-0361,Enjoys assisting others,SCALE,3 — Frequently chooses independently|2 — Sometimes chooses independently|1 — Rarely chooses (only with prompting)|0 — Never chooses / avoids,INTERMEDIATE,false
III,Enjoys creating social media content,III-0362,Enjoys teaching skills,SCALE,3 — Frequently chooses independently|2 — Sometimes chooses independently|1 — Rarely chooses (only with prompting)|0 — Never chooses / avoids,INTERMEDIATE,false
III,Enjoys creating social media content,III-0363,Enjoys mentoring peers,SCALE,3 — Frequently chooses independently|2 — Sometimes chooses independently|1 — Rarely chooses (only with prompting)|0 — Never chooses / avoids,INTERMEDIATE,false
III,Enjoys creating social media content,III-0364,Enjoys caregiving activities,SCALE,3 — Frequently chooses independently|2 — Sometimes chooses independently|1 — Rarely chooses (only with prompting)|0 — Never chooses / avoids,INTERMEDIATE,false
III,Enjoys creating social media content,III-0365,Enjoys volunteering,SCALE,3 — Frequently chooses independently|2 — Sometimes chooses independently|1 — Rarely chooses (only with prompting)|0 — Never chooses / avoids,INTERMEDIATE,false
III,Enjoys creating social media content,III-0366,Enjoys supporting children,SCALE,3 — Frequently chooses independently|2 — Sometimes chooses independently|1 — Rarely chooses (only with prompting)|0 — Never chooses / avoids,INTERMEDIATE,false
III,Enjoys creating social media content,III-0367,Enjoys helping elderly or disabled individuals,SCALE,3 — Frequently chooses independently|2 — Sometimes chooses independently|1 — Rarely chooses (only with prompting)|0 — Never chooses / avoids,INTERMEDIATE,false
III,Enjoys creating social media content,III-0368,Enjoys emotional support roles,SCALE,3 — Frequently chooses independently|2 — Sometimes chooses independently|1 — Rarely chooses (only with prompting)|0 — Never chooses / avoids,INTERMEDIATE,false
III,Enjoys creating social media content,III-0369,Enjoys planning businesses,SCALE,3 — Frequently chooses independently|2 — Sometimes chooses independently|1 — Rarely chooses (only with prompting)|0 — Never chooses / avoids,INTERMEDIATE,false
III,Enjoys creating social media content,III-0370,Enjoys selling products,SCALE,3 — Frequently chooses independently|2 — Sometimes chooses independently|1 — Rarely chooses (only with prompting)|0 — Never chooses / avoids,INTERMEDIATE,false
III,Enjoys creating social media content,III-0371,Enjoys marketing ideas,SCALE,3 — Frequently chooses independently|2 — Sometimes chooses independently|1 — Rarely chooses (only with prompting)|0 — Never chooses / avoids,INTERMEDIATE,false
III,Enjoys creating social media content,III-0372,Enjoys negotiating prices,SCALE,3 — Frequently chooses independently|2 — Sometimes chooses independently|1 — Rarely chooses (only with prompting)|0 — Never chooses / avoids,INTERMEDIATE,false
III,Enjoys creating social media content,III-0373,Enjoys handling money,SCALE,3 — Frequently chooses independently|2 — Sometimes chooses independently|1 — Rarely chooses (only with prompting)|0 — Never chooses / avoids,INTERMEDIATE,false
III,Enjoys creating social media content,III-0374,Enjoys packaging products,SCALE,3 — Frequently chooses independently|2 — Sometimes chooses independently|1 — Rarely chooses (only with prompting)|0 — Never chooses / avoids,INTERMEDIATE,false
III,Enjoys creating social media content,III-0375,Enjoys inventory management,SCALE,3 — Frequently chooses independently|2 — Sometimes chooses independently|1 — Rarely chooses (only with prompting)|0 — Never chooses / avoids,INTERMEDIATE,false
III,Enjoys creating social media content,III-0376,Enjoys customer interaction,SCALE,3 — Frequently chooses independently|2 — Sometimes chooses independently|1 — Rarely chooses (only with prompting)|0 — Never chooses / avoids,INTERMEDIATE,false
III,Enjoys creating social media content,III-0377,Enjoys planning events,SCALE,3 — Frequently chooses independently|2 — Sometimes chooses independently|1 — Rarely chooses (only with prompting)|0 — Never chooses / avoids,INTERMEDIATE,false
III,Enjoys creating social media content,III-0378,Enjoys organizing materials,SCALE,3 — Frequently chooses independently|2 — Sometimes chooses independently|1 — Rarely chooses (only with prompting)|0 — Never chooses / avoids,INTERMEDIATE,false
III,Enjoys creating social media content,III-0379,Enjoys scheduling activities,SCALE,3 — Frequently chooses independently|2 — Sometimes chooses independently|1 — Rarely chooses (only with prompting)|0 — Never chooses / avoids,INTERMEDIATE,false
III,Enjoys creating social media content,III-0380,Enjoys maintaining records,SCALE,3 — Frequently chooses independently|2 — Sometimes chooses independently|1 — Rarely chooses (only with prompting)|0 — Never chooses / avoids,INTERMEDIATE,false
III,Enjoys creating social media content,III-0381,Enjoys filing documents,SCALE,3 — Frequently chooses independently|2 — Sometimes chooses independently|1 — Rarely chooses (only with prompting)|0 — Never chooses / avoids,INTERMEDIATE,false
III,Enjoys creating social media content,III-0382,Enjoys arranging spaces,SCALE,3 — Frequently chooses independently|2 — Sometimes chooses independently|1 — Rarely chooses (only with prompting)|0 — Never chooses / avoids,INTERMEDIATE,false
III,Enjoys creating social media content,III-0383,Enjoys quality checking,SCALE,3 — Frequently chooses independently|2 — Sometimes chooses independently|1 — Rarely chooses (only with prompting)|0 — Never chooses / avoids,INTERMEDIATE,false
III,Enjoys creating checklists,III-0384,Enjoys public speaking,SCALE,3 — Frequently chooses independently|2 — Sometimes chooses independently|1 — Rarely chooses (only with prompting)|0 — Never chooses / avoids,INTERMEDIATE,false
III,Enjoys creating checklists,III-0385,Enjoys making announcements,SCALE,3 — Frequently chooses independently|2 — Sometimes chooses independently|1 — Rarely chooses (only with prompting)|0 — Never chooses / avoids,INTERMEDIATE,false
III,Enjoys creating checklists,III-0386,Enjoys anchoring events,SCALE,3 — Frequently chooses independently|2 — Sometimes chooses independently|1 — Rarely chooses (only with prompting)|0 — Never chooses / avoids,INTERMEDIATE,false
III,Enjoys creating checklists,III-0387,Enjoys customer interaction,SCALE,3 — Frequently chooses independently|2 — Sometimes chooses independently|1 — Rarely chooses (only with prompting)|0 — Never chooses / avoids,INTERMEDIATE,false
III,Enjoys creating checklists,III-0388,Enjoys answering phone calls,SCALE,3 — Frequently chooses independently|2 — Sometimes chooses independently|1 — Rarely chooses (only with prompting)|0 — Never chooses / avoids,INTERMEDIATE,false
III,Enjoys creating checklists,III-0389,Enjoys greeting visitors,SCALE,3 — Frequently chooses independently|2 — Sometimes chooses independently|1 — Rarely chooses (only with prompting)|0 — Never chooses / avoids,INTERMEDIATE,false
III,Enjoys creating checklists,III-0390,Enjoys interviewing others,SCALE,3 — Frequently chooses independently|2 — Sometimes chooses independently|1 — Rarely chooses (only with prompting)|0 — Never chooses / avoids,INTERMEDIATE,false
III,Enjoys creating checklists,III-0391,Enjoys participating in discussions,SCALE,3 — Frequently chooses independently|2 — Sometimes chooses independently|1 — Rarely chooses (only with prompting)|0 — Never chooses / avoids,INTERMEDIATE,false
III,Enjoys creating checklists,III-0392,Enjoys digital drawing,SCALE,3 — Frequently chooses independently|2 — Sometimes chooses independently|1 — Rarely chooses (only with prompting)|0 — Never chooses / avoids,INTERMEDIATE,false
III,Enjoys creating checklists,III-0393,Enjoys poster making,SCALE,3 — Frequently chooses independently|2 — Sometimes chooses independently|1 — Rarely chooses (only with prompting)|0 — Never chooses / avoids,INTERMEDIATE,false
III,Enjoys creating checklists,III-0394,Enjoys T-shirt or merchandise design,SCALE,3 — Frequently chooses independently|2 — Sometimes chooses independently|1 — Rarely chooses (only with prompting)|0 — Never chooses / avoids,INTERMEDIATE,false
III,Enjoys creating checklists,III-0395,Enjoys photography,SCALE,3 — Frequently chooses independently|2 — Sometimes chooses independently|1 — Rarely chooses (only with prompting)|0 — Never chooses / avoids,INTERMEDIATE,false
III,Enjoys creating checklists,III-0396,Enjoys storytelling,SCALE,3 — Frequently chooses independently|2 — Sometimes chooses independently|1 — Rarely chooses (only with prompting)|0 — Never chooses / avoids,INTERMEDIATE,false
III,Enjoys creating checklists,III-0397,Enjoys animation,SCALE,3 — Frequently chooses independently|2 — Sometimes chooses independently|1 — Rarely chooses (only with prompting)|0 — Never chooses / avoids,INTERMEDIATE,false
III,Enjoys creating checklists,III-0398,Enjoys creative writing,SCALE,3 — Frequently chooses independently|2 — Sometimes chooses independently|1 — Rarely chooses (only with prompting)|0 — Never chooses / avoids,INTERMEDIATE,false
III,Enjoys creating checklists,III-0399,Enjoys visual presentations,SCALE,3 — Frequently chooses independently|2 — Sometimes chooses independently|1 — Rarely chooses (only with prompting)|0 — Never chooses / avoids,INTERMEDIATE,false
III,Computer Skills & IT,III-0400,Enjoys coding,SCALE,3 — Frequently chooses independently|2 — Sometimes chooses independently|1 — Rarely chooses (only with prompting)|0 — Never chooses / avoids,INTERMEDIATE,false
III,Computer Skills & IT,III-0401,Enjoys spreadsheets,SCALE,3 — Frequently chooses independently|2 — Sometimes chooses independently|1 — Rarely chooses (only with prompting)|0 — Never chooses / avoids,INTERMEDIATE,false
III,Computer Skills & IT,III-0402,Enjoys databases,SCALE,3 — Frequently chooses independently|2 — Sometimes chooses independently|1 — Rarely chooses (only with prompting)|0 — Never chooses / avoids,INTERMEDIATE,false
III,Enjoys gaming technology,III-0403,Enjoys exploring software,SCALE,3 — Frequently chooses independently|2 — Sometimes chooses independently|1 — Rarely chooses (only with prompting)|0 — Never chooses / avoids,INTERMEDIATE,false
III,Enjoys gaming technology,III-0404,Enjoys troubleshooting systems,SCALE,3 — Frequently chooses independently|2 — Sometimes chooses independently|1 — Rarely chooses (only with prompting)|0 — Never chooses / avoids,INTERMEDIATE,false
III,Enjoys gaming technology,III-0405,Enjoys automation,SCALE,3 — Frequently chooses independently|2 — Sometimes chooses independently|1 — Rarely chooses (only with prompting)|0 — Never chooses / avoids,INTERMEDIATE,false
III,Enjoys gaming technology,III-0406,Enjoys website or app creation,SCALE,3 — Frequently chooses independently|2 — Sometimes chooses independently|1 — Rarely chooses (only with prompting)|0 — Never chooses / avoids,INTERMEDIATE,false
III,Enjoys gaming technology,III-0407,Enjoys leading projects,SCALE,3 — Frequently chooses independently|2 — Sometimes chooses independently|1 — Rarely chooses (only with prompting)|0 — Never chooses / avoids,INTERMEDIATE,false
III,Enjoys gaming technology,III-0408,Enjoys resolving conflicts,SCALE,3 — Frequently chooses independently|2 — Sometimes chooses independently|1 — Rarely chooses (only with prompting)|0 — Never chooses / avoids,INTERMEDIATE,false
III,Enjoys gaming technology,III-0409,Enjoys motivating peers,SCALE,3 — Frequently chooses independently|2 — Sometimes chooses independently|1 — Rarely chooses (only with prompting)|0 — Never chooses / avoids,INTERMEDIATE,false
III,Enjoys gaming technology,III-0410,Enjoys mentoring others,SCALE,3 — Frequently chooses independently|2 — Sometimes chooses independently|1 — Rarely chooses (only with prompting)|0 — Never chooses / avoids,INTERMEDIATE,false
III,Enjoys gaming technology,III-0411,Enjoys organizing group activities,SCALE,3 — Frequently chooses independently|2 — Sometimes chooses independently|1 — Rarely chooses (only with prompting)|0 — Never chooses / avoids,INTERMEDIATE,false
III,Enjoys gaming technology,III-0412,Enjoys collaborative planning,SCALE,3 — Frequently chooses independently|2 — Sometimes chooses independently|1 — Rarely chooses (only with prompting)|0 — Never chooses / avoids,INTERMEDIATE,false
III,Enjoys gaming technology,III-0413,Enjoys decision-making,SCALE,3 — Frequently chooses independently|2 — Sometimes chooses independently|1 — Rarely chooses (only with prompting)|0 — Never chooses / avoids,INTERMEDIATE,false
III,Enjoys gaming technology,III-0414,Enjoys responsibility,SCALE,3 — Frequently chooses independently|2 — Sometimes chooses independently|1 — Rarely chooses (only with prompting)|0 — Never chooses / avoids,INTERMEDIATE,false
III,Enjoys gaming technology,III-0415,Enjoys sports,SCALE,3 — Frequently chooses independently|2 — Sometimes chooses independently|1 — Rarely chooses (only with prompting)|0 — Never chooses / avoids,INTERMEDIATE,false
III,Enjoys gaming technology,III-0416,Enjoys physical labour,SCALE,3 — Frequently chooses independently|2 — Sometimes chooses independently|1 — Rarely chooses (only with prompting)|0 — Never chooses / avoids,INTERMEDIATE,false
III,Enjoys gaming technology,III-0417,Enjoys deliveries,SCALE,3 — Frequently chooses independently|2 — Sometimes chooses independently|1 — Rarely chooses (only with prompting)|0 — Never chooses / avoids,INTERMEDIATE,false
III,Enjoys gaming technology,III-0418,Enjoys organizing events,SCALE,3 — Frequently chooses independently|2 — Sometimes chooses independently|1 — Rarely chooses (only with prompting)|0 — Never chooses / avoids,INTERMEDIATE,false
III,Enjoys gaming technology,III-0419,Enjoys facility maintenance,SCALE,3 — Frequently chooses independently|2 — Sometimes chooses independently|1 — Rarely chooses (only with prompting)|0 — Never chooses / avoids,INTERMEDIATE,false
III,Enjoys gaming technology,III-0420,Enjoys logistics,SCALE,3 — Frequently chooses independently|2 — Sometimes chooses independently|1 — Rarely chooses (only with prompting)|0 — Never chooses / avoids,INTERMEDIATE,false
III,Enjoys gaming technology,III-0421,Enjoys movement-based tasks,SCALE,3 — Frequently chooses independently|2 — Sometimes chooses independently|1 — Rarely chooses (only with prompting)|0 — Never chooses / avoids,INTERMEDIATE,false
III,Enjoys gaming technology,III-0422,Enjoys active work environments,SCALE,3 — Frequently chooses independently|2 — Sometimes chooses independently|1 — Rarely chooses (only with prompting)|0 — Never chooses / avoids,INTERMEDIATE,false
III,Enjoys gaming technology,III-0423,Returns repeatedly to favourite activities,SCALE,3 — Frequently chooses independently|2 — Sometimes chooses independently|1 — Rarely chooses (only with prompting)|0 — Never chooses / avoids,INTERMEDIATE,false
III,Enjoys gaming technology,III-0424,Learns from mistakes,SCALE,3 — Frequently chooses independently|2 — Sometimes chooses independently|1 — Rarely chooses (only with prompting)|0 — Never chooses / avoids,INTERMEDIATE,false
III,Enjoys gaming technology,III-0425,Demonstrates curiosity to improve,SCALE,3 — Frequently chooses independently|2 — Sometimes chooses independently|1 — Rarely chooses (only with prompting)|0 — Never chooses / avoids,INTERMEDIATE,false
III,Enjoys gaming technology,III-0426,Completes tasks before moving on,SCALE,3 — Frequently chooses independently|2 — Sometimes chooses independently|1 — Rarely chooses (only with prompting)|0 — Never chooses / avoids,INTERMEDIATE,false
III,Enjoys gaming technology,III-0427,Enjoys mastering skills,SCALE,3 — Frequently chooses independently|2 — Sometimes chooses independently|1 — Rarely chooses (only with prompting)|0 — Never chooses / avoids,INTERMEDIATE,false
III,Enjoys gaming technology,III-0428,Maintains long-term hobbies,SCALE,3 — Frequently chooses independently|2 — Sometimes chooses independently|1 — Rarely chooses (only with prompting)|0 — Never chooses / avoids,INTERMEDIATE,false
III,Enjoys gaming technology,III-0429,Enjoys following routines,SCALE,3 — Frequently chooses independently|2 — Sometimes chooses independently|1 — Rarely chooses (only with prompting)|0 — Never chooses / avoids,INTERMEDIATE,false
III,Enjoys gaming technology,III-0430,Enjoys completing checklists,SCALE,3 — Frequently chooses independently|2 — Sometimes chooses independently|1 — Rarely chooses (only with prompting)|0 — Never chooses / avoids,INTERMEDIATE,false
III,Enjoys gaming technology,III-0431,Enjoys meeting deadlines,SCALE,3 — Frequently chooses independently|2 — Sometimes chooses independently|1 — Rarely chooses (only with prompting)|0 — Never chooses / avoids,INTERMEDIATE,false
III,Enjoys gaming technology,III-0432,Enjoys taking responsibility,SCALE,3 — Frequently chooses independently|2 — Sometimes chooses independently|1 — Rarely chooses (only with prompting)|0 — Never chooses / avoids,INTERMEDIATE,false
III,Enjoys gaming technology,III-0433,Enjoys quality assurance,SCALE,3 — Frequently chooses independently|2 — Sometimes chooses independently|1 — Rarely chooses (only with prompting)|0 — Never chooses / avoids,INTERMEDIATE,false
III,Enjoys gaming technology,III-0434,Enjoys structured work,SCALE,3 — Frequently chooses independently|2 — Sometimes chooses independently|1 — Rarely chooses (only with prompting)|0 — Never chooses / avoids,INTERMEDIATE,false
III,Enjoys gaming technology,III-0435,Enjoys learning workplace rules,SCALE,3 — Frequently chooses independently|2 — Sometimes chooses independently|1 — Rarely chooses (only with prompting)|0 — Never chooses / avoids,INTERMEDIATE,false
III,Enjoys gaming technology,III-0436,Enjoys taking initiative,SCALE,3 — Frequently chooses independently|2 — Sometimes chooses independently|1 — Rarely chooses (only with prompting)|0 — Never chooses / avoids,INTERMEDIATE,false
III,Please rank the learner's top five interests.,III-0437,"List the learner's top five interests, in order.",FREE_TEXT,,INTERMEDIATE,true
III,Vocational Readiness & Career Indicators,III-0438,Which activity does the learner voluntarily choose first when given free time?,FREE_TEXT,,INTERMEDIATE,true
III,Vocational Readiness & Career Indicators,III-0439,Which activity keeps the learner engaged for the longest duration?,FREE_TEXT,,INTERMEDIATE,true
III,Vocational Readiness & Career Indicators,III-0440,Which activity has remained a consistent interest for more than two years?,FREE_TEXT,,INTERMEDIATE,true
III,Vocational Readiness & Career Indicators,III-0441,Which activity can the learner perform independently with minimal supervision?,FREE_TEXT,,INTERMEDIATE,true
III,Vocational Readiness & Career Indicators,III-0442,"Which activity receives the highest praise from teachers, employers, or family?",FREE_TEXT,,INTERMEDIATE,true
III,Vocational Readiness & Career Indicators,III-0443,Which activity demonstrates the learner's strongest natural talent?,FREE_TEXT,,INTERMEDIATE,true
III,Vocational Readiness & Career Indicators,III-0444,Which activity would the learner willingly perform even without rewards?,FREE_TEXT,,INTERMEDIATE,true
III,Vocational Readiness & Career Indicators,III-0445,Which activity would the learner be happy to convert into paid employment?,FREE_TEXT,,INTERMEDIATE,true
III,Vocational Readiness & Career Indicators,III-0446,"Does the learner prefer technical work, creative work, service-oriented work, or management tasks?",FREE_TEXT,,INTERMEDIATE,true
III,Vocational Readiness & Career Indicators,III-0447,Does the learner enjoy repetitive structured work or varied dynamic work?,FREE_TEXT,,INTERMEDIATE,true
III,Vocational Readiness & Career Indicators,III-0448,Does the learner prefer planning projects or executing them?,FREE_TEXT,,INTERMEDIATE,true
III,Vocational Readiness & Career Indicators,III-0449,Does the learner demonstrate leadership during group activities?,FREE_TEXT,,INTERMEDIATE,true
III,Vocational Readiness & Career Indicators,III-0450,"Has the learner successfully completed any internships, volunteering, or workplace exposure?",FREE_TEXT,,INTERMEDIATE,true
III,Vocational Readiness & Career Indicators,III-0451,Has the learner shown interest in starting a business or freelancing?,FREE_TEXT,,INTERMEDIATE,true
III,Vocational Readiness & Career Indicators,III-0452,Does the learner enjoy interacting with customers or the public?,FREE_TEXT,,INTERMEDIATE,true
III,Vocational Readiness & Career Indicators,III-0453,Which work environment would the learner prefer?,FREE_TEXT,,INTERMEDIATE,true
III,Vocational Readiness & Career Indicators,III-0454,Which career pathway best matches the learner's current interests and strengths?,FREE_TEXT,,INTERMEDIATE,true
III,Vocational Readiness & Career Indicators,III-0455,What accommodations or supports would help the learner succeed in that career?,FREE_TEXT,,INTERMEDIATE,true
III,Vocational Readiness & Career Indicators,III-0456,Which skills would the learner like to develop further before employment?,FREE_TEXT,,INTERMEDIATE,true
III,Vocational Readiness & Career Indicators,III-0457,"If offered a paid internship tomorrow, which role would the learner choose first?",FREE_TEXT,,INTERMEDIATE,true
III,Learner/Caregiver Interview,III-0458,"If you had the freedom to choose any career today, what would you choose and why?",FREE_TEXT,,ADVANCED,true
III,Learner/Caregiver Interview,III-0459,What type of work makes you feel most fulfilled and satisfied?,FREE_TEXT,,ADVANCED,true
III,Learner/Caregiver Interview,III-0460,Which activities do you willingly spend the most time doing without external motivation?,FREE_TEXT,,ADVANCED,true
III,Learner/Caregiver Interview,III-0461,Which skills or talents do you believe are your greatest strengths?,FREE_TEXT,,ADVANCED,true
III,Learner/Caregiver Interview,III-0462,What accomplishments are you most proud of?,FREE_TEXT,,ADVANCED,true
III,Learner/Caregiver Interview,III-0463,"Would you prefer working independently, with a team, or leading a team?",FREE_TEXT,,ADVANCED,true
III,Learner/Caregiver Interview,III-0464,"Do you prefer working indoors, outdoors, or in a hybrid environment?",FREE_TEXT,,ADVANCED,true
III,Learner/Caregiver Interview,III-0465,Do you enjoy structured routines or flexible work schedules?,FREE_TEXT,,ADVANCED,true
III,Learner/Caregiver Interview,III-0466,Have you ever earned money from a hobby or personal skill?,FREE_TEXT,,ADVANCED,true
III,Learner/Caregiver Interview,III-0467,"If you started your own business, what product or service would you offer?",FREE_TEXT,,ADVANCED,true
III,Learner/Caregiver Interview,III-0468,"Which workplace environment makes you feel most comfortable? (Office, retail, café, workshop, school, hospital, home, studio, outdoor setting)",FREE_TEXT,,ADVANCED,true
III,Learner/Caregiver Interview,III-0469,"What motivates you more-salary, creativity, recognition, helping others, learning, or independence?",FREE_TEXT,,ADVANCED,true
III,Learner/Caregiver Interview,III-0470,What kind of supervisor or mentor helps you perform your best?,FREE_TEXT,,ADVANCED,true
III,Learner/Caregiver Interview,III-0471,Have you ever considered becoming self-employed or freelancing?,FREE_TEXT,,ADVANCED,true
III,Learner/Caregiver Interview,III-0472,Which technology or digital tools do you enjoy using regularly?,FREE_TEXT,,ADVANCED,true
III,Learner/Caregiver Interview,III-0473,Which responsibilities do you willingly take up at home or work?,FREE_TEXT,,ADVANCED,true
III,Learner/Caregiver Interview,III-0474,What challenges make it difficult for you to maintain employment or complete tasks?,FREE_TEXT,,ADVANCED,true
III,Learner/Caregiver Interview,III-0475,"If you could spend one week shadowing any professional, who would you choose?",FREE_TEXT,,ADVANCED,true
III,Learner/Caregiver Interview,III-0476,Where do you see yourself professionally in the next five years?,FREE_TEXT,,ADVANCED,true
III,Standardized Behavioural Interest Inventory,III-0477,Enjoys organizing documents,SCALE,3 — Frequently chooses independently|2 — Sometimes chooses independently|1 — Rarely chooses (only with prompting)|0 — Never chooses / avoids,ADVANCED,false
III,Standardized Behavioural Interest Inventory,III-0478,Enjoys data entry tasks,SCALE,3 — Frequently chooses independently|2 — Sometimes chooses independently|1 — Rarely chooses (only with prompting)|0 — Never chooses / avoids,ADVANCED,false
III,Standardized Behavioural Interest Inventory,III-0479,Enjoys spreadsheet work,SCALE,3 — Frequently chooses independently|2 — Sometimes chooses independently|1 — Rarely chooses (only with prompting)|0 — Never chooses / avoids,ADVANCED,false
III,Standardized Behavioural Interest Inventory,III-0480,Enjoys maintaining records,SCALE,3 — Frequently chooses independently|2 — Sometimes chooses independently|1 — Rarely chooses (only with prompting)|0 — Never chooses / avoids,ADVANCED,false
III,Standardized Behavioural Interest Inventory,III-0481,Enjoys preparing reports,SCALE,3 — Frequently chooses independently|2 — Sometimes chooses independently|1 — Rarely chooses (only with prompting)|0 — Never chooses / avoids,ADVANCED,false
III,Standardized Behavioural Interest Inventory,III-0482,Enjoys scheduling appointments,SCALE,3 — Frequently chooses independently|2 — Sometimes chooses independently|1 — Rarely chooses (only with prompting)|0 — Never chooses / avoids,ADVANCED,false
III,Standardized Behavioural Interest Inventory,III-0483,Enjoys administrative coordination,SCALE,3 — Frequently chooses independently|2 — Sometimes chooses independently|1 — Rarely chooses (only with prompting)|0 — Never chooses / avoids,ADVANCED,false
III,Standardized Behavioural Interest Inventory,III-0484,Enjoys filing and documentation,SCALE,3 — Frequently chooses independently|2 — Sometimes chooses independently|1 — Rarely chooses (only with prompting)|0 — Never chooses / avoids,ADVANCED,false
III,B. Technology & Digital Work,III-0485,Enjoys coding or programming,SCALE,3 — Frequently chooses independently|2 — Sometimes chooses independently|1 — Rarely chooses (only with prompting)|0 — Never chooses / avoids,ADVANCED,false
III,B. Technology & Digital Work,III-0486,Enjoys data analysis,SCALE,3 — Frequently chooses independently|2 — Sometimes chooses independently|1 — Rarely chooses (only with prompting)|0 — Never chooses / avoids,ADVANCED,false
III,B. Technology & Digital Work,III-0487,Enjoys using AI tools,SCALE,3 — Frequently chooses independently|2 — Sometimes chooses independently|1 — Rarely chooses (only with prompting)|0 — Never chooses / avoids,ADVANCED,false
III,B. Technology & Digital Work,III-0488,Enjoys website or app development,SCALE,3 — Frequently chooses independently|2 — Sometimes chooses independently|1 — Rarely chooses (only with prompting)|0 — Never chooses / avoids,ADVANCED,false
III,Enjoys troubleshooting technology,III-0489,Enjoys exploring new software,SCALE,3 — Frequently chooses independently|2 — Sometimes chooses independently|1 — Rarely chooses (only with prompting)|0 — Never chooses / avoids,ADVANCED,false
III,Enjoys troubleshooting technology,III-0490,Enjoys automation tasks,SCALE,3 — Frequently chooses independently|2 — Sometimes chooses independently|1 — Rarely chooses (only with prompting)|0 — Never chooses / avoids,ADVANCED,false
III,Enjoys troubleshooting technology,III-0491,Enjoys managing digital systems,SCALE,3 — Frequently chooses independently|2 — Sometimes chooses independently|1 — Rarely chooses (only with prompting)|0 — Never chooses / avoids,ADVANCED,false
III,Enjoys troubleshooting technology,III-0492,Enjoys graphic design,SCALE,3 — Frequently chooses independently|2 — Sometimes chooses independently|1 — Rarely chooses (only with prompting)|0 — Never chooses / avoids,ADVANCED,false
III,Enjoys troubleshooting technology,III-0493,Enjoys video editing,SCALE,3 — Frequently chooses independently|2 — Sometimes chooses independently|1 — Rarely chooses (only with prompting)|0 — Never chooses / avoids,ADVANCED,false
III,Enjoys troubleshooting technology,III-0494,Enjoys photography,SCALE,3 — Frequently chooses independently|2 — Sometimes chooses independently|1 — Rarely chooses (only with prompting)|0 — Never chooses / avoids,ADVANCED,false
III,Enjoys troubleshooting technology,III-0495,Enjoys animation,SCALE,3 — Frequently chooses independently|2 — Sometimes chooses independently|1 — Rarely chooses (only with prompting)|0 — Never chooses / avoids,ADVANCED,false
III,Enjoys troubleshooting technology,III-0496,Enjoys digital illustration,SCALE,3 — Frequently chooses independently|2 — Sometimes chooses independently|1 — Rarely chooses (only with prompting)|0 — Never chooses / avoids,ADVANCED,false
III,Enjoys troubleshooting technology,III-0497,Enjoys branding or logo creation,SCALE,3 — Frequently chooses independently|2 — Sometimes chooses independently|1 — Rarely chooses (only with prompting)|0 — Never chooses / avoids,ADVANCED,false
III,Enjoys troubleshooting technology,III-0498,Enjoys creative writing,SCALE,3 — Frequently chooses independently|2 — Sometimes chooses independently|1 — Rarely chooses (only with prompting)|0 — Never chooses / avoids,ADVANCED,false
III,Enjoys troubleshooting technology,III-0499,Enjoys designing promotional materials,SCALE,3 — Frequently chooses independently|2 — Sometimes chooses independently|1 — Rarely chooses (only with prompting)|0 — Never chooses / avoids,ADVANCED,false
III,Enjoys troubleshooting technology,III-0500,Enjoys cooking,SCALE,3 — Frequently chooses independently|2 — Sometimes chooses independently|1 — Rarely chooses (only with prompting)|0 — Never chooses / avoids,ADVANCED,false
III,Enjoys troubleshooting technology,III-0501,Enjoys baking,SCALE,3 — Frequently chooses independently|2 — Sometimes chooses independently|1 — Rarely chooses (only with prompting)|0 — Never chooses / avoids,ADVANCED,false
III,Enjoys troubleshooting technology,III-0502,Enjoys preparing beverages,SCALE,3 — Frequently chooses independently|2 — Sometimes chooses independently|1 — Rarely chooses (only with prompting)|0 — Never chooses / avoids,ADVANCED,false
III,Enjoys troubleshooting technology,III-0503,Enjoys serving customers,SCALE,3 — Frequently chooses independently|2 — Sometimes chooses independently|1 — Rarely chooses (only with prompting)|0 — Never chooses / avoids,ADVANCED,false
III,Enjoys troubleshooting technology,III-0504,Enjoys menu planning,SCALE,3 — Frequently chooses independently|2 — Sometimes chooses independently|1 — Rarely chooses (only with prompting)|0 — Never chooses / avoids,ADVANCED,false
III,Enjoys troubleshooting technology,III-0505,Enjoys organizing hospitality events,SCALE,3 — Frequently chooses independently|2 — Sometimes chooses independently|1 — Rarely chooses (only with prompting)|0 — Never chooses / avoids,ADVANCED,false
III,Enjoys troubleshooting technology,III-0506,Enjoys maintaining kitchen hygiene,SCALE,3 — Frequently chooses independently|2 — Sometimes chooses independently|1 — Rarely chooses (only with prompting)|0 — Never chooses / avoids,ADVANCED,false
III,Enjoys troubleshooting technology,III-0507,Enjoys interacting with guests,SCALE,3 — Frequently chooses independently|2 — Sometimes chooses independently|1 — Rarely chooses (only with prompting)|0 — Never chooses / avoids,ADVANCED,false
III,Enjoys troubleshooting technology,III-0508,Enjoys teaching others,SCALE,3 — Frequently chooses independently|2 — Sometimes chooses independently|1 — Rarely chooses (only with prompting)|0 — Never chooses / avoids,ADVANCED,false
III,Enjoys troubleshooting technology,III-0509,Enjoys mentoring peers,SCALE,3 — Frequently chooses independently|2 — Sometimes chooses independently|1 — Rarely chooses (only with prompting)|0 — Never chooses / avoids,ADVANCED,false
III,Enjoys troubleshooting technology,III-0510,Enjoys coaching,SCALE,3 — Frequently chooses independently|2 — Sometimes chooses independently|1 — Rarely chooses (only with prompting)|0 — Never chooses / avoids,ADVANCED,false
III,Enjoys troubleshooting technology,III-0511,Enjoys counselling or listening,SCALE,3 — Frequently chooses independently|2 — Sometimes chooses independently|1 — Rarely chooses (only with prompting)|0 — Never chooses / avoids,ADVANCED,false
III,Enjoys troubleshooting technology,III-0512,Enjoys supporting children,SCALE,3 — Frequently chooses independently|2 — Sometimes chooses independently|1 — Rarely chooses (only with prompting)|0 — Never chooses / avoids,ADVANCED,false
III,Enjoys troubleshooting technology,III-0513,Enjoys assisting persons with disabilities,SCALE,3 — Frequently chooses independently|2 — Sometimes chooses independently|1 — Rarely chooses (only with prompting)|0 — Never chooses / avoids,ADVANCED,false
III,Enjoys troubleshooting technology,III-0514,Enjoys volunteering,SCALE,3 — Frequently chooses independently|2 — Sometimes chooses independently|1 — Rarely chooses (only with prompting)|0 — Never chooses / avoids,ADVANCED,false
III,Enjoys troubleshooting technology,III-0515,Enjoys community service,SCALE,3 — Frequently chooses independently|2 — Sometimes chooses independently|1 — Rarely chooses (only with prompting)|0 — Never chooses / avoids,ADVANCED,false
III,Enjoys troubleshooting technology,III-0516,Enjoys planning businesses,SCALE,3 — Frequently chooses independently|2 — Sometimes chooses independently|1 — Rarely chooses (only with prompting)|0 — Never chooses / avoids,ADVANCED,false
III,Enjoys troubleshooting technology,III-0517,Enjoys selling products,SCALE,3 — Frequently chooses independently|2 — Sometimes chooses independently|1 — Rarely chooses (only with prompting)|0 — Never chooses / avoids,ADVANCED,false
III,Enjoys troubleshooting technology,III-0518,Enjoys marketing services,SCALE,3 — Frequently chooses independently|2 — Sometimes chooses independently|1 — Rarely chooses (only with prompting)|0 — Never chooses / avoids,ADVANCED,false
III,Enjoys troubleshooting technology,III-0519,Enjoys negotiating prices,SCALE,3 — Frequently chooses independently|2 — Sometimes chooses independently|1 — Rarely chooses (only with prompting)|0 — Never chooses / avoids,ADVANCED,false
III,Enjoys troubleshooting technology,III-0520,Enjoys customer interaction,SCALE,3 — Frequently chooses independently|2 — Sometimes chooses independently|1 — Rarely chooses (only with prompting)|0 — Never chooses / avoids,ADVANCED,false
III,Enjoys troubleshooting technology,III-0521,Enjoys inventory management,SCALE,3 — Frequently chooses independently|2 — Sometimes chooses independently|1 — Rarely chooses (only with prompting)|0 — Never chooses / avoids,ADVANCED,false
III,Enjoys troubleshooting technology,III-0522,Enjoys financial planning,SCALE,3 — Frequently chooses independently|2 — Sometimes chooses independently|1 — Rarely chooses (only with prompting)|0 — Never chooses / avoids,ADVANCED,false
III,Enjoys troubleshooting technology,III-0523,Enjoys managing small enterprises,SCALE,3 — Frequently chooses independently|2 — Sometimes chooses independently|1 — Rarely chooses (only with prompting)|0 — Never chooses / avoids,ADVANCED,false
III,Enjoys troubleshooting technology,III-0524,Enjoys planning events,SCALE,3 — Frequently chooses independently|2 — Sometimes chooses independently|1 — Rarely chooses (only with prompting)|0 — Never chooses / avoids,ADVANCED,false
III,Enjoys troubleshooting technology,III-0525,Enjoys organizing workspaces,SCALE,3 — Frequently chooses independently|2 — Sometimes chooses independently|1 — Rarely chooses (only with prompting)|0 — Never chooses / avoids,ADVANCED,false
III,Enjoys troubleshooting technology,III-0526,Enjoys scheduling activities,SCALE,3 — Frequently chooses independently|2 — Sometimes chooses independently|1 — Rarely chooses (only with prompting)|0 — Never chooses / avoids,ADVANCED,false
III,Enjoys troubleshooting technology,III-0527,Enjoys coordinating teams,SCALE,3 — Frequently chooses independently|2 — Sometimes chooses independently|1 — Rarely chooses (only with prompting)|0 — Never chooses / avoids,ADVANCED,false
III,Enjoys troubleshooting technology,III-0528,Enjoys maintaining checklists,SCALE,3 — Frequently chooses independently|2 — Sometimes chooses independently|1 — Rarely chooses (only with prompting)|0 — Never chooses / avoids,ADVANCED,false
III,Enjoys troubleshooting technology,III-0529,Enjoys quality control,SCALE,3 — Frequently chooses independently|2 — Sometimes chooses independently|1 — Rarely chooses (only with prompting)|0 — Never chooses / avoids,ADVANCED,false
III,Enjoys troubleshooting technology,III-0530,Enjoys process improvement,SCALE,3 — Frequently chooses independently|2 — Sometimes chooses independently|1 — Rarely chooses (only with prompting)|0 — Never chooses / avoids,ADVANCED,false
III,Enjoys troubleshooting technology,III-0531,Enjoys resource management,SCALE,3 — Frequently chooses independently|2 — Sometimes chooses independently|1 — Rarely chooses (only with prompting)|0 — Never chooses / avoids,ADVANCED,false
III,Enjoys troubleshooting technology,III-0532,Enjoys public speaking,SCALE,3 — Frequently chooses independently|2 — Sometimes chooses independently|1 — Rarely chooses (only with prompting)|0 — Never chooses / avoids,ADVANCED,false
III,Enjoys troubleshooting technology,III-0533,Enjoys presentations,SCALE,3 — Frequently chooses independently|2 — Sometimes chooses independently|1 — Rarely chooses (only with prompting)|0 — Never chooses / avoids,ADVANCED,false
III,Enjoys troubleshooting technology,III-0534,Enjoys anchoring events,SCALE,3 — Frequently chooses independently|2 — Sometimes chooses independently|1 — Rarely chooses (only with prompting)|0 — Never chooses / avoids,ADVANCED,false
III,Enjoys troubleshooting technology,III-0535,Enjoys conducting meetings,SCALE,3 — Frequently chooses independently|2 — Sometimes chooses independently|1 — Rarely chooses (only with prompting)|0 — Never chooses / avoids,ADVANCED,false
III,Enjoys troubleshooting technology,III-0536,Enjoys networking,SCALE,3 — Frequently chooses independently|2 — Sometimes chooses independently|1 — Rarely chooses (only with prompting)|0 — Never chooses / avoids,ADVANCED,false
III,Enjoys troubleshooting technology,III-0537,Enjoys customer service,SCALE,3 — Frequently chooses independently|2 — Sometimes chooses independently|1 — Rarely chooses (only with prompting)|0 — Never chooses / avoids,ADVANCED,false
III,Enjoys troubleshooting technology,III-0538,Enjoys reception duties,SCALE,3 — Frequently chooses independently|2 — Sometimes chooses independently|1 — Rarely chooses (only with prompting)|0 — Never chooses / avoids,ADVANCED,false
III,Enjoys troubleshooting technology,III-0539,Enjoys interviewing people,SCALE,3 — Frequently chooses independently|2 — Sometimes chooses independently|1 — Rarely chooses (only with prompting)|0 — Never chooses / avoids,ADVANCED,false
III,Enjoys troubleshooting technology,III-0540,Enjoys gardening,SCALE,3 — Frequently chooses independently|2 — Sometimes chooses independently|1 — Rarely chooses (only with prompting)|0 — Never chooses / avoids,ADVANCED,false
III,Enjoys troubleshooting technology,III-0541,Enjoys farming,SCALE,3 — Frequently chooses independently|2 — Sometimes chooses independently|1 — Rarely chooses (only with prompting)|0 — Never chooses / avoids,ADVANCED,false
III,Enjoys troubleshooting technology,III-0542,Enjoys landscaping,SCALE,3 — Frequently chooses independently|2 — Sometimes chooses independently|1 — Rarely chooses (only with prompting)|0 — Never chooses / avoids,ADVANCED,false
III,Enjoys troubleshooting technology,III-0543,Enjoys environmental activities,SCALE,3 — Frequently chooses independently|2 — Sometimes chooses independently|1 — Rarely chooses (only with prompting)|0 — Never chooses / avoids,ADVANCED,false
III,Enjoys troubleshooting technology,III-0544,Enjoys outdoor maintenance,SCALE,3 — Frequently chooses independently|2 — Sometimes chooses independently|1 — Rarely chooses (only with prompting)|0 — Never chooses / avoids,ADVANCED,false
III,Enjoys troubleshooting technology,III-0545,Enjoys delivery work,SCALE,3 — Frequently chooses independently|2 — Sometimes chooses independently|1 — Rarely chooses (only with prompting)|0 — Never chooses / avoids,ADVANCED,false
III,Enjoys troubleshooting technology,III-0546,Enjoys field visits,SCALE,3 — Frequently chooses independently|2 — Sometimes chooses independently|1 — Rarely chooses (only with prompting)|0 — Never chooses / avoids,ADVANCED,false
III,Enjoys troubleshooting technology,III-0547,Enjoys physical outdoor tasks,SCALE,3 — Frequently chooses independently|2 — Sometimes chooses independently|1 — Rarely chooses (only with prompting)|0 — Never chooses / avoids,ADVANCED,false
III,Enjoys troubleshooting technology,III-0548,Enjoys assembling equipment,SCALE,3 — Frequently chooses independently|2 — Sometimes chooses independently|1 — Rarely chooses (only with prompting)|0 — Never chooses / avoids,ADVANCED,false
III,Enjoys troubleshooting technology,III-0549,Enjoys repairing objects,SCALE,3 — Frequently chooses independently|2 — Sometimes chooses independently|1 — Rarely chooses (only with prompting)|0 — Never chooses / avoids,ADVANCED,false
III,Enjoys troubleshooting technology,III-0550,Enjoys using tools,SCALE,3 — Frequently chooses independently|2 — Sometimes chooses independently|1 — Rarely chooses (only with prompting)|0 — Never chooses / avoids,ADVANCED,false
III,Enjoys troubleshooting technology,III-0551,Enjoys maintenance work,SCALE,3 — Frequently chooses independently|2 — Sometimes chooses independently|1 — Rarely chooses (only with prompting)|0 — Never chooses / avoids,ADVANCED,false
III,Enjoys troubleshooting technology,III-0552,Enjoys operating machines,SCALE,3 — Frequently chooses independently|2 — Sometimes chooses independently|1 — Rarely chooses (only with prompting)|0 — Never chooses / avoids,ADVANCED,false
III,Enjoys troubleshooting technology,III-0553,Enjoys troubleshooting equipment,SCALE,3 — Frequently chooses independently|2 — Sometimes chooses independently|1 — Rarely chooses (only with prompting)|0 — Never chooses / avoids,ADVANCED,false
III,Enjoys construction activities,III-0554,Enjoys technical problem-solving,SCALE,3 — Frequently chooses independently|2 — Sometimes chooses independently|1 — Rarely chooses (only with prompting)|0 — Never chooses / avoids,ADVANCED,false
III,K. Independent Living & Management,III-0555,Enjoys planning personal finances,SCALE,3 — Frequently chooses independently|2 — Sometimes chooses independently|1 — Rarely chooses (only with prompting)|0 — Never chooses / avoids,ADVANCED,false
III,K. Independent Living & Management,III-0556,Enjoys shopping independently,SCALE,3 — Frequently chooses independently|2 — Sometimes chooses independently|1 — Rarely chooses (only with prompting)|0 — Never chooses / avoids,ADVANCED,false
III,K. Independent Living & Management,III-0557,Enjoys budgeting,SCALE,3 — Frequently chooses independently|2 — Sometimes chooses independently|1 — Rarely chooses (only with prompting)|0 — Never chooses / avoids,ADVANCED,false
III,K. Independent Living & Management,III-0558,Enjoys organizing household tasks,SCALE,3 — Frequently chooses independently|2 — Sometimes chooses independently|1 — Rarely chooses (only with prompting)|0 — Never chooses / avoids,ADVANCED,false
III,K. Independent Living & Management,III-0559,Enjoys paying bills,SCALE,3 — Frequently chooses independently|2 — Sometimes chooses independently|1 — Rarely chooses (only with prompting)|0 — Never chooses / avoids,ADVANCED,false
III,K. Independent Living & Management,III-0560,Enjoys managing appointments,SCALE,3 — Frequently chooses independently|2 — Sometimes chooses independently|1 — Rarely chooses (only with prompting)|0 — Never chooses / avoids,ADVANCED,false
III,K. Independent Living & Management,III-0561,Enjoys planning travel,SCALE,3 — Frequently chooses independently|2 — Sometimes chooses independently|1 — Rarely chooses (only with prompting)|0 — Never chooses / avoids,ADVANCED,false
III,K. Independent Living & Management,III-0562,Enjoys maintaining daily schedules,SCALE,3 — Frequently chooses independently|2 — Sometimes chooses independently|1 — Rarely chooses (only with prompting)|0 — Never chooses / avoids,ADVANCED,false
III,K. Independent Living & Management,III-0563,Enjoys leading teams,SCALE,3 — Frequently chooses independently|2 — Sometimes chooses independently|1 — Rarely chooses (only with prompting)|0 — Never chooses / avoids,ADVANCED,false
III,K. Independent Living & Management,III-0564,Enjoys assigning responsibilities,SCALE,3 — Frequently chooses independently|2 — Sometimes chooses independently|1 — Rarely chooses (only with prompting)|0 — Never chooses / avoids,ADVANCED,false
III,K. Independent Living & Management,III-0565,Enjoys motivating others,SCALE,3 — Frequently chooses independently|2 — Sometimes chooses independently|1 — Rarely chooses (only with prompting)|0 — Never chooses / avoids,ADVANCED,false
III,K. Independent Living & Management,III-0566,Enjoys conflict resolution,SCALE,3 — Frequently chooses independently|2 — Sometimes chooses independently|1 — Rarely chooses (only with prompting)|0 — Never chooses / avoids,ADVANCED,false
III,K. Independent Living & Management,III-0567,Enjoys mentoring colleagues,SCALE,3 — Frequently chooses independently|2 — Sometimes chooses independently|1 — Rarely chooses (only with prompting)|0 — Never chooses / avoids,ADVANCED,false
III,K. Independent Living & Management,III-0568,Enjoys decision making,SCALE,3 — Frequently chooses independently|2 — Sometimes chooses independently|1 — Rarely chooses (only with prompting)|0 — Never chooses / avoids,ADVANCED,false
III,K. Independent Living & Management,III-0569,Enjoys project management,SCALE,3 — Frequently chooses independently|2 — Sometimes chooses independently|1 — Rarely chooses (only with prompting)|0 — Never chooses / avoids,ADVANCED,false
III,K. Independent Living & Management,III-0570,Enjoys supervising work,SCALE,3 — Frequently chooses independently|2 — Sometimes chooses independently|1 — Rarely chooses (only with prompting)|0 — Never chooses / avoids,ADVANCED,false
III,K. Independent Living & Management,III-0571,Returns repeatedly to favourite work tasks,SCALE,3 — Frequently chooses independently|2 — Sometimes chooses independently|1 — Rarely chooses (only with prompting)|0 — Never chooses / avoids,ADVANCED,false
III,K. Independent Living & Management,III-0572,Maintains attention for long durations,SCALE,3 — Frequently chooses independently|2 — Sometimes chooses independently|1 — Rarely chooses (only with prompting)|0 — Never chooses / avoids,ADVANCED,false
III,K. Independent Living & Management,III-0573,Completes tasks independently,SCALE,3 — Frequently chooses independently|2 — Sometimes chooses independently|1 — Rarely chooses (only with prompting)|0 — Never chooses / avoids,ADVANCED,false
III,K. Independent Living & Management,III-0574,Learns from mistakes,SCALE,3 — Frequently chooses independently|2 — Sometimes chooses independently|1 — Rarely chooses (only with prompting)|0 — Never chooses / avoids,ADVANCED,false
III,K. Independent Living & Management,III-0575,Demonstrates self-motivation,SCALE,3 — Frequently chooses independently|2 — Sometimes chooses independently|1 — Rarely chooses (only with prompting)|0 — Never chooses / avoids,ADVANCED,false
III,K. Independent Living & Management,III-0576,Maintains long-term commitment,SCALE,3 — Frequently chooses independently|2 — Sometimes chooses independently|1 — Rarely chooses (only with prompting)|0 — Never chooses / avoids,ADVANCED,false
III,K. Independent Living & Management,III-0577,Enjoys following workplace routines,SCALE,3 — Frequently chooses independently|2 — Sometimes chooses independently|1 — Rarely chooses (only with prompting)|0 — Never chooses / avoids,ADVANCED,false
III,K. Independent Living & Management,III-0578,Enjoys taking initiative,SCALE,3 — Frequently chooses independently|2 — Sometimes chooses independently|1 — Rarely chooses (only with prompting)|0 — Never chooses / avoids,ADVANCED,false
III,K. Independent Living & Management,III-0579,Enjoys meeting deadlines,SCALE,3 — Frequently chooses independently|2 — Sometimes chooses independently|1 — Rarely chooses (only with prompting)|0 — Never chooses / avoids,ADVANCED,false
III,K. Independent Living & Management,III-0580,Enjoys taking responsibility,SCALE,3 — Frequently chooses independently|2 — Sometimes chooses independently|1 — Rarely chooses (only with prompting)|0 — Never chooses / avoids,ADVANCED,false
III,K. Independent Living & Management,III-0581,Enjoys accountability,SCALE,3 — Frequently chooses independently|2 — Sometimes chooses independently|1 — Rarely chooses (only with prompting)|0 — Never chooses / avoids,ADVANCED,false
III,K. Independent Living & Management,III-0582,Enjoys structured work environments,SCALE,3 — Frequently chooses independently|2 — Sometimes chooses independently|1 — Rarely chooses (only with prompting)|0 — Never chooses / avoids,ADVANCED,false
III,K. Independent Living & Management,III-0583,Enjoys adapting to new situations,SCALE,3 — Frequently chooses independently|2 — Sometimes chooses independently|1 — Rarely chooses (only with prompting)|0 — Never chooses / avoids,ADVANCED,false
III,K. Independent Living & Management,III-0584,Enjoys learning workplace procedures,SCALE,3 — Frequently chooses independently|2 — Sometimes chooses independently|1 — Rarely chooses (only with prompting)|0 — Never chooses / avoids,ADVANCED,false
III,Please rank the learner's top five interests.,III-0585,"List the learner's top five interests, in order.",FREE_TEXT,,ADVANCED,true
III,Career Readiness & Vocational Indicators,III-0586,Which activity would the learner voluntarily choose as a full-time career?,FREE_TEXT,,ADVANCED,true
III,Career Readiness & Vocational Indicators,III-0587,Which activity keeps the learner engaged for several hours without losing interest?,FREE_TEXT,,ADVANCED,true
III,Career Readiness & Vocational Indicators,III-0588,Which vocational skill has the learner consistently practiced for more than two years?,FREE_TEXT,,ADVANCED,true
III,Career Readiness & Vocational Indicators,III-0589,Which activity can the learner perform independently without supervision?,FREE_TEXT,,ADVANCED,true
III,Career Readiness & Vocational Indicators,III-0590,"Which skill receives the highest appreciation from employers, trainers, or family?",FREE_TEXT,,ADVANCED,true
III,Career Readiness & Vocational Indicators,III-0591,Which activity demonstrates the learner's strongest employable strength?,FREE_TEXT,,ADVANCED,true
III,Career Readiness & Vocational Indicators,III-0592,Which activity would the learner willingly perform even if financial rewards were minimal?,FREE_TEXT,,ADVANCED,true
III,Career Readiness & Vocational Indicators,III-0593,"Has the learner successfully completed internships, freelance work, volunteering, or paid employment?",FREE_TEXT,,ADVANCED,true
III,Career Readiness & Vocational Indicators,III-0594,Has the learner demonstrated entrepreneurial behaviour by selling products or services?,FREE_TEXT,,ADVANCED,true
III,Career Readiness & Vocational Indicators,III-0595,"Does the learner prefer technical work, creative work, service-oriented work, administrative work, or management?",FREE_TEXT,,ADVANCED,true
III,Career Readiness & Vocational Indicators,III-0596,Does the learner prefer repetitive structured work or dynamic problem-solving work?,FREE_TEXT,,ADVANCED,true
III,Career Readiness & Vocational Indicators,III-0597,Does the learner naturally assume leadership roles?,FREE_TEXT,,ADVANCED,true
III,Career Readiness & Vocational Indicators,III-0598,Does the learner prefer mentoring others or working independently?,FREE_TEXT,,ADVANCED,true
III,Career Readiness & Vocational Indicators,III-0599,Which work environment would the learner choose?,FREE_TEXT,,ADVANCED,true
III,Career Readiness & Vocational Indicators,III-0600,"Does the learner prefer employment, self-employment, freelancing, or entrepreneurship?",FREE_TEXT,,ADVANCED,true
III,Career Readiness & Vocational Indicators,III-0601,What workplace accommodations would help the learner perform at their best?,FREE_TEXT,,ADVANCED,true
III,Career Readiness & Vocational Indicators,III-0602,Which career pathway best matches the learner's interests and strengths?,FREE_TEXT,,ADVANCED,true
III,Career Readiness & Vocational Indicators,III-0603,Which skills would the learner like to further develop over the next three years?,FREE_TEXT,,ADVANCED,true
III,Career Readiness & Vocational Indicators,III-0604,Does the learner demonstrate readiness for independent employment?,FREE_TEXT,,ADVANCED,true
III,Career Readiness & Vocational Indicators,III-0605,"If offered three job opportunities today, which would the learner choose first and why?",FREE_TEXT,,ADVANCED,true
CALP,Attention & Focus,CALP-0001,Can the learner remain engaged in a preferred activity for at least 2-3 minutes?,SCALE,3 — Independent|2 — With Prompts|1 — Needs Support|0 — Not Applicable,EARLY_CHILDHOOD,false
CALP,Attention & Focus,CALP-0002,Can the learner maintain attention despite minor distractions?,SCALE,3 — Independent|2 — With Prompts|1 — Needs Support|0 — Not Applicable,EARLY_CHILDHOOD,false
CALP,Attention & Focus,CALP-0003,Can the learner return to a task after interruption?,SCALE,3 — Independent|2 — With Prompts|1 — Needs Support|0 — Not Applicable,EARLY_CHILDHOOD,false
CALP,Memory Recall,CALP-0004,Can the learner remember names of familiar people?,SCALE,3 — Independent|2 — With Prompts|1 — Needs Support|0 — Not Applicable,EARLY_CHILDHOOD,false
CALP,Memory Recall,CALP-0005,Can the learner remember locations of frequently used objects?,SCALE,3 — Independent|2 — With Prompts|1 — Needs Support|0 — Not Applicable,EARLY_CHILDHOOD,false
CALP,Memory Recall,CALP-0006,Can the learner recall recently learned information?,SCALE,3 — Independent|2 — With Prompts|1 — Needs Support|0 — Not Applicable,EARLY_CHILDHOOD,false
CALP,Working Memory,CALP-0007,Can the learner remember and carry out two simple instructions?,SCALE,3 — Independent|2 — With Prompts|1 — Needs Support|0 — Not Applicable,EARLY_CHILDHOOD,false
CALP,Working Memory,CALP-0008,Can the learner remember what they were doing after a brief interruption?,SCALE,3 — Independent|2 — With Prompts|1 — Needs Support|0 — Not Applicable,EARLY_CHILDHOOD,false
CALP,Task Comprehension,CALP-0009,Can the learner understand one-step instructions?,SCALE,3 — Independent|2 — With Prompts|1 — Needs Support|0 — Not Applicable,EARLY_CHILDHOOD,false
CALP,Task Comprehension,CALP-0010,Can the learner understand two-step instructions?,SCALE,3 — Independent|2 — With Prompts|1 — Needs Support|0 — Not Applicable,EARLY_CHILDHOOD,false
CALP,Problem Solving,CALP-0011,Does the learner attempt puzzles independently?,SCALE,3 — Independent|2 — With Prompts|1 — Needs Support|0 — Not Applicable,EARLY_CHILDHOOD,false
CALP,Problem Solving,CALP-0012,Does the learner try different solutions before asking for help?,SCALE,3 — Independent|2 — With Prompts|1 — Needs Support|0 — Not Applicable,EARLY_CHILDHOOD,false
CALP,Cause & Effect,CALP-0013,Does the learner understand that actions lead to consequences?,SCALE,3 — Independent|2 — With Prompts|1 — Needs Support|0 — Not Applicable,EARLY_CHILDHOOD,false
CALP,Cause & Effect,CALP-0014,Can the learner predict simple outcomes?,SCALE,3 — Independent|2 — With Prompts|1 — Needs Support|0 — Not Applicable,EARLY_CHILDHOOD,false
CALP,Categorization,CALP-0015,Can the learner group objects by colour?,SCALE,3 — Independent|2 — With Prompts|1 — Needs Support|0 — Not Applicable,EARLY_CHILDHOOD,false
CALP,Categorization,CALP-0016,Can the learner group objects by size or function?,SCALE,3 — Independent|2 — With Prompts|1 — Needs Support|0 — Not Applicable,EARLY_CHILDHOOD,false
CALP,Visual-Spatial Reasoning,CALP-0017,Can the learner complete simple visual puzzles?,SCALE,3 — Independent|2 — With Prompts|1 — Needs Support|0 — Not Applicable,EARLY_CHILDHOOD,false
CALP,Visual-Spatial Reasoning,CALP-0018,Can the learner match objects based on shape or position?,SCALE,3 — Independent|2 — With Prompts|1 — Needs Support|0 — Not Applicable,EARLY_CHILDHOOD,false
CALP,Sequencing,CALP-0019,Can the learner arrange familiar activities in order?,SCALE,3 — Independent|2 — With Prompts|1 — Needs Support|0 — Not Applicable,EARLY_CHILDHOOD,false
CALP,Sequencing,CALP-0020,Can the learner repeat simple daily routines in sequence?,SCALE,3 — Independent|2 — With Prompts|1 — Needs Support|0 — Not Applicable,EARLY_CHILDHOOD,false
CALP,Symbol Recognition,CALP-0021,"Can the learner recognize common symbols, numbers, or signs?",SCALE,3 — Independent|2 — With Prompts|1 — Needs Support|0 — Not Applicable,EARLY_CHILDHOOD,false
CALP,Symbol Recognition,CALP-0022,Can the learner identify familiar logos or pictures?,SCALE,3 — Independent|2 — With Prompts|1 — Needs Support|0 — Not Applicable,EARLY_CHILDHOOD,false
CALP,Analogical Reasoning,CALP-0023,Can the learner match objects based on similar use?,SCALE,3 — Independent|2 — With Prompts|1 — Needs Support|0 — Not Applicable,EARLY_CHILDHOOD,false
CALP,Analogical Reasoning,CALP-0024,Can the learner identify items that belong together?,SCALE,3 — Independent|2 — With Prompts|1 — Needs Support|0 — Not Applicable,EARLY_CHILDHOOD,false
CALP,Generalization,CALP-0025,Can the learner apply a learned skill in a different setting?,SCALE,3 — Independent|2 — With Prompts|1 — Needs Support|0 — Not Applicable,EARLY_CHILDHOOD,false
CALP,Generalization,CALP-0026,Can the learner use familiar routines with different people?,SCALE,3 — Independent|2 — With Prompts|1 — Needs Support|0 — Not Applicable,EARLY_CHILDHOOD,false
CALP,Cognitive Flexibility,CALP-0027,Can the learner shift from one activity to another with minimal distress?,SCALE,3 — Independent|2 — With Prompts|1 — Needs Support|0 — Not Applicable,EARLY_CHILDHOOD,false
CALP,Cognitive Flexibility,CALP-0028,Can the learner accept small changes in routine?,SCALE,3 — Independent|2 — With Prompts|1 — Needs Support|0 — Not Applicable,EARLY_CHILDHOOD,false
CALP,Initiation,CALP-0029,Does the learner begin familiar tasks without being reminded?,SCALE,3 — Independent|2 — With Prompts|1 — Needs Support|0 — Not Applicable,EARLY_CHILDHOOD,false
CALP,Initiation,CALP-0030,Does the learner independently approach preferred activities?,SCALE,3 — Independent|2 — With Prompts|1 — Needs Support|0 — Not Applicable,EARLY_CHILDHOOD,false
CALP,Planning,CALP-0031,Can the learner gather materials before starting a familiar activity?,SCALE,3 — Independent|2 — With Prompts|1 — Needs Support|0 — Not Applicable,EARLY_CHILDHOOD,false
CALP,Planning,CALP-0032,Does the learner attempt simple planning during play?,SCALE,3 — Independent|2 — With Prompts|1 — Needs Support|0 — Not Applicable,EARLY_CHILDHOOD,false
CALP,Processing Speed,CALP-0033,Can the learner respond to simple instructions within an appropriate time?,SCALE,3 — Independent|2 — With Prompts|1 — Needs Support|0 — Not Applicable,EARLY_CHILDHOOD,false
CALP,Processing Speed,CALP-0034,Can the learner complete familiar tasks without excessive delay?,SCALE,3 — Independent|2 — With Prompts|1 — Needs Support|0 — Not Applicable,EARLY_CHILDHOOD,false
CALP,Error Monitoring,CALP-0035,Does the learner notice mistakes and attempt correction?,SCALE,3 — Independent|2 — With Prompts|1 — Needs Support|0 — Not Applicable,EARLY_CHILDHOOD,false
CALP,Error Monitoring,CALP-0036,Does the learner retry after making an error?,SCALE,3 — Independent|2 — With Prompts|1 — Needs Support|0 — Not Applicable,EARLY_CHILDHOOD,false
CALP,Impulse Control,CALP-0037,Can the learner wait briefly before acting?,SCALE,3 — Independent|2 — With Prompts|1 — Needs Support|0 — Not Applicable,EARLY_CHILDHOOD,false
CALP,Impulse Control,CALP-0038,"Can the learner stop when instructed ""wait"" or ""no""?",SCALE,3 — Independent|2 — With Prompts|1 — Needs Support|0 — Not Applicable,EARLY_CHILDHOOD,false
CALP,Inhibitory Control,CALP-0039,Can the learner resist touching restricted objects when instructed?,SCALE,3 — Independent|2 — With Prompts|1 — Needs Support|0 — Not Applicable,EARLY_CHILDHOOD,false
CALP,Inhibitory Control,CALP-0040,Can the learner delay gratification for a preferred reward?,SCALE,3 — Independent|2 — With Prompts|1 — Needs Support|0 — Not Applicable,EARLY_CHILDHOOD,false
CALP,Sensory Discrimination,CALP-0041,Can the learner distinguish loud from soft sounds?,SCALE,3 — Independent|2 — With Prompts|1 — Needs Support|0 — Not Applicable,EARLY_CHILDHOOD,false
CALP,Sensory Discrimination,CALP-0042,Can the learner identify different textures or temperatures?,SCALE,3 — Independent|2 — With Prompts|1 — Needs Support|0 — Not Applicable,EARLY_CHILDHOOD,false
CALP,Emotional Regulation,CALP-0043,Can the learner recover from frustration with minimal support?,SCALE,3 — Independent|2 — With Prompts|1 — Needs Support|0 — Not Applicable,EARLY_CHILDHOOD,false
CALP,Emotional Regulation,CALP-0044,Can the learner express emotions appropriately?,SCALE,3 — Independent|2 — With Prompts|1 — Needs Support|0 — Not Applicable,EARLY_CHILDHOOD,false
CALP,Social Cognition,CALP-0045,Can the learner recognize basic emotions in others?,SCALE,3 — Independent|2 — With Prompts|1 — Needs Support|0 — Not Applicable,EARLY_CHILDHOOD,false
CALP,Social Cognition,CALP-0046,Can the learner respond appropriately to another person's emotions?,SCALE,3 — Independent|2 — With Prompts|1 — Needs Support|0 — Not Applicable,EARLY_CHILDHOOD,false
CALP,Moral Reasoning,CALP-0047,Does the learner understand fairness when corrected?,SCALE,3 — Independent|2 — With Prompts|1 — Needs Support|0 — Not Applicable,EARLY_CHILDHOOD,false
CALP,Moral Reasoning,CALP-0048,Can the learner distinguish acceptable from unacceptable behaviour?,SCALE,3 — Independent|2 — With Prompts|1 — Needs Support|0 — Not Applicable,EARLY_CHILDHOOD,false
CALP,Functional Judgment,CALP-0049,Can the learner recognize simple unsafe situations?,SCALE,3 — Independent|2 — With Prompts|1 — Needs Support|0 — Not Applicable,EARLY_CHILDHOOD,false
CALP,Functional Judgment,CALP-0050,Can the learner seek help when needed?,SCALE,3 — Independent|2 — With Prompts|1 — Needs Support|0 — Not Applicable,EARLY_CHILDHOOD,false
CALP,Symbolic Thinking,CALP-0051,Does the learner use objects during pretend play?,SCALE,3 — Independent|2 — With Prompts|1 — Needs Support|0 — Not Applicable,EARLY_CHILDHOOD,false
CALP,Symbolic Thinking,CALP-0052,Does the learner assign imaginary roles to toys?,SCALE,3 — Independent|2 — With Prompts|1 — Needs Support|0 — Not Applicable,EARLY_CHILDHOOD,false
CALP,Metacognition,CALP-0053,Can the learner express likes and dislikes after an activity?,SCALE,3 — Independent|2 — With Prompts|1 — Needs Support|0 — Not Applicable,EARLY_CHILDHOOD,false
CALP,Metacognition,CALP-0054,Can the learner identify when an activity is difficult?,SCALE,3 — Independent|2 — With Prompts|1 — Needs Support|0 — Not Applicable,EARLY_CHILDHOOD,false
CALP,Learning Readiness,CALP-0055,Does the learner attempt new activities willingly?,SCALE,3 — Independent|2 — With Prompts|1 — Needs Support|0 — Not Applicable,EARLY_CHILDHOOD,false
CALP,Learning Readiness,CALP-0056,Can the learner persist when learning something unfamiliar?,SCALE,3 — Independent|2 — With Prompts|1 — Needs Support|0 — Not Applicable,EARLY_CHILDHOOD,false
CALP,Attention & Focus,CALP-0057,Can the learner sustain attention on a structured task for 10-15 minutes?,SCALE,3 — Independent|2 — With Prompts|1 — Needs Support|0 — Not Applicable,PRE_SKILL,false
CALP,Attention & Focus,CALP-0058,Can the learner ignore minor distractions while working?,SCALE,3 — Independent|2 — With Prompts|1 — Needs Support|0 — Not Applicable,PRE_SKILL,false
CALP,Attention & Focus,CALP-0059,Can the learner return to a task after interruption?,SCALE,3 — Independent|2 — With Prompts|1 — Needs Support|0 — Not Applicable,PRE_SKILL,false
CALP,Memory Recall,CALP-0060,Can the learner recall personal information such as address or phone number?,SCALE,3 — Independent|2 — With Prompts|1 — Needs Support|0 — Not Applicable,PRE_SKILL,false
CALP,Memory Recall,CALP-0061,Can the learner remember events from the previous day?,SCALE,3 — Independent|2 — With Prompts|1 — Needs Support|0 — Not Applicable,PRE_SKILL,false
CALP,Memory Recall,CALP-0062,Can the learner recall information after short delays?,SCALE,3 — Independent|2 — With Prompts|1 — Needs Support|0 — Not Applicable,PRE_SKILL,false
CALP,Working Memory,CALP-0063,Can the learner remember and carry out 2-3 step instructions?,SCALE,3 — Independent|2 — With Prompts|1 — Needs Support|0 — Not Applicable,PRE_SKILL,false
CALP,Working Memory,CALP-0064,Can the learner remember multiple items while completing a task?,SCALE,3 — Independent|2 — With Prompts|1 — Needs Support|0 — Not Applicable,PRE_SKILL,false
CALP,Task Comprehension,CALP-0065,Can the learner understand verbal instructions without repetition?,SCALE,3 — Independent|2 — With Prompts|1 — Needs Support|0 — Not Applicable,PRE_SKILL,false
CALP,Task Comprehension,CALP-0066,Can the learner follow written or pictorial instructions?,SCALE,3 — Independent|2 — With Prompts|1 — Needs Support|0 — Not Applicable,PRE_SKILL,false
CALP,Problem Solving,CALP-0067,Can the learner solve age-appropriate puzzles independently?,SCALE,3 — Independent|2 — With Prompts|1 — Needs Support|0 — Not Applicable,PRE_SKILL,false
CALP,Problem Solving,CALP-0068,Can the learner identify alternative ways to complete a task?,SCALE,3 — Independent|2 — With Prompts|1 — Needs Support|0 — Not Applicable,PRE_SKILL,false
CALP,Cause & Effect Reasoning,CALP-0069,Can the learner predict what might happen after a specific action?,SCALE,3 — Independent|2 — With Prompts|1 — Needs Support|0 — Not Applicable,PRE_SKILL,false
CALP,Cause & Effect Reasoning,CALP-0070,Can the learner explain why something happened?,SCALE,3 — Independent|2 — With Prompts|1 — Needs Support|0 — Not Applicable,PRE_SKILL,false
CALP,Categorization,CALP-0071,Can the learner classify objects based on multiple characteristics?,SCALE,3 — Independent|2 — With Prompts|1 — Needs Support|0 — Not Applicable,PRE_SKILL,false
CALP,Categorization,CALP-0072,Can the learner identify items that belong to the same category?,SCALE,3 — Independent|2 — With Prompts|1 — Needs Support|0 — Not Applicable,PRE_SKILL,false
CALP,Visual-Spatial Reasoning,CALP-0073,Can the learner copy block patterns or designs?,SCALE,3 — Independent|2 — With Prompts|1 — Needs Support|0 — Not Applicable,PRE_SKILL,false
CALP,Visual-Spatial Reasoning,CALP-0074,Can the learner interpret simple maps or diagrams?,SCALE,3 — Independent|2 — With Prompts|1 — Needs Support|0 — Not Applicable,PRE_SKILL,false
CALP,Sequencing,CALP-0075,Can the learner arrange pictures or events in logical order?,SCALE,3 — Independent|2 — With Prompts|1 — Needs Support|0 — Not Applicable,PRE_SKILL,false
CALP,Sequencing,CALP-0076,Can the learner explain the steps needed to complete a familiar task?,SCALE,3 — Independent|2 — With Prompts|1 — Needs Support|0 — Not Applicable,PRE_SKILL,false
CALP,Symbol Recognition,CALP-0077,"Can the learner recognize numbers, letters, and common signs?",SCALE,3 — Independent|2 — With Prompts|1 — Needs Support|0 — Not Applicable,PRE_SKILL,false
CALP,Symbol Recognition,CALP-0078,"Can the learner identify common public symbols (exit, restroom, stop)?",SCALE,3 — Independent|2 — With Prompts|1 — Needs Support|0 — Not Applicable,PRE_SKILL,false
CALP,Analogical Reasoning,CALP-0079,Can the learner identify similarities between two objects or situations?,SCALE,3 — Independent|2 — With Prompts|1 — Needs Support|0 — Not Applicable,PRE_SKILL,false
CALP,Analogical Reasoning,CALP-0080,Can the learner complete simple analogies?,SCALE,3 — Independent|2 — With Prompts|1 — Needs Support|0 — Not Applicable,PRE_SKILL,false
CALP,Generalization,CALP-0081,Can the learner apply a learned skill in a new environment?,SCALE,3 — Independent|2 — With Prompts|1 — Needs Support|0 — Not Applicable,PRE_SKILL,false
CALP,Generalization,CALP-0082,Can the learner use previous experiences to solve new problems?,SCALE,3 — Independent|2 — With Prompts|1 — Needs Support|0 — Not Applicable,PRE_SKILL,false
CALP,Cognitive Flexibility,CALP-0083,Can the learner switch between two activities without significant distress?,SCALE,3 — Independent|2 — With Prompts|1 — Needs Support|0 — Not Applicable,PRE_SKILL,false
CALP,Cognitive Flexibility,CALP-0084,Can the learner accept changes to routines or rules?,SCALE,3 — Independent|2 — With Prompts|1 — Needs Support|0 — Not Applicable,PRE_SKILL,false
CALP,Initiation,CALP-0085,Can the learner begin familiar tasks without reminders?,SCALE,3 — Independent|2 — With Prompts|1 — Needs Support|0 — Not Applicable,PRE_SKILL,false
CALP,Initiation,CALP-0086,Can the learner independently ask questions when unsure?,SCALE,3 — Independent|2 — With Prompts|1 — Needs Support|0 — Not Applicable,PRE_SKILL,false
CALP,Planning,CALP-0087,Can the learner gather required materials before starting a task?,SCALE,3 — Independent|2 — With Prompts|1 — Needs Support|0 — Not Applicable,PRE_SKILL,false
CALP,Planning,CALP-0088,Can the learner organize simple activities in advance?,SCALE,3 — Independent|2 — With Prompts|1 — Needs Support|0 — Not Applicable,PRE_SKILL,false
CALP,Processing Speed,CALP-0089,Can the learner respond promptly to familiar instructions?,SCALE,3 — Independent|2 — With Prompts|1 — Needs Support|0 — Not Applicable,PRE_SKILL,false
CALP,Processing Speed,CALP-0090,Can the learner complete familiar activities within expected time?,SCALE,3 — Independent|2 — With Prompts|1 — Needs Support|0 — Not Applicable,PRE_SKILL,false
CALP,Error Monitoring,CALP-0091,Can the learner identify mistakes in completed work?,SCALE,3 — Independent|2 — With Prompts|1 — Needs Support|0 — Not Applicable,PRE_SKILL,false
CALP,Error Monitoring,CALP-0092,Can the learner correct errors after recognizing them?,SCALE,3 — Independent|2 — With Prompts|1 — Needs Support|0 — Not Applicable,PRE_SKILL,false
CALP,Impulse Control,CALP-0093,Can the learner wait patiently during games or conversations?,SCALE,3 — Independent|2 — With Prompts|1 — Needs Support|0 — Not Applicable,PRE_SKILL,false
CALP,Impulse Control,CALP-0094,Can the learner think before acting in familiar situations?,SCALE,3 — Independent|2 — With Prompts|1 — Needs Support|0 — Not Applicable,PRE_SKILL,false
CALP,Inhibitory Control,CALP-0095,Can the learner resist distractions when completing work?,SCALE,3 — Independent|2 — With Prompts|1 — Needs Support|0 — Not Applicable,PRE_SKILL,false
CALP,Inhibitory Control,CALP-0096,Can the learner delay preferred activities until work is completed?,SCALE,3 — Independent|2 — With Prompts|1 — Needs Support|0 — Not Applicable,PRE_SKILL,false
CALP,Sensory Discrimination,CALP-0097,"Can the learner distinguish different sounds, textures, or smells appropriately?",SCALE,3 — Independent|2 — With Prompts|1 — Needs Support|0 — Not Applicable,PRE_SKILL,false
CALP,Sensory Discrimination,CALP-0098,Can the learner identify environmental changes through sensory cues?,SCALE,3 — Independent|2 — With Prompts|1 — Needs Support|0 — Not Applicable,PRE_SKILL,false
CALP,Emotional Regulation,CALP-0099,Can the learner manage disappointment without prolonged distress?,SCALE,3 — Independent|2 — With Prompts|1 — Needs Support|0 — Not Applicable,PRE_SKILL,false
CALP,Emotional Regulation,CALP-0100,Can the learner calm down after frustration with minimal support?,SCALE,3 — Independent|2 — With Prompts|1 — Needs Support|0 — Not Applicable,PRE_SKILL,false
CALP,Social Cognition,CALP-0101,Can the learner identify emotions from facial expressions?,SCALE,3 — Independent|2 — With Prompts|1 — Needs Support|0 — Not Applicable,PRE_SKILL,false
CALP,Social Cognition,CALP-0102,Can the learner understand how others may feel in simple situations?,SCALE,3 — Independent|2 — With Prompts|1 — Needs Support|0 — Not Applicable,PRE_SKILL,false
CALP,Moral Reasoning,CALP-0103,Can the learner distinguish right from wrong in everyday situations?,SCALE,3 — Independent|2 — With Prompts|1 — Needs Support|0 — Not Applicable,PRE_SKILL,false
CALP,Moral Reasoning,CALP-0104,Can the learner explain why rules are important?,SCALE,3 — Independent|2 — With Prompts|1 — Needs Support|0 — Not Applicable,PRE_SKILL,false
CALP,Functional Judgment,CALP-0105,Can the learner identify safe and unsafe situations?,SCALE,3 — Independent|2 — With Prompts|1 — Needs Support|0 — Not Applicable,PRE_SKILL,false
CALP,Functional Judgment,CALP-0106,Can the learner choose appropriate actions during simple problems?,SCALE,3 — Independent|2 — With Prompts|1 — Needs Support|0 — Not Applicable,PRE_SKILL,false
CALP,Symbolic Thinking,CALP-0107,Can the learner use imagination to create stories or pretend scenarios?,SCALE,3 — Independent|2 — With Prompts|1 — Needs Support|0 — Not Applicable,PRE_SKILL,false
CALP,Symbolic Thinking,CALP-0108,Can the learner understand symbolic representations in books or games?,SCALE,3 — Independent|2 — With Prompts|1 — Needs Support|0 — Not Applicable,PRE_SKILL,false
CALP,Metacognition,CALP-0109,Can the learner describe what they found easy or difficult after an activity?,SCALE,3 — Independent|2 — With Prompts|1 — Needs Support|0 — Not Applicable,PRE_SKILL,false
CALP,Metacognition,CALP-0110,Can the learner identify personal strengths or favourite tasks?,SCALE,3 — Independent|2 — With Prompts|1 — Needs Support|0 — Not Applicable,PRE_SKILL,false
CALP,Decision Making,CALP-0111,Can the learner make age-appropriate choices independently?,SCALE,3 — Independent|2 — With Prompts|1 — Needs Support|0 — Not Applicable,PRE_SKILL,false
CALP,Decision Making,CALP-0112,Can the learner explain the reason behind a choice?,SCALE,3 — Independent|2 — With Prompts|1 — Needs Support|0 — Not Applicable,PRE_SKILL,false
CALP,Cognitive Persistence,CALP-0113,Can the learner continue working despite small mistakes or setbacks?,SCALE,3 — Independent|2 — With Prompts|1 — Needs Support|0 — Not Applicable,PRE_SKILL,false
CALP,Cognitive Persistence,CALP-0114,Can the learner complete tasks without giving up easily?,SCALE,3 — Independent|2 — With Prompts|1 — Needs Support|0 — Not Applicable,PRE_SKILL,false
CALP,Attention & Focus,CALP-0115,Maintains attention for 10-15 minutes,SCALE,3 — Independent|2 — With Prompts|1 — Needs Support|0 — Not Applicable,PRE_SKILL,false
CALP,Task Comprehension,CALP-0116,Follows 3-step directions,SCALE,3 — Independent|2 — With Prompts|1 — Needs Support|0 — Not Applicable,PRE_SKILL,false
CALP,Impulse Control,CALP-0117,"Waits for turn, avoids interruption",SCALE,3 — Independent|2 — With Prompts|1 — Needs Support|0 — Not Applicable,PRE_SKILL,false
CALP,Error Monitoring,CALP-0118,Identifies and corrects mistakes,SCALE,3 — Independent|2 — With Prompts|1 — Needs Support|0 — Not Applicable,PRE_SKILL,false
CALP,Visual-Spatial Reasoning,CALP-0119,Completes mazes/maps,SCALE,3 — Independent|2 — With Prompts|1 — Needs Support|0 — Not Applicable,PRE_SKILL,false
CALP,Cause & Effect Reasoning,CALP-0120,Explains outcomes,SCALE,3 — Independent|2 — With Prompts|1 — Needs Support|0 — Not Applicable,PRE_SKILL,false
CALP,Symbol Recognition,CALP-0121,Understands symbols/signs,SCALE,3 — Independent|2 — With Prompts|1 — Needs Support|0 — Not Applicable,PRE_SKILL,false
CALP,Analogical Reasoning,CALP-0122,Understands analogies,SCALE,3 — Independent|2 — With Prompts|1 — Needs Support|0 — Not Applicable,PRE_SKILL,false
CALP,Moral Reasoning,CALP-0123,Understands fairness,SCALE,3 — Independent|2 — With Prompts|1 — Needs Support|0 — Not Applicable,PRE_SKILL,false
CALP,Generalization,CALP-0124,Applies skills in new settings,SCALE,3 — Independent|2 — With Prompts|1 — Needs Support|0 — Not Applicable,PRE_SKILL,false
CALP,Inhibitory Control,CALP-0125,Controls impulsive actions,SCALE,3 — Independent|2 — With Prompts|1 — Needs Support|0 — Not Applicable,PRE_SKILL,false
CALP,Sensory Discrimination,CALP-0126,Identifies sensory preferences,SCALE,3 — Independent|2 — With Prompts|1 — Needs Support|0 — Not Applicable,PRE_SKILL,false
CALP,Emotional Regulation,CALP-0127,Expresses emotions appropriately,SCALE,3 — Independent|2 — With Prompts|1 — Needs Support|0 — Not Applicable,PRE_SKILL,false
CALP,Symbolic Thinking,CALP-0128,Uses imagination/representation,SCALE,3 — Independent|2 — With Prompts|1 — Needs Support|0 — Not Applicable,PRE_SKILL,false
CALP,Attention & Focus,CALP-0129,Can the learner sustain attention on structured work for 20-30 minutes?,SCALE,3 — Independent|2 — With Prompts|1 — Needs Support|0 — Not Applicable,BASIC,false
CALP,Attention & Focus,CALP-0130,Can the learner ignore distractions while completing tasks?,SCALE,3 — Independent|2 — With Prompts|1 — Needs Support|0 — Not Applicable,BASIC,false
CALP,Attention & Focus,CALP-0131,Can the learner switch attention between two related tasks when required?,SCALE,3 — Independent|2 — With Prompts|1 — Needs Support|0 — Not Applicable,BASIC,false
CALP,Memory Recall,CALP-0132,Can the learner recall important personal and academic information when needed?,SCALE,3 — Independent|2 — With Prompts|1 — Needs Support|0 — Not Applicable,BASIC,false
CALP,Memory Recall,CALP-0133,Can the learner remember information from previous lessons or experiences?,SCALE,3 — Independent|2 — With Prompts|1 — Needs Support|0 — Not Applicable,BASIC,false
CALP,Memory Recall,CALP-0134,Can the learner retrieve information without repeated prompts?,SCALE,3 — Independent|2 — With Prompts|1 — Needs Support|0 — Not Applicable,BASIC,false
CALP,Working Memory,CALP-0135,Can the learner remember and execute three or more instructions in sequence?,SCALE,3 — Independent|2 — With Prompts|1 — Needs Support|0 — Not Applicable,BASIC,false
CALP,Working Memory,CALP-0136,Can the learner hold information while solving another task?,SCALE,3 — Independent|2 — With Prompts|1 — Needs Support|0 — Not Applicable,BASIC,false
CALP,Task Comprehension,CALP-0137,Can the learner understand written instructions independently?,SCALE,3 — Independent|2 — With Prompts|1 — Needs Support|0 — Not Applicable,BASIC,false
CALP,Task Comprehension,CALP-0138,Can the learner interpret visual schedules or diagrams accurately?,SCALE,3 — Independent|2 — With Prompts|1 — Needs Support|0 — Not Applicable,BASIC,false
CALP,Problem Solving,CALP-0139,Can the learner identify multiple solutions for a problem?,SCALE,3 — Independent|2 — With Prompts|1 — Needs Support|0 — Not Applicable,BASIC,false
CALP,Problem Solving,CALP-0140,Can the learner modify strategies when the first attempt fails?,SCALE,3 — Independent|2 — With Prompts|1 — Needs Support|0 — Not Applicable,BASIC,false
CALP,Cause & Effect Reasoning,CALP-0141,Can the learner predict the consequences of actions before acting?,SCALE,3 — Independent|2 — With Prompts|1 — Needs Support|0 — Not Applicable,BASIC,false
CALP,Cause & Effect Reasoning,CALP-0142,Can the learner explain why events occur?,SCALE,3 — Independent|2 — With Prompts|1 — Needs Support|0 — Not Applicable,BASIC,false
CALP,Categorization,CALP-0143,Can the learner classify objects based on multiple attributes simultaneously?,SCALE,3 — Independent|2 — With Prompts|1 — Needs Support|0 — Not Applicable,BASIC,false
CALP,Categorization,CALP-0144,Can the learner organize information into meaningful groups?,SCALE,3 — Independent|2 — With Prompts|1 — Needs Support|0 — Not Applicable,BASIC,false
CALP,Visual-Spatial Reasoning,CALP-0145,"Can the learner interpret diagrams, maps, or layouts?",SCALE,3 — Independent|2 — With Prompts|1 — Needs Support|0 — Not Applicable,BASIC,false
CALP,Visual-Spatial Reasoning,CALP-0146,Can the learner reproduce patterns accurately?,SCALE,3 — Independent|2 — With Prompts|1 — Needs Support|0 — Not Applicable,BASIC,false
CALP,Sequencing,CALP-0147,Can the learner organize tasks into the correct order independently?,SCALE,3 — Independent|2 — With Prompts|1 — Needs Support|0 — Not Applicable,BASIC,false
CALP,Sequencing,CALP-0148,Can the learner identify missing steps in a process?,SCALE,3 — Independent|2 — With Prompts|1 — Needs Support|0 — Not Applicable,BASIC,false
CALP,Symbol Recognition,CALP-0149,"Can the learner interpret symbols, icons, graphs, and signs accurately?",SCALE,3 — Independent|2 — With Prompts|1 — Needs Support|0 — Not Applicable,BASIC,false
CALP,Symbol Recognition,CALP-0150,Can the learner recognize workplace-related symbols?,SCALE,3 — Independent|2 — With Prompts|1 — Needs Support|0 — Not Applicable,BASIC,false
CALP,Analogical Reasoning,CALP-0151,Can the learner identify relationships between unfamiliar concepts?,SCALE,3 — Independent|2 — With Prompts|1 — Needs Support|0 — Not Applicable,BASIC,false
CALP,Analogical Reasoning,CALP-0152,Can the learner solve simple analogies?,SCALE,3 — Independent|2 — With Prompts|1 — Needs Support|0 — Not Applicable,BASIC,false
CALP,Generalization,CALP-0153,Can the learner transfer classroom learning to home or community settings?,SCALE,3 — Independent|2 — With Prompts|1 — Needs Support|0 — Not Applicable,BASIC,false
CALP,Generalization,CALP-0154,Can the learner apply previous experiences to unfamiliar tasks?,SCALE,3 — Independent|2 — With Prompts|1 — Needs Support|0 — Not Applicable,BASIC,false
CALP,Cognitive Flexibility,CALP-0155,Can the learner adapt when routines or plans change unexpectedly?,SCALE,3 — Independent|2 — With Prompts|1 — Needs Support|0 — Not Applicable,BASIC,false
CALP,Cognitive Flexibility,CALP-0156,Can the learner consider alternative viewpoints or solutions?,SCALE,3 — Independent|2 — With Prompts|1 — Needs Support|0 — Not Applicable,BASIC,false
CALP,Initiation,CALP-0157,Can the learner begin assigned tasks without reminders?,SCALE,3 — Independent|2 — With Prompts|1 — Needs Support|0 — Not Applicable,BASIC,false
CALP,Initiation,CALP-0158,Can the learner seek clarification when unsure?,SCALE,3 — Independent|2 — With Prompts|1 — Needs Support|0 — Not Applicable,BASIC,false
CALP,Planning,CALP-0159,Can the learner plan the materials and sequence needed for a task?,SCALE,3 — Independent|2 — With Prompts|1 — Needs Support|0 — Not Applicable,BASIC,false
CALP,Planning,CALP-0160,Can the learner estimate how long a task may take?,SCALE,3 — Independent|2 — With Prompts|1 — Needs Support|0 — Not Applicable,BASIC,false
CALP,Organization,CALP-0161,Can the learner organize work materials before beginning?,SCALE,3 — Independent|2 — With Prompts|1 — Needs Support|0 — Not Applicable,BASIC,false
CALP,Organization,CALP-0162,Can the learner maintain an orderly workspace?,SCALE,3 — Independent|2 — With Prompts|1 — Needs Support|0 — Not Applicable,BASIC,false
CALP,Processing Speed,CALP-0163,Can the learner understand and respond to instructions promptly?,SCALE,3 — Independent|2 — With Prompts|1 — Needs Support|0 — Not Applicable,BASIC,false
CALP,Processing Speed,CALP-0164,Can the learner complete familiar work within expected time limits?,SCALE,3 — Independent|2 — With Prompts|1 — Needs Support|0 — Not Applicable,BASIC,false
CALP,Error Monitoring,CALP-0165,Can the learner independently identify mistakes in completed work?,SCALE,3 — Independent|2 — With Prompts|1 — Needs Support|0 — Not Applicable,BASIC,false
CALP,Error Monitoring,CALP-0166,Can the learner correct mistakes without assistance?,SCALE,3 — Independent|2 — With Prompts|1 — Needs Support|0 — Not Applicable,BASIC,false
CALP,Impulse Control,CALP-0167,Can the learner think before responding in challenging situations?,SCALE,3 — Independent|2 — With Prompts|1 — Needs Support|0 — Not Applicable,BASIC,false
CALP,Impulse Control,CALP-0168,Can the learner wait appropriately when required?,SCALE,3 — Independent|2 — With Prompts|1 — Needs Support|0 — Not Applicable,BASIC,false
CALP,Inhibitory Control,CALP-0169,Can the learner resist distractions and remain focused?,SCALE,3 — Independent|2 — With Prompts|1 — Needs Support|0 — Not Applicable,BASIC,false
CALP,Inhibitory Control,CALP-0170,Can the learner delay immediate gratification to complete work?,SCALE,3 — Independent|2 — With Prompts|1 — Needs Support|0 — Not Applicable,BASIC,false
CALP,Sensory Discrimination,CALP-0171,Can the learner appropriately respond to sensory differences in the environment?,SCALE,3 — Independent|2 — With Prompts|1 — Needs Support|0 — Not Applicable,BASIC,false
CALP,Sensory Discrimination,CALP-0172,Can the learner identify sensory information needed for tasks?,SCALE,3 — Independent|2 — With Prompts|1 — Needs Support|0 — Not Applicable,BASIC,false
CALP,Emotional Regulation,CALP-0173,Can the learner manage frustration without abandoning tasks?,SCALE,3 — Independent|2 — With Prompts|1 — Needs Support|0 — Not Applicable,BASIC,false
CALP,Emotional Regulation,CALP-0174,Can the learner regulate emotions during peer interactions?,SCALE,3 — Independent|2 — With Prompts|1 — Needs Support|0 — Not Applicable,BASIC,false
CALP,Social Cognition,CALP-0175,Can the learner recognize others' emotions accurately?,SCALE,3 — Independent|2 — With Prompts|1 — Needs Support|0 — Not Applicable,BASIC,false
CALP,Social Cognition,CALP-0176,Can the learner adjust behaviour based on social situations?,SCALE,3 — Independent|2 — With Prompts|1 — Needs Support|0 — Not Applicable,BASIC,false
CALP,Perspective Taking,CALP-0177,Can the learner understand another person's point of view?,SCALE,3 — Independent|2 — With Prompts|1 — Needs Support|0 — Not Applicable,BASIC,false
CALP,Perspective Taking,CALP-0178,Can the learner predict how actions affect others?,SCALE,3 — Independent|2 — With Prompts|1 — Needs Support|0 — Not Applicable,BASIC,false
CALP,Moral Reasoning,CALP-0179,Can the learner explain why honesty or fairness is important?,SCALE,3 — Independent|2 — With Prompts|1 — Needs Support|0 — Not Applicable,BASIC,false
CALP,Moral Reasoning,CALP-0180,Can the learner distinguish between intentional and accidental behaviour?,SCALE,3 — Independent|2 — With Prompts|1 — Needs Support|0 — Not Applicable,BASIC,false
CALP,Functional Judgment,CALP-0181,Can the learner make safe decisions in unfamiliar situations?,SCALE,3 — Independent|2 — With Prompts|1 — Needs Support|0 — Not Applicable,BASIC,false
CALP,Functional Judgment,CALP-0182,Can the learner choose appropriate solutions during everyday problems?,SCALE,3 — Independent|2 — With Prompts|1 — Needs Support|0 — Not Applicable,BASIC,false
CALP,Decision Making,CALP-0183,Can the learner independently choose between multiple alternatives?,SCALE,3 — Independent|2 — With Prompts|1 — Needs Support|0 — Not Applicable,BASIC,false
CALP,Decision Making,CALP-0184,Can the learner justify decisions logically?,SCALE,3 — Independent|2 — With Prompts|1 — Needs Support|0 — Not Applicable,BASIC,false
CALP,Symbolic Thinking,CALP-0185,"Can the learner understand metaphors, pretend scenarios, or symbolic representations?",SCALE,3 — Independent|2 — With Prompts|1 — Needs Support|0 — Not Applicable,BASIC,false
CALP,Symbolic Thinking,CALP-0186,Can the learner create imaginative solutions to problems?,SCALE,3 — Independent|2 — With Prompts|1 — Needs Support|0 — Not Applicable,BASIC,false
CALP,Metacognition,CALP-0187,Can the learner identify personal strengths and weaknesses?,SCALE,3 — Independent|2 — With Prompts|1 — Needs Support|0 — Not Applicable,BASIC,false
CALP,Metacognition,CALP-0188,Can the learner reflect on what could be improved after completing a task?,SCALE,3 — Independent|2 — With Prompts|1 — Needs Support|0 — Not Applicable,BASIC,false
CALP,Cognitive Persistence,CALP-0189,Can the learner continue working despite repeated mistakes?,SCALE,3 — Independent|2 — With Prompts|1 — Needs Support|0 — Not Applicable,BASIC,false
CALP,Cognitive Persistence,CALP-0190,Can the learner complete lengthy tasks without giving up?,SCALE,3 — Independent|2 — With Prompts|1 — Needs Support|0 — Not Applicable,BASIC,false
CALP,Planning & Prioritization,CALP-0191,Can the learner decide which task should be completed first?,SCALE,3 — Independent|2 — With Prompts|1 — Needs Support|0 — Not Applicable,BASIC,false
CALP,Planning & Prioritization,CALP-0192,Can the learner break large tasks into smaller manageable steps?,SCALE,3 — Independent|2 — With Prompts|1 — Needs Support|0 — Not Applicable,BASIC,false
CALP,Abstract Reasoning,CALP-0193,Can the learner understand concepts that are not directly observable?,SCALE,3 — Independent|2 — With Prompts|1 — Needs Support|0 — Not Applicable,BASIC,false
CALP,Abstract Reasoning,CALP-0194,Can the learner identify patterns across different situations?,SCALE,3 — Independent|2 — With Prompts|1 — Needs Support|0 — Not Applicable,BASIC,false
CALP,Functional Application,CALP-0195,Can the learner apply learned skills to practical real-life situations?,SCALE,3 — Independent|2 — With Prompts|1 — Needs Support|0 — Not Applicable,BASIC,false
CALP,Functional Application,CALP-0196,Can the learner independently adapt skills for new situations?,SCALE,3 — Independent|2 — With Prompts|1 — Needs Support|0 — Not Applicable,BASIC,false
CALP,Attention & Focus,CALP-0197,Can the learner sustain attention on work-related tasks for 30-45 minutes?,SCALE,3 — Independent|2 — With Prompts|1 — Needs Support|0 — Not Applicable,INTERMEDIATE,false
CALP,Attention & Focus,CALP-0198,Can the learner ignore distractions in busy environments?,SCALE,3 — Independent|2 — With Prompts|1 — Needs Support|0 — Not Applicable,INTERMEDIATE,false
CALP,Attention & Focus,CALP-0199,Can the learner shift attention between multiple tasks efficiently?,SCALE,3 — Independent|2 — With Prompts|1 — Needs Support|0 — Not Applicable,INTERMEDIATE,false
CALP,Memory Recall,CALP-0200,Can the learner recall procedures without repeated reminders?,SCALE,3 — Independent|2 — With Prompts|1 — Needs Support|0 — Not Applicable,INTERMEDIATE,false
CALP,Memory Recall,CALP-0201,Can the learner remember appointments or schedules independently?,SCALE,3 — Independent|2 — With Prompts|1 — Needs Support|0 — Not Applicable,INTERMEDIATE,false
CALP,Memory Recall,CALP-0202,Can the learner retrieve previously learned information when needed?,SCALE,3 — Independent|2 — With Prompts|1 — Needs Support|0 — Not Applicable,INTERMEDIATE,false
CALP,Working Memory,CALP-0203,Can the learner remember multiple instructions while completing a task?,SCALE,3 — Independent|2 — With Prompts|1 — Needs Support|0 — Not Applicable,INTERMEDIATE,false
CALP,Working Memory,CALP-0204,Can the learner hold information in mind while solving problems?,SCALE,3 — Independent|2 — With Prompts|1 — Needs Support|0 — Not Applicable,INTERMEDIATE,false
CALP,Task Comprehension,CALP-0205,Can the learner understand detailed verbal instructions?,SCALE,3 — Independent|2 — With Prompts|1 — Needs Support|0 — Not Applicable,INTERMEDIATE,false
CALP,Task Comprehension,CALP-0206,Can the learner interpret written manuals or visual guides?,SCALE,3 — Independent|2 — With Prompts|1 — Needs Support|0 — Not Applicable,INTERMEDIATE,false
CALP,Problem Solving,CALP-0207,Can the learner independently solve unfamiliar problems?,SCALE,3 — Independent|2 — With Prompts|1 — Needs Support|0 — Not Applicable,INTERMEDIATE,false
CALP,Problem Solving,CALP-0208,Can the learner generate multiple possible solutions?,SCALE,3 — Independent|2 — With Prompts|1 — Needs Support|0 — Not Applicable,INTERMEDIATE,false
CALP,Cause & Effect Reasoning,CALP-0209,Can the learner predict the consequences of decisions before acting?,SCALE,3 — Independent|2 — With Prompts|1 — Needs Support|0 — Not Applicable,INTERMEDIATE,false
CALP,Cause & Effect Reasoning,CALP-0210,Can the learner explain why certain strategies succeed or fail?,SCALE,3 — Independent|2 — With Prompts|1 — Needs Support|0 — Not Applicable,INTERMEDIATE,false
CALP,Categorization,CALP-0211,Can the learner classify information using multiple variables?,SCALE,3 — Independent|2 — With Prompts|1 — Needs Support|0 — Not Applicable,INTERMEDIATE,false
CALP,Categorization,CALP-0212,Can the learner organize resources based on priority or purpose?,SCALE,3 — Independent|2 — With Prompts|1 — Needs Support|0 — Not Applicable,INTERMEDIATE,false
CALP,Visual-Spatial Reasoning,CALP-0213,"Can the learner interpret floor plans, diagrams, or layouts?",SCALE,3 — Independent|2 — With Prompts|1 — Needs Support|0 — Not Applicable,INTERMEDIATE,false
CALP,Visual-Spatial Reasoning,CALP-0214,Can the learner visualize completed products before construction?,SCALE,3 — Independent|2 — With Prompts|1 — Needs Support|0 — Not Applicable,INTERMEDIATE,false
CALP,Sequencing,CALP-0215,Can the learner organize complex tasks into logical steps?,SCALE,3 — Independent|2 — With Prompts|1 — Needs Support|0 — Not Applicable,INTERMEDIATE,false
CALP,Sequencing,CALP-0216,Can the learner identify missing or incorrect steps?,SCALE,3 — Independent|2 — With Prompts|1 — Needs Support|0 — Not Applicable,INTERMEDIATE,false
CALP,Symbol Recognition,CALP-0217,Can the learner understand workplace symbols and icons?,SCALE,3 — Independent|2 — With Prompts|1 — Needs Support|0 — Not Applicable,INTERMEDIATE,false
CALP,Symbol Recognition,CALP-0218,"Can the learner interpret graphs, charts, or infographics?",SCALE,3 — Independent|2 — With Prompts|1 — Needs Support|0 — Not Applicable,INTERMEDIATE,false
CALP,Analogical Reasoning,CALP-0219,Can the learner identify relationships between unfamiliar concepts?,SCALE,3 — Independent|2 — With Prompts|1 — Needs Support|0 — Not Applicable,INTERMEDIATE,false
CALP,Analogical Reasoning,CALP-0220,Can the learner transfer reasoning from one problem to another?,SCALE,3 — Independent|2 — With Prompts|1 — Needs Support|0 — Not Applicable,INTERMEDIATE,false
CALP,Generalization,CALP-0221,Can the learner apply classroom learning to workplace tasks?,SCALE,3 — Independent|2 — With Prompts|1 — Needs Support|0 — Not Applicable,INTERMEDIATE,false
CALP,Generalization,CALP-0222,Can the learner adapt learned strategies to new situations?,SCALE,3 — Independent|2 — With Prompts|1 — Needs Support|0 — Not Applicable,INTERMEDIATE,false
CALP,Cognitive Flexibility,CALP-0223,Can the learner adjust when plans change unexpectedly?,SCALE,3 — Independent|2 — With Prompts|1 — Needs Support|0 — Not Applicable,INTERMEDIATE,false
CALP,Cognitive Flexibility,CALP-0224,Can the learner switch strategies when one approach fails?,SCALE,3 — Independent|2 — With Prompts|1 — Needs Support|0 — Not Applicable,INTERMEDIATE,false
CALP,Initiation,CALP-0225,Can the learner independently begin assigned work?,SCALE,3 — Independent|2 — With Prompts|1 — Needs Support|0 — Not Applicable,INTERMEDIATE,false
CALP,Initiation,CALP-0226,Can the learner identify tasks that need to be started without prompting?,SCALE,3 — Independent|2 — With Prompts|1 — Needs Support|0 — Not Applicable,INTERMEDIATE,false
CALP,Planning,CALP-0227,Can the learner plan the resources and sequence required for a project?,SCALE,3 — Independent|2 — With Prompts|1 — Needs Support|0 — Not Applicable,INTERMEDIATE,false
CALP,Planning,CALP-0228,Can the learner estimate the time required for completion?,SCALE,3 — Independent|2 — With Prompts|1 — Needs Support|0 — Not Applicable,INTERMEDIATE,false
CALP,Organization,CALP-0229,Can the learner organize physical and digital workspaces efficiently?,SCALE,3 — Independent|2 — With Prompts|1 — Needs Support|0 — Not Applicable,INTERMEDIATE,false
CALP,Organization,CALP-0230,Can the learner prioritize materials before beginning work?,SCALE,3 — Independent|2 — With Prompts|1 — Needs Support|0 — Not Applicable,INTERMEDIATE,false
CALP,Processing Speed,CALP-0231,Can the learner process familiar information quickly and accurately?,SCALE,3 — Independent|2 — With Prompts|1 — Needs Support|0 — Not Applicable,INTERMEDIATE,false
CALP,Processing Speed,CALP-0232,Can the learner complete routine tasks within expected timelines?,SCALE,3 — Independent|2 — With Prompts|1 — Needs Support|0 — Not Applicable,INTERMEDIATE,false
CALP,Error Monitoring,CALP-0233,Can the learner independently detect errors in work?,SCALE,3 — Independent|2 — With Prompts|1 — Needs Support|0 — Not Applicable,INTERMEDIATE,false
CALP,Error Monitoring,CALP-0234,Can the learner review and revise completed work before submission?,SCALE,3 — Independent|2 — With Prompts|1 — Needs Support|0 — Not Applicable,INTERMEDIATE,false
CALP,Impulse Control,CALP-0235,Can the learner pause and consider options before responding?,SCALE,3 — Independent|2 — With Prompts|1 — Needs Support|0 — Not Applicable,INTERMEDIATE,false
CALP,Impulse Control,CALP-0236,Can the learner avoid impulsive decisions under pressure?,SCALE,3 — Independent|2 — With Prompts|1 — Needs Support|0 — Not Applicable,INTERMEDIATE,false
CALP,Inhibitory Control,CALP-0237,Can the learner suppress distractions to complete tasks?,SCALE,3 — Independent|2 — With Prompts|1 — Needs Support|0 — Not Applicable,INTERMEDIATE,false
CALP,Inhibitory Control,CALP-0238,Can the learner delay gratification to meet long-term goals?,SCALE,3 — Independent|2 — With Prompts|1 — Needs Support|0 — Not Applicable,INTERMEDIATE,false
CALP,Sensory Discrimination,CALP-0239,Can the learner identify relevant sensory information during tasks?,SCALE,3 — Independent|2 — With Prompts|1 — Needs Support|0 — Not Applicable,INTERMEDIATE,false
CALP,Sensory Discrimination,CALP-0240,Can the learner adapt to changing sensory environments?,SCALE,3 — Independent|2 — With Prompts|1 — Needs Support|0 — Not Applicable,INTERMEDIATE,false
CALP,Emotional Regulation,CALP-0241,Can the learner manage stress during demanding tasks?,SCALE,3 — Independent|2 — With Prompts|1 — Needs Support|0 — Not Applicable,INTERMEDIATE,false
CALP,Emotional Regulation,CALP-0242,Can the learner recover from criticism or setbacks appropriately?,SCALE,3 — Independent|2 — With Prompts|1 — Needs Support|0 — Not Applicable,INTERMEDIATE,false
CALP,Social Cognition,CALP-0243,Can the learner interpret social cues in workplace interactions?,SCALE,3 — Independent|2 — With Prompts|1 — Needs Support|0 — Not Applicable,INTERMEDIATE,false
CALP,Social Cognition,CALP-0244,Can the learner recognize when colleagues require assistance?,SCALE,3 — Independent|2 — With Prompts|1 — Needs Support|0 — Not Applicable,INTERMEDIATE,false
CALP,Perspective Taking,CALP-0245,Can the learner understand another person's viewpoint during discussions?,SCALE,3 — Independent|2 — With Prompts|1 — Needs Support|0 — Not Applicable,INTERMEDIATE,false
CALP,Perspective Taking,CALP-0246,Can the learner modify behaviour based on others' needs?,SCALE,3 — Independent|2 — With Prompts|1 — Needs Support|0 — Not Applicable,INTERMEDIATE,false
CALP,Moral Reasoning,CALP-0247,Can the learner make ethical decisions in difficult situations?,SCALE,3 — Independent|2 — With Prompts|1 — Needs Support|0 — Not Applicable,INTERMEDIATE,false
CALP,Moral Reasoning,CALP-0248,"Can the learner distinguish honesty, fairness, and responsibility?",SCALE,3 — Independent|2 — With Prompts|1 — Needs Support|0 — Not Applicable,INTERMEDIATE,false
CALP,Functional Judgment,CALP-0249,Can the learner make safe decisions in unfamiliar environments?,SCALE,3 — Independent|2 — With Prompts|1 — Needs Support|0 — Not Applicable,INTERMEDIATE,false
CALP,Functional Judgment,CALP-0250,Can the learner respond appropriately to emergencies or unexpected events?,SCALE,3 — Independent|2 — With Prompts|1 — Needs Support|0 — Not Applicable,INTERMEDIATE,false
CALP,Decision Making,CALP-0251,Can the learner evaluate alternatives before making decisions?,SCALE,3 — Independent|2 — With Prompts|1 — Needs Support|0 — Not Applicable,INTERMEDIATE,false
CALP,Decision Making,CALP-0252,Can the learner explain the rationale behind choices?,SCALE,3 — Independent|2 — With Prompts|1 — Needs Support|0 — Not Applicable,INTERMEDIATE,false
CALP,Symbolic Thinking,CALP-0253,Can the learner understand abstract concepts and metaphors?,SCALE,3 — Independent|2 — With Prompts|1 — Needs Support|0 — Not Applicable,INTERMEDIATE,false
CALP,Symbolic Thinking,CALP-0254,Can the learner interpret symbolic representations in workplace contexts?,SCALE,3 — Independent|2 — With Prompts|1 — Needs Support|0 — Not Applicable,INTERMEDIATE,false
CALP,Metacognition,CALP-0255,Can the learner identify personal cognitive strengths and weaknesses?,SCALE,3 — Independent|2 — With Prompts|1 — Needs Support|0 — Not Applicable,INTERMEDIATE,false
CALP,Metacognition,CALP-0256,Can the learner reflect on performance and identify improvements?,SCALE,3 — Independent|2 — With Prompts|1 — Needs Support|0 — Not Applicable,INTERMEDIATE,false
CALP,Cognitive Persistence,CALP-0257,Can the learner continue working despite repeated setbacks?,SCALE,3 — Independent|2 — With Prompts|1 — Needs Support|0 — Not Applicable,INTERMEDIATE,false
CALP,Cognitive Persistence,CALP-0258,Can the learner maintain motivation during lengthy projects?,SCALE,3 — Independent|2 — With Prompts|1 — Needs Support|0 — Not Applicable,INTERMEDIATE,false
CALP,Planning & Prioritization,CALP-0259,Can the learner determine task priority independently?,SCALE,3 — Independent|2 — With Prompts|1 — Needs Support|0 — Not Applicable,INTERMEDIATE,false
CALP,Planning & Prioritization,CALP-0260,Can the learner break complex projects into manageable steps?,SCALE,3 — Independent|2 — With Prompts|1 — Needs Support|0 — Not Applicable,INTERMEDIATE,false
CALP,Abstract Reasoning,CALP-0261,Can the learner understand hypothetical situations and predict outcomes?,SCALE,3 — Independent|2 — With Prompts|1 — Needs Support|0 — Not Applicable,INTERMEDIATE,false
CALP,Abstract Reasoning,CALP-0262,Can the learner identify patterns across unrelated scenarios?,SCALE,3 — Independent|2 — With Prompts|1 — Needs Support|0 — Not Applicable,INTERMEDIATE,false
CALP,Functional Application,CALP-0263,Can the learner independently apply learned skills in real-world settings?,SCALE,3 — Independent|2 — With Prompts|1 — Needs Support|0 — Not Applicable,INTERMEDIATE,false
CALP,Functional Application,CALP-0264,Can the learner adapt existing knowledge to solve novel workplace problems?,SCALE,3 — Independent|2 — With Prompts|1 — Needs Support|0 — Not Applicable,INTERMEDIATE,false
CALP,Risk Assessment,CALP-0265,Can the learner recognize potential risks before taking action?,SCALE,3 — Independent|2 — With Prompts|1 — Needs Support|0 — Not Applicable,INTERMEDIATE,false
CALP,Risk Assessment,CALP-0266,Can the learner weigh benefits and consequences before making decisions?,SCALE,3 — Independent|2 — With Prompts|1 — Needs Support|0 — Not Applicable,INTERMEDIATE,false
CALP,Strategic Thinking,CALP-0267,Can the learner plan long-term goals and identify steps to achieve them?,SCALE,3 — Independent|2 — With Prompts|1 — Needs Support|0 — Not Applicable,INTERMEDIATE,false
CALP,Strategic Thinking,CALP-0268,Can the learner modify strategies based on changing circumstances?,SCALE,3 — Independent|2 — With Prompts|1 — Needs Support|0 — Not Applicable,INTERMEDIATE,false
CALP,Multitasking,CALP-0269,Can the learner manage two or more related tasks without losing accuracy?,SCALE,3 — Independent|2 — With Prompts|1 — Needs Support|0 — Not Applicable,INTERMEDIATE,false
CALP,Multitasking,CALP-0270,Can the learner switch between responsibilities while maintaining quality?,SCALE,3 — Independent|2 — With Prompts|1 — Needs Support|0 — Not Applicable,INTERMEDIATE,false
CALP,Self-Monitoring,CALP-0271,Can the learner independently evaluate progress while working?,SCALE,3 — Independent|2 — With Prompts|1 — Needs Support|0 — Not Applicable,INTERMEDIATE,false
CALP,Self-Monitoring,CALP-0272,Can the learner recognize when help is needed before errors escalate?,SCALE,3 — Independent|2 — With Prompts|1 — Needs Support|0 — Not Applicable,INTERMEDIATE,false
CALP,Innovation & Creativity,CALP-0273,Can the learner generate original ideas or solutions?,SCALE,3 — Independent|2 — With Prompts|1 — Needs Support|0 — Not Applicable,INTERMEDIATE,false
CALP,Innovation & Creativity,CALP-0274,Can the learner improve existing processes through new approaches?,SCALE,3 — Independent|2 — With Prompts|1 — Needs Support|0 — Not Applicable,INTERMEDIATE,false
CALP,Future Planning,CALP-0275,Can the learner set realistic educational or career goals?,SCALE,3 — Independent|2 — With Prompts|1 — Needs Support|0 — Not Applicable,INTERMEDIATE,false
CALP,Future Planning,CALP-0276,Can the learner identify the skills needed to achieve those goals?,SCALE,3 — Independent|2 — With Prompts|1 — Needs Support|0 — Not Applicable,INTERMEDIATE,false
CALP,Attention & Focus,CALP-0277,Can the learner sustain attention on complex work tasks for extended periods?,SCALE,3 — Independent|2 — With Prompts|1 — Needs Support|0 — Not Applicable,ADVANCED,false
CALP,Attention & Focus,CALP-0278,Can the learner maintain concentration despite workplace distractions?,SCALE,3 — Independent|2 — With Prompts|1 — Needs Support|0 — Not Applicable,ADVANCED,false
CALP,Attention & Focus,CALP-0279,Can the learner switch efficiently between multiple responsibilities?,SCALE,3 — Independent|2 — With Prompts|1 — Needs Support|0 — Not Applicable,ADVANCED,false
CALP,Memory Recall,CALP-0280,Can the learner independently recall work procedures and protocols?,SCALE,3 — Independent|2 — With Prompts|1 — Needs Support|0 — Not Applicable,ADVANCED,false
CALP,Memory Recall,CALP-0281,"Can the learner remember appointments, deadlines, and schedules without reminders?",SCALE,3 — Independent|2 — With Prompts|1 — Needs Support|0 — Not Applicable,ADVANCED,false
CALP,Memory Recall,CALP-0282,Can the learner retrieve previously learned information accurately when required?,SCALE,3 — Independent|2 — With Prompts|1 — Needs Support|0 — Not Applicable,ADVANCED,false
CALP,Working Memory,CALP-0283,Can the learner manage multiple instructions while performing ongoing tasks?,SCALE,3 — Independent|2 — With Prompts|1 — Needs Support|0 — Not Applicable,ADVANCED,false
CALP,Working Memory,CALP-0284,Can the learner retain critical information while solving problems?,SCALE,3 — Independent|2 — With Prompts|1 — Needs Support|0 — Not Applicable,ADVANCED,false
CALP,Task Comprehension,CALP-0285,Can the learner independently interpret complex verbal or written instructions?,SCALE,3 — Independent|2 — With Prompts|1 — Needs Support|0 — Not Applicable,ADVANCED,false
CALP,Task Comprehension,CALP-0286,Can the learner understand workplace manuals or policy documents?,SCALE,3 — Independent|2 — With Prompts|1 — Needs Support|0 — Not Applicable,ADVANCED,false
CALP,Problem Solving,CALP-0287,Can the learner independently solve unfamiliar workplace problems?,SCALE,3 — Independent|2 — With Prompts|1 — Needs Support|0 — Not Applicable,ADVANCED,false
CALP,Problem Solving,CALP-0288,Can the learner identify multiple possible solutions and choose the most appropriate one?,SCALE,3 — Independent|2 — With Prompts|1 — Needs Support|0 — Not Applicable,ADVANCED,false
CALP,Cause & Effect Reasoning,CALP-0289,Can the learner predict the long-term consequences of actions before implementation?,SCALE,3 — Independent|2 — With Prompts|1 — Needs Support|0 — Not Applicable,ADVANCED,false
CALP,Cause & Effect Reasoning,CALP-0290,Can the learner evaluate the impact of decisions on others?,SCALE,3 — Independent|2 — With Prompts|1 — Needs Support|0 — Not Applicable,ADVANCED,false
CALP,Categorization,CALP-0291,Can the learner organize information using multiple criteria?,SCALE,3 — Independent|2 — With Prompts|1 — Needs Support|0 — Not Applicable,ADVANCED,false
CALP,Categorization,CALP-0292,Can the learner prioritize information based on importance?,SCALE,3 — Independent|2 — With Prompts|1 — Needs Support|0 — Not Applicable,ADVANCED,false
CALP,Visual-Spatial Reasoning,CALP-0293,"Can the learner interpret layouts, blueprints, dashboards, or complex diagrams?",SCALE,3 — Independent|2 — With Prompts|1 — Needs Support|0 — Not Applicable,ADVANCED,false
CALP,Visual-Spatial Reasoning,CALP-0294,Can the learner mentally visualize outcomes before execution?,SCALE,3 — Independent|2 — With Prompts|1 — Needs Support|0 — Not Applicable,ADVANCED,false
CALP,Sequencing,CALP-0295,Can the learner independently organize multi-step projects?,SCALE,3 — Independent|2 — With Prompts|1 — Needs Support|0 — Not Applicable,ADVANCED,false
CALP,Sequencing,CALP-0296,Can the learner identify inefficiencies in workflows?,SCALE,3 — Independent|2 — With Prompts|1 — Needs Support|0 — Not Applicable,ADVANCED,false
CALP,Symbol Recognition,CALP-0297,"Can the learner interpret workplace symbols, graphs, data visualizations, and signage?",SCALE,3 — Independent|2 — With Prompts|1 — Needs Support|0 — Not Applicable,ADVANCED,false
CALP,Symbol Recognition,CALP-0298,Can the learner understand digital dashboards and interfaces?,SCALE,3 — Independent|2 — With Prompts|1 — Needs Support|0 — Not Applicable,ADVANCED,false
CALP,Analogical Reasoning,CALP-0299,Can the learner transfer knowledge from one situation to another?,SCALE,3 — Independent|2 — With Prompts|1 — Needs Support|0 — Not Applicable,ADVANCED,false
CALP,Analogical Reasoning,CALP-0300,Can the learner identify similarities between unrelated concepts?,SCALE,3 — Independent|2 — With Prompts|1 — Needs Support|0 — Not Applicable,ADVANCED,false
CALP,Generalization,CALP-0301,Can the learner apply previous experiences to unfamiliar workplace situations?,SCALE,3 — Independent|2 — With Prompts|1 — Needs Support|0 — Not Applicable,ADVANCED,false
CALP,Generalization,CALP-0302,Can the learner independently adapt learned strategies to new contexts?,SCALE,3 — Independent|2 — With Prompts|1 — Needs Support|0 — Not Applicable,ADVANCED,false
CALP,Cognitive Flexibility,CALP-0303,Can the learner adapt when priorities change unexpectedly?,SCALE,3 — Independent|2 — With Prompts|1 — Needs Support|0 — Not Applicable,ADVANCED,false
CALP,Cognitive Flexibility,CALP-0304,Can the learner modify approaches when circumstances require?,SCALE,3 — Independent|2 — With Prompts|1 — Needs Support|0 — Not Applicable,ADVANCED,false
CALP,Initiation,CALP-0305,Can the learner independently identify and begin required tasks?,SCALE,3 — Independent|2 — With Prompts|1 — Needs Support|0 — Not Applicable,ADVANCED,false
CALP,Initiation,CALP-0306,Can the learner proactively identify work that needs attention?,SCALE,3 — Independent|2 — With Prompts|1 — Needs Support|0 — Not Applicable,ADVANCED,false
CALP,Planning,CALP-0307,Can the learner independently plan projects from start to completion?,SCALE,3 — Independent|2 — With Prompts|1 — Needs Support|0 — Not Applicable,ADVANCED,false
CALP,Planning,CALP-0308,Can the learner allocate resources and estimate timelines effectively?,SCALE,3 — Independent|2 — With Prompts|1 — Needs Support|0 — Not Applicable,ADVANCED,false
CALP,Organization,CALP-0309,"Can the learner organize physical, digital, and workflow systems efficiently?",SCALE,3 — Independent|2 — With Prompts|1 — Needs Support|0 — Not Applicable,ADVANCED,false
CALP,Organization,CALP-0310,Can the learner maintain systematic documentation?,SCALE,3 — Independent|2 — With Prompts|1 — Needs Support|0 — Not Applicable,ADVANCED,false
CALP,Processing Speed,CALP-0311,Can the learner process information quickly while maintaining accuracy?,SCALE,3 — Independent|2 — With Prompts|1 — Needs Support|0 — Not Applicable,ADVANCED,false
CALP,Processing Speed,CALP-0312,Can the learner meet workplace productivity expectations?,SCALE,3 — Independent|2 — With Prompts|1 — Needs Support|0 — Not Applicable,ADVANCED,false
CALP,Error Monitoring,CALP-0313,Can the learner independently detect and correct errors before submission?,SCALE,3 — Independent|2 — With Prompts|1 — Needs Support|0 — Not Applicable,ADVANCED,false
CALP,Error Monitoring,CALP-0314,Can the learner review work systematically for quality improvement?,SCALE,3 — Independent|2 — With Prompts|1 — Needs Support|0 — Not Applicable,ADVANCED,false
CALP,Impulse Control,CALP-0315,Can the learner regulate emotional responses during stressful situations?,SCALE,3 — Independent|2 — With Prompts|1 — Needs Support|0 — Not Applicable,ADVANCED,false
CALP,Impulse Control,CALP-0316,Can the learner avoid impulsive decisions under pressure?,SCALE,3 — Independent|2 — With Prompts|1 — Needs Support|0 — Not Applicable,ADVANCED,false
CALP,Inhibitory Control,CALP-0317,Can the learner suppress distractions to complete priority tasks?,SCALE,3 — Independent|2 — With Prompts|1 — Needs Support|0 — Not Applicable,ADVANCED,false
CALP,Inhibitory Control,CALP-0318,Can the learner postpone immediate rewards for long-term goals?,SCALE,3 — Independent|2 — With Prompts|1 — Needs Support|0 — Not Applicable,ADVANCED,false
CALP,Sensory Discrimination,CALP-0319,Can the learner adapt effectively to different workplace sensory environments?,SCALE,3 — Independent|2 — With Prompts|1 — Needs Support|0 — Not Applicable,ADVANCED,false
CALP,Sensory Discrimination,CALP-0320,Can the learner identify sensory distractions and compensate appropriately?,SCALE,3 — Independent|2 — With Prompts|1 — Needs Support|0 — Not Applicable,ADVANCED,false
CALP,Emotional Regulation,CALP-0321,Can the learner manage workplace stress effectively?,SCALE,3 — Independent|2 — With Prompts|1 — Needs Support|0 — Not Applicable,ADVANCED,false
CALP,Emotional Regulation,CALP-0322,Can the learner recover constructively from criticism or failure?,SCALE,3 — Independent|2 — With Prompts|1 — Needs Support|0 — Not Applicable,ADVANCED,false
CALP,Social Cognition,CALP-0323,Can the learner accurately interpret workplace social cues?,SCALE,3 — Independent|2 — With Prompts|1 — Needs Support|0 — Not Applicable,ADVANCED,false
CALP,Social Cognition,CALP-0324,Can the learner recognize team dynamics and interpersonal needs?,SCALE,3 — Independent|2 — With Prompts|1 — Needs Support|0 — Not Applicable,ADVANCED,false
CALP,Perspective Taking,CALP-0325,Can the learner understand and respect differing viewpoints?,SCALE,3 — Independent|2 — With Prompts|1 — Needs Support|0 — Not Applicable,ADVANCED,false
CALP,Perspective Taking,CALP-0326,Can the learner adjust communication based on audience needs?,SCALE,3 — Independent|2 — With Prompts|1 — Needs Support|0 — Not Applicable,ADVANCED,false
CALP,Moral Reasoning,CALP-0327,Can the learner make ethical decisions when faced with dilemmas?,SCALE,3 — Independent|2 — With Prompts|1 — Needs Support|0 — Not Applicable,ADVANCED,false
CALP,Moral Reasoning,CALP-0328,"Can the learner demonstrate honesty, fairness, and accountability?",SCALE,3 — Independent|2 — With Prompts|1 — Needs Support|0 — Not Applicable,ADVANCED,false
CALP,Functional Judgment,CALP-0329,Can the learner make safe and appropriate decisions in unfamiliar situations?,SCALE,3 — Independent|2 — With Prompts|1 — Needs Support|0 — Not Applicable,ADVANCED,false
CALP,Functional Judgment,CALP-0330,Can the learner independently respond to emergencies or crises?,SCALE,3 — Independent|2 — With Prompts|1 — Needs Support|0 — Not Applicable,ADVANCED,false
CALP,Decision Making,CALP-0331,Can the learner evaluate risks and benefits before making decisions?,SCALE,3 — Independent|2 — With Prompts|1 — Needs Support|0 — Not Applicable,ADVANCED,false
CALP,Decision Making,CALP-0332,Can the learner justify choices using logical evidence?,SCALE,3 — Independent|2 — With Prompts|1 — Needs Support|0 — Not Applicable,ADVANCED,false
CALP,Symbolic Thinking,CALP-0333,"Can the learner understand abstract concepts, metaphors, or strategic models?",SCALE,3 — Independent|2 — With Prompts|1 — Needs Support|0 — Not Applicable,ADVANCED,false
CALP,Symbolic Thinking,CALP-0334,Can the learner apply symbolic reasoning in workplace situations?,SCALE,3 — Independent|2 — With Prompts|1 — Needs Support|0 — Not Applicable,ADVANCED,false
CALP,Metacognition,CALP-0335,Can the learner identify personal strengths and limitations realistically?,SCALE,3 — Independent|2 — With Prompts|1 — Needs Support|0 — Not Applicable,ADVANCED,false
CALP,Metacognition,CALP-0336,Can the learner evaluate performance and develop improvement strategies?,SCALE,3 — Independent|2 — With Prompts|1 — Needs Support|0 — Not Applicable,ADVANCED,false
CALP,Cognitive Persistence,CALP-0337,Can the learner sustain motivation despite repeated setbacks?,SCALE,3 — Independent|2 — With Prompts|1 — Needs Support|0 — Not Applicable,ADVANCED,false
CALP,Cognitive Persistence,CALP-0338,Can the learner complete long-term projects without giving up?,SCALE,3 — Independent|2 — With Prompts|1 — Needs Support|0 — Not Applicable,ADVANCED,false
CALP,Planning & Prioritization,CALP-0339,Can the learner prioritize competing responsibilities effectively?,SCALE,3 — Independent|2 — With Prompts|1 — Needs Support|0 — Not Applicable,ADVANCED,false
CALP,Planning & Prioritization,CALP-0340,Can the learner break large projects into manageable milestones?,SCALE,3 — Independent|2 — With Prompts|1 — Needs Support|0 — Not Applicable,ADVANCED,false
CALP,Abstract Reasoning,CALP-0341,Can the learner understand hypothetical situations and strategic concepts?,SCALE,3 — Independent|2 — With Prompts|1 — Needs Support|0 — Not Applicable,ADVANCED,false
CALP,Abstract Reasoning,CALP-0342,Can the learner identify patterns across complex systems?,SCALE,3 — Independent|2 — With Prompts|1 — Needs Support|0 — Not Applicable,ADVANCED,false
CALP,Functional Application,CALP-0343,Can the learner independently apply knowledge in unfamiliar real-world situations?,SCALE,3 — Independent|2 — With Prompts|1 — Needs Support|0 — Not Applicable,ADVANCED,false
CALP,Functional Application,CALP-0344,Can the learner integrate multiple skills to complete complex tasks?,SCALE,3 — Independent|2 — With Prompts|1 — Needs Support|0 — Not Applicable,ADVANCED,false
CALP,Risk Assessment,CALP-0345,Can the learner identify potential risks before taking action?,SCALE,3 — Independent|2 — With Prompts|1 — Needs Support|0 — Not Applicable,ADVANCED,false
CALP,Risk Assessment,CALP-0346,Can the learner balance opportunities with possible consequences?,SCALE,3 — Independent|2 — With Prompts|1 — Needs Support|0 — Not Applicable,ADVANCED,false
CALP,Strategic Thinking,CALP-0347,Can the learner develop long-term plans to achieve personal or professional goals?,SCALE,3 — Independent|2 — With Prompts|1 — Needs Support|0 — Not Applicable,ADVANCED,false
CALP,Strategic Thinking,CALP-0348,Can the learner revise strategies based on changing conditions?,SCALE,3 — Independent|2 — With Prompts|1 — Needs Support|0 — Not Applicable,ADVANCED,false
CALP,Multitasking,CALP-0349,Can the learner effectively manage multiple ongoing responsibilities?,SCALE,3 — Independent|2 — With Prompts|1 — Needs Support|0 — Not Applicable,ADVANCED,false
CALP,Multitasking,CALP-0350,Can the learner switch between tasks without compromising quality?,SCALE,3 — Independent|2 — With Prompts|1 — Needs Support|0 — Not Applicable,ADVANCED,false
CALP,Self-Monitoring,CALP-0351,Can the learner independently monitor progress and make adjustments while working?,SCALE,3 — Independent|2 — With Prompts|1 — Needs Support|0 — Not Applicable,ADVANCED,false
CALP,Self-Monitoring,CALP-0352,Can the learner recognize when support is needed before significant errors occur?,SCALE,3 — Independent|2 — With Prompts|1 — Needs Support|0 — Not Applicable,ADVANCED,false
CALP,Innovation & Creativity,CALP-0353,Can the learner generate original solutions to workplace challenges?,SCALE,3 — Independent|2 — With Prompts|1 — Needs Support|0 — Not Applicable,ADVANCED,false
CALP,Innovation & Creativity,CALP-0354,Can the learner improve existing processes through innovation?,SCALE,3 — Independent|2 — With Prompts|1 — Needs Support|0 — Not Applicable,ADVANCED,false
CALP,Future Planning,CALP-0355,Can the learner establish realistic career and life goals?,SCALE,3 — Independent|2 — With Prompts|1 — Needs Support|0 — Not Applicable,ADVANCED,false
CALP,Future Planning,CALP-0356,Can the learner identify and pursue opportunities for professional growth?,SCALE,3 — Independent|2 — With Prompts|1 — Needs Support|0 — Not Applicable,ADVANCED,false
CALP,Leadership Thinking,CALP-0357,Can the learner delegate responsibilities appropriately?,SCALE,3 — Independent|2 — With Prompts|1 — Needs Support|0 — Not Applicable,ADVANCED,false
CALP,Leadership Thinking,CALP-0358,Can the learner make decisions that benefit the team as a whole?,SCALE,3 — Independent|2 — With Prompts|1 — Needs Support|0 — Not Applicable,ADVANCED,false
CALP,Resource Management,CALP-0359,"Can the learner effectively manage time, money, materials, or personnel?",SCALE,3 — Independent|2 — With Prompts|1 — Needs Support|0 — Not Applicable,ADVANCED,false
CALP,Resource Management,CALP-0360,Can the learner optimize available resources to achieve objectives?,SCALE,3 — Independent|2 — With Prompts|1 — Needs Support|0 — Not Applicable,ADVANCED,false
CALP,Reflective Thinking,CALP-0361,Can the learner critically evaluate completed work and identify improvements?,SCALE,3 — Independent|2 — With Prompts|1 — Needs Support|0 — Not Applicable,ADVANCED,false
CALP,Reflective Thinking,CALP-0362,Can the learner use feedback constructively to modify future performance?,SCALE,3 — Independent|2 — With Prompts|1 — Needs Support|0 — Not Applicable,ADVANCED,false
FSIC,PERSONAL HYGIENE,FSIC-0001,Washes hands independently before meals.,SCALE,3 — Independent|2 — With Prompt|1 — Needs Support|0 — Not Applicable,EARLY_CHILDHOOD,false
FSIC,Washes hands after toileting.,FSIC-0002,Uses soap appropriately while washing hands.,SCALE,3 — Independent|2 — With Prompt|1 — Needs Support|0 — Not Applicable,EARLY_CHILDHOOD,false
FSIC,Washes hands after toileting.,FSIC-0003,Rinses soap completely from hands.,SCALE,3 — Independent|2 — With Prompt|1 — Needs Support|0 — Not Applicable,EARLY_CHILDHOOD,false
FSIC,Washes hands after toileting.,FSIC-0004,Dries hands using a towel or tissue.,SCALE,3 — Independent|2 — With Prompt|1 — Needs Support|0 — Not Applicable,EARLY_CHILDHOOD,false
FSIC,Washes hands after toileting.,FSIC-0005,Washes face independently.,SCALE,3 — Independent|2 — With Prompt|1 — Needs Support|0 — Not Applicable,EARLY_CHILDHOOD,false
FSIC,Washes hands after toileting.,FSIC-0006,Applies soap while washing face.,SCALE,3 — Independent|2 — With Prompt|1 — Needs Support|0 — Not Applicable,EARLY_CHILDHOOD,false
FSIC,Washes hands after toileting.,FSIC-0007,Dries face after washing.,SCALE,3 — Independent|2 — With Prompt|1 — Needs Support|0 — Not Applicable,EARLY_CHILDHOOD,false
FSIC,Washes hands after toileting.,FSIC-0008,Blows nose using a tissue.,SCALE,3 — Independent|2 — With Prompt|1 — Needs Support|0 — Not Applicable,EARLY_CHILDHOOD,false
FSIC,Washes hands after toileting.,FSIC-0009,Disposes used tissue appropriately.,SCALE,3 — Independent|2 — With Prompt|1 — Needs Support|0 — Not Applicable,EARLY_CHILDHOOD,false
FSIC,Washes hands after toileting.,FSIC-0010,Covers mouth while coughing or sneezing.,SCALE,3 — Independent|2 — With Prompt|1 — Needs Support|0 — Not Applicable,EARLY_CHILDHOOD,false
FSIC,Washes hands after toileting.,FSIC-0011,Recognizes when hands or face are dirty.,SCALE,3 — Independent|2 — With Prompt|1 — Needs Support|0 — Not Applicable,EARLY_CHILDHOOD,false
FSIC,Washes hands after toileting.,FSIC-0012,Requests help for hygiene when needed.,SCALE,3 — Independent|2 — With Prompt|1 — Needs Support|0 — Not Applicable,EARLY_CHILDHOOD,false
FSIC,ORAL HYGIENE,FSIC-0013,Retrieves toothbrush independently.,SCALE,3 — Independent|2 — With Prompt|1 — Needs Support|0 — Not Applicable,EARLY_CHILDHOOD,false
FSIC,ORAL HYGIENE,FSIC-0014,Applies toothpaste appropriately.,SCALE,3 — Independent|2 — With Prompt|1 — Needs Support|0 — Not Applicable,EARLY_CHILDHOOD,false
FSIC,ORAL HYGIENE,FSIC-0015,Brushes upper teeth.,SCALE,3 — Independent|2 — With Prompt|1 — Needs Support|0 — Not Applicable,EARLY_CHILDHOOD,false
FSIC,ORAL HYGIENE,FSIC-0016,Brushes lower teeth.,SCALE,3 — Independent|2 — With Prompt|1 — Needs Support|0 — Not Applicable,EARLY_CHILDHOOD,false
FSIC,ORAL HYGIENE,FSIC-0017,Brushes inner surfaces of teeth.,SCALE,3 — Independent|2 — With Prompt|1 — Needs Support|0 — Not Applicable,EARLY_CHILDHOOD,false
FSIC,ORAL HYGIENE,FSIC-0018,Brushes for an appropriate duration.,SCALE,3 — Independent|2 — With Prompt|1 — Needs Support|0 — Not Applicable,EARLY_CHILDHOOD,false
FSIC,ORAL HYGIENE,FSIC-0019,Rinses mouth after brushing.,SCALE,3 — Independent|2 — With Prompt|1 — Needs Support|0 — Not Applicable,EARLY_CHILDHOOD,false
FSIC,ORAL HYGIENE,FSIC-0020,Cleans toothbrush after use.,SCALE,3 — Independent|2 — With Prompt|1 — Needs Support|0 — Not Applicable,EARLY_CHILDHOOD,false
FSIC,ORAL HYGIENE,FSIC-0021,Stores toothbrush properly.,SCALE,3 — Independent|2 — With Prompt|1 — Needs Support|0 — Not Applicable,EARLY_CHILDHOOD,false
FSIC,ORAL HYGIENE,FSIC-0022,Recognizes the need to brush after meals.,SCALE,3 — Independent|2 — With Prompt|1 — Needs Support|0 — Not Applicable,EARLY_CHILDHOOD,false
FSIC,TOILETING,FSIC-0023,Recognizes the urge to urinate.,SCALE,3 — Independent|2 — With Prompt|1 — Needs Support|0 — Not Applicable,EARLY_CHILDHOOD,false
FSIC,TOILETING,FSIC-0024,Recognizes the urge to pass stools.,SCALE,3 — Independent|2 — With Prompt|1 — Needs Support|0 — Not Applicable,EARLY_CHILDHOOD,false
FSIC,Communicates toileting needs in advance.,FSIC-0025,Walks independently to the toilet.,SCALE,3 — Independent|2 — With Prompt|1 — Needs Support|0 — Not Applicable,EARLY_CHILDHOOD,false
FSIC,Communicates toileting needs in advance.,FSIC-0026,Pulls clothing down appropriately.,SCALE,3 — Independent|2 — With Prompt|1 — Needs Support|0 — Not Applicable,EARLY_CHILDHOOD,false
FSIC,Sits or stands correctly while toileting.,FSIC-0027,Uses the toilet appropriately.,SCALE,3 — Independent|2 — With Prompt|1 — Needs Support|0 — Not Applicable,EARLY_CHILDHOOD,false
FSIC,Wipes self after toileting.,FSIC-0028,Pulls clothing up independently.,SCALE,3 — Independent|2 — With Prompt|1 — Needs Support|0 — Not Applicable,EARLY_CHILDHOOD,false
FSIC,Wipes self after toileting.,FSIC-0029,Flushes the toilet.,SCALE,3 — Independent|2 — With Prompt|1 — Needs Support|0 — Not Applicable,EARLY_CHILDHOOD,false
FSIC,Washes hands after toileting.,FSIC-0030,Dries hands after washing.,SCALE,3 — Independent|2 — With Prompt|1 — Needs Support|0 — Not Applicable,EARLY_CHILDHOOD,false
FSIC,Washes hands after toileting.,FSIC-0031,Leaves the toilet area clean.,SCALE,3 — Independent|2 — With Prompt|1 — Needs Support|0 — Not Applicable,EARLY_CHILDHOOD,false
FSIC,Participates willingly during bathing.,FSIC-0032,Washes body parts with assistance or independently.,SCALE,3 — Independent|2 — With Prompt|1 — Needs Support|0 — Not Applicable,EARLY_CHILDHOOD,false
FSIC,Participates willingly during bathing.,FSIC-0033,Uses soap appropriately.,SCALE,3 — Independent|2 — With Prompt|1 — Needs Support|0 — Not Applicable,EARLY_CHILDHOOD,false
FSIC,Participates willingly during bathing.,FSIC-0034,Rinses soap completely.,SCALE,3 — Independent|2 — With Prompt|1 — Needs Support|0 — Not Applicable,EARLY_CHILDHOOD,false
FSIC,Dries body after bathing.,FSIC-0035,Allows hair washing without distress.,SCALE,3 — Independent|2 — With Prompt|1 — Needs Support|0 — Not Applicable,EARLY_CHILDHOOD,false
FSIC,Dries body after bathing.,FSIC-0036,Combs hair independently or with minimal support.,SCALE,3 — Independent|2 — With Prompt|1 — Needs Support|0 — Not Applicable,EARLY_CHILDHOOD,false
FSIC,Dries body after bathing.,FSIC-0037,Applies powder or moisturizer if required.,SCALE,3 — Independent|2 — With Prompt|1 — Needs Support|0 — Not Applicable,EARLY_CHILDHOOD,false
FSIC,Dries body after bathing.,FSIC-0038,Tolerates nail trimming.,SCALE,3 — Independent|2 — With Prompt|1 — Needs Support|0 — Not Applicable,EARLY_CHILDHOOD,false
FSIC,Dries body after bathing.,FSIC-0039,Keeps nails clean.,SCALE,3 — Independent|2 — With Prompt|1 — Needs Support|0 — Not Applicable,EARLY_CHILDHOOD,false
FSIC,Dries body after bathing.,FSIC-0040,Recognizes when grooming is needed.,SCALE,3 — Independent|2 — With Prompt|1 — Needs Support|0 — Not Applicable,EARLY_CHILDHOOD,false
FSIC,DRESSING,FSIC-0041,Removes clothing independently.,SCALE,3 — Independent|2 — With Prompt|1 — Needs Support|0 — Not Applicable,EARLY_CHILDHOOD,false
FSIC,DRESSING,FSIC-0042,Wears shirt correctly.,SCALE,3 — Independent|2 — With Prompt|1 — Needs Support|0 — Not Applicable,EARLY_CHILDHOOD,false
FSIC,DRESSING,FSIC-0043,Wears pants correctly.,SCALE,3 — Independent|2 — With Prompt|1 — Needs Support|0 — Not Applicable,EARLY_CHILDHOOD,false
FSIC,DRESSING,FSIC-0044,Identifies front and back of clothing.,SCALE,3 — Independent|2 — With Prompt|1 — Needs Support|0 — Not Applicable,EARLY_CHILDHOOD,false
FSIC,DRESSING,FSIC-0045,Identifies inside and outside of clothing.,SCALE,3 — Independent|2 — With Prompt|1 — Needs Support|0 — Not Applicable,EARLY_CHILDHOOD,false
FSIC,DRESSING,FSIC-0046,Wears socks correctly.,SCALE,3 — Independent|2 — With Prompt|1 — Needs Support|0 — Not Applicable,EARLY_CHILDHOOD,false
FSIC,DRESSING,FSIC-0047,Wears shoes on correct feet.,SCALE,3 — Independent|2 — With Prompt|1 — Needs Support|0 — Not Applicable,EARLY_CHILDHOOD,false
FSIC,DRESSING,FSIC-0048,Fastens Velcro independently.,SCALE,3 — Independent|2 — With Prompt|1 — Needs Support|0 — Not Applicable,EARLY_CHILDHOOD,false
FSIC,DRESSING,FSIC-0049,Pulls zippers up and down.,SCALE,3 — Independent|2 — With Prompt|1 — Needs Support|0 — Not Applicable,EARLY_CHILDHOOD,false
FSIC,DRESSING,FSIC-0050,Attempts simple buttons.,SCALE,3 — Independent|2 — With Prompt|1 — Needs Support|0 — Not Applicable,EARLY_CHILDHOOD,false
FSIC,DRESSING,FSIC-0051,Chooses weather-appropriate clothing.,SCALE,3 — Independent|2 — With Prompt|1 — Needs Support|0 — Not Applicable,EARLY_CHILDHOOD,false
FSIC,DRESSING,FSIC-0052,Places dirty clothes in laundry basket.,SCALE,3 — Independent|2 — With Prompt|1 — Needs Support|0 — Not Applicable,EARLY_CHILDHOOD,false
FSIC,DRESSING,FSIC-0053,Folds or arranges removed clothing.,SCALE,3 — Independent|2 — With Prompt|1 — Needs Support|0 — Not Applicable,EARLY_CHILDHOOD,false
FSIC,Washes hands before eating.,FSIC-0054,Sits appropriately throughout meals.,SCALE,3 — Independent|2 — With Prompt|1 — Needs Support|0 — Not Applicable,EARLY_CHILDHOOD,false
FSIC,Washes hands before eating.,FSIC-0055,Eats independently using spoon.,SCALE,3 — Independent|2 — With Prompt|1 — Needs Support|0 — Not Applicable,EARLY_CHILDHOOD,false
FSIC,Washes hands before eating.,FSIC-0056,Uses fork when appropriate.,SCALE,3 — Independent|2 — With Prompt|1 — Needs Support|0 — Not Applicable,EARLY_CHILDHOOD,false
FSIC,Washes hands before eating.,FSIC-0057,Drinks from an open cup.,SCALE,3 — Independent|2 — With Prompt|1 — Needs Support|0 — Not Applicable,EARLY_CHILDHOOD,false
FSIC,Washes hands before eating.,FSIC-0058,Opens lunch box or snack container.,SCALE,3 — Independent|2 — With Prompt|1 — Needs Support|0 — Not Applicable,EARLY_CHILDHOOD,false
FSIC,Washes hands before eating.,FSIC-0059,Opens water bottle.,SCALE,3 — Independent|2 — With Prompt|1 — Needs Support|0 — Not Applicable,EARLY_CHILDHOOD,false
FSIC,Washes hands before eating.,FSIC-0060,Chews food appropriately.,SCALE,3 — Independent|2 — With Prompt|1 — Needs Support|0 — Not Applicable,EARLY_CHILDHOOD,false
FSIC,Washes hands before eating.,FSIC-0061,Requests more food politely.,SCALE,3 — Independent|2 — With Prompt|1 — Needs Support|0 — Not Applicable,EARLY_CHILDHOOD,false
FSIC,Washes hands before eating.,FSIC-0062,Avoids overfilling mouth.,SCALE,3 — Independent|2 — With Prompt|1 — Needs Support|0 — Not Applicable,EARLY_CHILDHOOD,false
FSIC,Cleans mouth after eating.,FSIC-0063,Clears own plate or utensils.,SCALE,3 — Independent|2 — With Prompt|1 — Needs Support|0 — Not Applicable,EARLY_CHILDHOOD,false
FSIC,Cleans mouth after eating.,FSIC-0064,Throws waste into dustbin.,SCALE,3 — Independent|2 — With Prompt|1 — Needs Support|0 — Not Applicable,EARLY_CHILDHOOD,false
FSIC,Cleans mouth after eating.,FSIC-0065,Washes hands after meals.,SCALE,3 — Independent|2 — With Prompt|1 — Needs Support|0 — Not Applicable,EARLY_CHILDHOOD,false
FSIC,COMMUNICATION FOR DAILY LIVING,FSIC-0066,Responds when name is called.,SCALE,3 — Independent|2 — With Prompt|1 — Needs Support|0 — Not Applicable,EARLY_CHILDHOOD,false
FSIC,COMMUNICATION FOR DAILY LIVING,FSIC-0067,Makes eye contact during interaction when comfortable.,SCALE,3 — Independent|2 — With Prompt|1 — Needs Support|0 — Not Applicable,EARLY_CHILDHOOD,false
FSIC,COMMUNICATION FOR DAILY LIVING,FSIC-0068,Expresses hunger or thirst.,SCALE,3 — Independent|2 — With Prompt|1 — Needs Support|0 — Not Applicable,EARLY_CHILDHOOD,false
FSIC,COMMUNICATION FOR DAILY LIVING,FSIC-0069,Requests toilet.,SCALE,3 — Independent|2 — With Prompt|1 — Needs Support|0 — Not Applicable,EARLY_CHILDHOOD,false
FSIC,COMMUNICATION FOR DAILY LIVING,FSIC-0070,Requests help appropriately.,SCALE,3 — Independent|2 — With Prompt|1 — Needs Support|0 — Not Applicable,EARLY_CHILDHOOD,false
FSIC,COMMUNICATION FOR DAILY LIVING,FSIC-0071,Says yes or no appropriately.,SCALE,3 — Independent|2 — With Prompt|1 — Needs Support|0 — Not Applicable,EARLY_CHILDHOOD,false
FSIC,COMMUNICATION FOR DAILY LIVING,FSIC-0072,Greets familiar people.,SCALE,3 — Independent|2 — With Prompt|1 — Needs Support|0 — Not Applicable,EARLY_CHILDHOOD,false
FSIC,COMMUNICATION FOR DAILY LIVING,FSIC-0073,Responds to greetings.,SCALE,3 — Independent|2 — With Prompt|1 — Needs Support|0 — Not Applicable,EARLY_CHILDHOOD,false
FSIC,COMMUNICATION FOR DAILY LIVING,FSIC-0074,Introduces self by name.,SCALE,3 — Independent|2 — With Prompt|1 — Needs Support|0 — Not Applicable,EARLY_CHILDHOOD,false
FSIC,COMMUNICATION FOR DAILY LIVING,FSIC-0075,Identifies parents or caregivers.,SCALE,3 — Independent|2 — With Prompt|1 — Needs Support|0 — Not Applicable,EARLY_CHILDHOOD,false
FSIC,COMMUNICATION FOR DAILY LIVING,FSIC-0076,Expresses pain or discomfort.,SCALE,3 — Independent|2 — With Prompt|1 — Needs Support|0 — Not Applicable,EARLY_CHILDHOOD,false
FSIC,COMMUNICATION FOR DAILY LIVING,FSIC-0077,Expresses likes and dislikes.,SCALE,3 — Independent|2 — With Prompt|1 — Needs Support|0 — Not Applicable,EARLY_CHILDHOOD,false
FSIC,COMMUNICATION FOR DAILY LIVING,FSIC-0078,Follows one-step instructions.,SCALE,3 — Independent|2 — With Prompt|1 — Needs Support|0 — Not Applicable,EARLY_CHILDHOOD,false
FSIC,COMMUNICATION FOR DAILY LIVING,FSIC-0079,Follows two-step instructions.,SCALE,3 — Independent|2 — With Prompt|1 — Needs Support|0 — Not Applicable,EARLY_CHILDHOOD,false
FSIC,COMMUNICATION FOR DAILY LIVING,FSIC-0080,Answers simple questions.,SCALE,3 — Independent|2 — With Prompt|1 — Needs Support|0 — Not Applicable,EARLY_CHILDHOOD,false
FSIC,HOME PARTICIPATION,FSIC-0081,Picks up toys after play.,SCALE,3 — Independent|2 — With Prompt|1 — Needs Support|0 — Not Applicable,EARLY_CHILDHOOD,false
FSIC,HOME PARTICIPATION,FSIC-0082,Returns toys to correct place.,SCALE,3 — Independent|2 — With Prompt|1 — Needs Support|0 — Not Applicable,EARLY_CHILDHOOD,false
FSIC,HOME PARTICIPATION,FSIC-0083,Places books on shelves.,SCALE,3 — Independent|2 — With Prompt|1 — Needs Support|0 — Not Applicable,EARLY_CHILDHOOD,false
FSIC,HOME PARTICIPATION,FSIC-0084,Carries lightweight objects.,SCALE,3 — Independent|2 — With Prompt|1 — Needs Support|0 — Not Applicable,EARLY_CHILDHOOD,false
FSIC,HOME PARTICIPATION,FSIC-0085,Helps wipe tables.,SCALE,3 — Independent|2 — With Prompt|1 — Needs Support|0 — Not Applicable,EARLY_CHILDHOOD,false
FSIC,HOME PARTICIPATION,FSIC-0086,Helps clean simple spills.,SCALE,3 — Independent|2 — With Prompt|1 — Needs Support|0 — Not Applicable,EARLY_CHILDHOOD,false
FSIC,HOME PARTICIPATION,FSIC-0087,Places dirty clothes in laundry.,SCALE,3 — Independent|2 — With Prompt|1 — Needs Support|0 — Not Applicable,EARLY_CHILDHOOD,false
FSIC,HOME PARTICIPATION,FSIC-0088,Helps arrange cushions or chairs.,SCALE,3 — Independent|2 — With Prompt|1 — Needs Support|0 — Not Applicable,EARLY_CHILDHOOD,false
FSIC,HOME PARTICIPATION,FSIC-0089,Throws garbage into bin.,SCALE,3 — Independent|2 — With Prompt|1 — Needs Support|0 — Not Applicable,EARLY_CHILDHOOD,false
FSIC,HOME PARTICIPATION,FSIC-0090,Assists in setting the table.,SCALE,3 — Independent|2 — With Prompt|1 — Needs Support|0 — Not Applicable,EARLY_CHILDHOOD,false
FSIC,HOME PARTICIPATION,FSIC-0091,Helps carry groceries when appropriate.,SCALE,3 — Independent|2 — With Prompt|1 — Needs Support|0 — Not Applicable,EARLY_CHILDHOOD,false
FSIC,MOBILITY & PHYSICAL INDEPENDENCE,FSIC-0092,Walks independently indoors.,SCALE,3 — Independent|2 — With Prompt|1 — Needs Support|0 — Not Applicable,EARLY_CHILDHOOD,false
FSIC,MOBILITY & PHYSICAL INDEPENDENCE,FSIC-0093,Walks safely outdoors with supervision.,SCALE,3 — Independent|2 — With Prompt|1 — Needs Support|0 — Not Applicable,EARLY_CHILDHOOD,false
FSIC,MOBILITY & PHYSICAL INDEPENDENCE,FSIC-0094,Climbs stairs safely.,SCALE,3 — Independent|2 — With Prompt|1 — Needs Support|0 — Not Applicable,EARLY_CHILDHOOD,false
FSIC,MOBILITY & PHYSICAL INDEPENDENCE,FSIC-0095,Descends stairs safely.,SCALE,3 — Independent|2 — With Prompt|1 — Needs Support|0 — Not Applicable,EARLY_CHILDHOOD,false
FSIC,MOBILITY & PHYSICAL INDEPENDENCE,FSIC-0096,Avoids obstacles while walking.,SCALE,3 — Independent|2 — With Prompt|1 — Needs Support|0 — Not Applicable,EARLY_CHILDHOOD,false
FSIC,MOBILITY & PHYSICAL INDEPENDENCE,FSIC-0097,Jumps with balance.,SCALE,3 — Independent|2 — With Prompt|1 — Needs Support|0 — Not Applicable,EARLY_CHILDHOOD,false
FSIC,MOBILITY & PHYSICAL INDEPENDENCE,FSIC-0098,Carries personal belongings.,SCALE,3 — Independent|2 — With Prompt|1 — Needs Support|0 — Not Applicable,EARLY_CHILDHOOD,false
FSIC,MOBILITY & PHYSICAL INDEPENDENCE,FSIC-0099,Sits independently.,SCALE,3 — Independent|2 — With Prompt|1 — Needs Support|0 — Not Applicable,EARLY_CHILDHOOD,false
FSIC,MOBILITY & PHYSICAL INDEPENDENCE,FSIC-0100,Stands independently.,SCALE,3 — Independent|2 — With Prompt|1 — Needs Support|0 — Not Applicable,EARLY_CHILDHOOD,false
FSIC,MOBILITY & PHYSICAL INDEPENDENCE,FSIC-0101,Moves between rooms independently.,SCALE,3 — Independent|2 — With Prompt|1 — Needs Support|0 — Not Applicable,EARLY_CHILDHOOD,false
FSIC,MOBILITY & PHYSICAL INDEPENDENCE,FSIC-0102,Maintains balance on uneven surfaces.,SCALE,3 — Independent|2 — With Prompt|1 — Needs Support|0 — Not Applicable,EARLY_CHILDHOOD,false
FSIC,SAFETY & RISK AWARENESS,FSIC-0103,Recognizes hot objects.,SCALE,3 — Independent|2 — With Prompt|1 — Needs Support|0 — Not Applicable,EARLY_CHILDHOOD,false
FSIC,SAFETY & RISK AWARENESS,FSIC-0104,Recognizes sharp objects.,SCALE,3 — Independent|2 — With Prompt|1 — Needs Support|0 — Not Applicable,EARLY_CHILDHOOD,false
FSIC,SAFETY & RISK AWARENESS,FSIC-0105,Avoids electrical sockets.,SCALE,3 — Independent|2 — With Prompt|1 — Needs Support|0 — Not Applicable,EARLY_CHILDHOOD,false
FSIC,SAFETY & RISK AWARENESS,FSIC-0106,Avoids dangerous chemicals.,SCALE,3 — Independent|2 — With Prompt|1 — Needs Support|0 — Not Applicable,EARLY_CHILDHOOD,false
FSIC,SAFETY & RISK AWARENESS,FSIC-0107,Avoids putting unsafe objects in mouth.,SCALE,3 — Independent|2 — With Prompt|1 — Needs Support|0 — Not Applicable,EARLY_CHILDHOOD,false
FSIC,SAFETY & RISK AWARENESS,FSIC-0108,"Stops when instructed ""Stop.""",SCALE,3 — Independent|2 — With Prompt|1 — Needs Support|0 — Not Applicable,EARLY_CHILDHOOD,false
FSIC,SAFETY & RISK AWARENESS,FSIC-0109,"Waits when instructed ""Wait.""",SCALE,3 — Independent|2 — With Prompt|1 — Needs Support|0 — Not Applicable,EARLY_CHILDHOOD,false
FSIC,SAFETY & RISK AWARENESS,FSIC-0110,Holds caregiver's hand while crossing roads.,SCALE,3 — Independent|2 — With Prompt|1 — Needs Support|0 — Not Applicable,EARLY_CHILDHOOD,false
FSIC,SAFETY & RISK AWARENESS,FSIC-0111,Identifies trusted adults.,SCALE,3 — Independent|2 — With Prompt|1 — Needs Support|0 — Not Applicable,EARLY_CHILDHOOD,false
FSIC,SAFETY & RISK AWARENESS,FSIC-0112,Avoids strangers when instructed.,SCALE,3 — Independent|2 — With Prompt|1 — Needs Support|0 — Not Applicable,EARLY_CHILDHOOD,false
FSIC,SAFETY & RISK AWARENESS,FSIC-0113,Seeks help when frightened.,SCALE,3 — Independent|2 — With Prompt|1 — Needs Support|0 — Not Applicable,EARLY_CHILDHOOD,false
FSIC,COMMUNITY PARTICIPATION,FSIC-0114,Walks appropriately in public places.,SCALE,3 — Independent|2 — With Prompt|1 — Needs Support|0 — Not Applicable,EARLY_CHILDHOOD,false
FSIC,COMMUNITY PARTICIPATION,FSIC-0115,Remains with caregiver during outings.,SCALE,3 — Independent|2 — With Prompt|1 — Needs Support|0 — Not Applicable,EARLY_CHILDHOOD,false
FSIC,COMMUNITY PARTICIPATION,FSIC-0116,Waits in simple queues.,SCALE,3 — Independent|2 — With Prompt|1 — Needs Support|0 — Not Applicable,EARLY_CHILDHOOD,false
FSIC,COMMUNITY PARTICIPATION,FSIC-0117,Participates in family outings.,SCALE,3 — Independent|2 — With Prompt|1 — Needs Support|0 — Not Applicable,EARLY_CHILDHOOD,false
FSIC,COMMUNITY PARTICIPATION,FSIC-0118,Recognizes home.,SCALE,3 — Independent|2 — With Prompt|1 — Needs Support|0 — Not Applicable,EARLY_CHILDHOOD,false
FSIC,COMMUNITY PARTICIPATION,FSIC-0119,Recognizes school or daycare.,SCALE,3 — Independent|2 — With Prompt|1 — Needs Support|0 — Not Applicable,EARLY_CHILDHOOD,false
FSIC,COMMUNITY PARTICIPATION,FSIC-0120,Identifies familiar community places.,SCALE,3 — Independent|2 — With Prompt|1 — Needs Support|0 — Not Applicable,EARLY_CHILDHOOD,false
FSIC,COMMUNITY PARTICIPATION,FSIC-0121,Uses simple manners in public.,SCALE,3 — Independent|2 — With Prompt|1 — Needs Support|0 — Not Applicable,EARLY_CHILDHOOD,false
FSIC,COMMUNITY PARTICIPATION,FSIC-0122,Follows basic public behaviour expectations.,SCALE,3 — Independent|2 — With Prompt|1 — Needs Support|0 — Not Applicable,EARLY_CHILDHOOD,false
FSIC,COMMUNITY PARTICIPATION,FSIC-0123,Participates appropriately during shopping trips.,SCALE,3 — Independent|2 — With Prompt|1 — Needs Support|0 — Not Applicable,EARLY_CHILDHOOD,false
FSIC,EXECUTIVE FUNCTIONAL INDEPENDENCE,FSIC-0124,Starts familiar tasks independently.,SCALE,3 — Independent|2 — With Prompt|1 — Needs Support|0 — Not Applicable,EARLY_CHILDHOOD,false
FSIC,EXECUTIVE FUNCTIONAL INDEPENDENCE,FSIC-0125,Completes simple tasks once started.,SCALE,3 — Independent|2 — With Prompt|1 — Needs Support|0 — Not Applicable,EARLY_CHILDHOOD,false
FSIC,EXECUTIVE FUNCTIONAL INDEPENDENCE,FSIC-0126,Follows daily routine.,SCALE,3 — Independent|2 — With Prompt|1 — Needs Support|0 — Not Applicable,EARLY_CHILDHOOD,false
FSIC,EXECUTIVE FUNCTIONAL INDEPENDENCE,FSIC-0127,Transitions between activities smoothly.,SCALE,3 — Independent|2 — With Prompt|1 — Needs Support|0 — Not Applicable,EARLY_CHILDHOOD,false
FSIC,EXECUTIVE FUNCTIONAL INDEPENDENCE,FSIC-0128,Returns to unfinished task after interruption.,SCALE,3 — Independent|2 — With Prompt|1 — Needs Support|0 — Not Applicable,EARLY_CHILDHOOD,false
FSIC,EXECUTIVE FUNCTIONAL INDEPENDENCE,FSIC-0129,Follows visual schedule when provided.,SCALE,3 — Independent|2 — With Prompt|1 — Needs Support|0 — Not Applicable,EARLY_CHILDHOOD,false
FSIC,EXECUTIVE FUNCTIONAL INDEPENDENCE,FSIC-0130,Organizes materials before activity.,SCALE,3 — Independent|2 — With Prompt|1 — Needs Support|0 — Not Applicable,EARLY_CHILDHOOD,false
FSIC,EXECUTIVE FUNCTIONAL INDEPENDENCE,FSIC-0131,Cleans workspace after activity.,SCALE,3 — Independent|2 — With Prompt|1 — Needs Support|0 — Not Applicable,EARLY_CHILDHOOD,false
FSIC,EXECUTIVE FUNCTIONAL INDEPENDENCE,FSIC-0132,Persists despite small mistakes.,SCALE,3 — Independent|2 — With Prompt|1 — Needs Support|0 — Not Applicable,EARLY_CHILDHOOD,false
FSIC,EXECUTIVE FUNCTIONAL INDEPENDENCE,FSIC-0133,Accepts minor changes in routine.,SCALE,3 — Independent|2 — With Prompt|1 — Needs Support|0 — Not Applicable,EARLY_CHILDHOOD,false
FSIC,WAITING & SELF-REGULATION,FSIC-0134,Waits for preferred item briefly.,SCALE,3 — Independent|2 — With Prompt|1 — Needs Support|0 — Not Applicable,EARLY_CHILDHOOD,false
FSIC,WAITING & SELF-REGULATION,FSIC-0135,Waits for turn during games.,SCALE,3 — Independent|2 — With Prompt|1 — Needs Support|0 — Not Applicable,EARLY_CHILDHOOD,false
FSIC,WAITING & SELF-REGULATION,FSIC-0136,Waits in queue with support.,SCALE,3 — Independent|2 — With Prompt|1 — Needs Support|0 — Not Applicable,EARLY_CHILDHOOD,false
FSIC,WAITING & SELF-REGULATION,FSIC-0137,Accepts delayed gratification.,SCALE,3 — Independent|2 — With Prompt|1 — Needs Support|0 — Not Applicable,EARLY_CHILDHOOD,false
FSIC,WAITING & SELF-REGULATION,FSIC-0138,"Accepts ""No"" appropriately.",SCALE,3 — Independent|2 — With Prompt|1 — Needs Support|0 — Not Applicable,EARLY_CHILDHOOD,false
FSIC,WAITING & SELF-REGULATION,FSIC-0139,Controls impulsive grabbing.,SCALE,3 — Independent|2 — With Prompt|1 — Needs Support|0 — Not Applicable,EARLY_CHILDHOOD,false
FSIC,WAITING & SELF-REGULATION,FSIC-0140,Remains seated when expected.,SCALE,3 — Independent|2 — With Prompt|1 — Needs Support|0 — Not Applicable,EARLY_CHILDHOOD,false
FSIC,WAITING & SELF-REGULATION,FSIC-0141,Recovers from disappointment.,SCALE,3 — Independent|2 — With Prompt|1 — Needs Support|0 — Not Applicable,EARLY_CHILDHOOD,false
FSIC,WAITING & SELF-REGULATION,FSIC-0142,Calms down after frustration.,SCALE,3 — Independent|2 — With Prompt|1 — Needs Support|0 — Not Applicable,EARLY_CHILDHOOD,false
FSIC,WAITING & SELF-REGULATION,FSIC-0143,Transitions without prolonged distress.,SCALE,3 — Independent|2 — With Prompt|1 — Needs Support|0 — Not Applicable,EARLY_CHILDHOOD,false
FSIC,RESPONSIBILITY & CARE OF BELONGINGS,FSIC-0144,Carries own school bag.,SCALE,3 — Independent|2 — With Prompt|1 — Needs Support|0 — Not Applicable,EARLY_CHILDHOOD,false
FSIC,RESPONSIBILITY & CARE OF BELONGINGS,FSIC-0145,Keeps belongings in designated place.,SCALE,3 — Independent|2 — With Prompt|1 — Needs Support|0 — Not Applicable,EARLY_CHILDHOOD,false
FSIC,RESPONSIBILITY & CARE OF BELONGINGS,FSIC-0146,Returns borrowed items.,SCALE,3 — Independent|2 — With Prompt|1 — Needs Support|0 — Not Applicable,EARLY_CHILDHOOD,false
FSIC,RESPONSIBILITY & CARE OF BELONGINGS,FSIC-0147,Handles toys carefully.,SCALE,3 — Independent|2 — With Prompt|1 — Needs Support|0 — Not Applicable,EARLY_CHILDHOOD,false
FSIC,RESPONSIBILITY & CARE OF BELONGINGS,FSIC-0148,Avoids damaging materials.,SCALE,3 — Independent|2 — With Prompt|1 — Needs Support|0 — Not Applicable,EARLY_CHILDHOOD,false
FSIC,RESPONSIBILITY & CARE OF BELONGINGS,FSIC-0149,Reports broken items.,SCALE,3 — Independent|2 — With Prompt|1 — Needs Support|0 — Not Applicable,EARLY_CHILDHOOD,false
FSIC,RESPONSIBILITY & CARE OF BELONGINGS,FSIC-0150,Recognizes ownership of personal belongings.,SCALE,3 — Independent|2 — With Prompt|1 — Needs Support|0 — Not Applicable,EARLY_CHILDHOOD,false
FSIC,RESPONSIBILITY & CARE OF BELONGINGS,FSIC-0151,Packs away personal items after use.,SCALE,3 — Independent|2 — With Prompt|1 — Needs Support|0 — Not Applicable,EARLY_CHILDHOOD,false
FSIC,FUNCTIONAL PLAY & LEISURE,FSIC-0152,Engages in pretend play.,SCALE,3 — Independent|2 — With Prompt|1 — Needs Support|0 — Not Applicable,EARLY_CHILDHOOD,false
FSIC,FUNCTIONAL PLAY & LEISURE,FSIC-0153,Participates in parallel play.,SCALE,3 — Independent|2 — With Prompt|1 — Needs Support|0 — Not Applicable,EARLY_CHILDHOOD,false
FSIC,FUNCTIONAL PLAY & LEISURE,FSIC-0154,Participates in cooperative play.,SCALE,3 — Independent|2 — With Prompt|1 — Needs Support|0 — Not Applicable,EARLY_CHILDHOOD,false
FSIC,FUNCTIONAL PLAY & LEISURE,FSIC-0155,Shares toys appropriately.,SCALE,3 — Independent|2 — With Prompt|1 — Needs Support|0 — Not Applicable,EARLY_CHILDHOOD,false
FSIC,FUNCTIONAL PLAY & LEISURE,FSIC-0156,Takes turns during games.,SCALE,3 — Independent|2 — With Prompt|1 — Needs Support|0 — Not Applicable,EARLY_CHILDHOOD,false
FSIC,FUNCTIONAL PLAY & LEISURE,FSIC-0157,Follows simple game rules.,SCALE,3 — Independent|2 — With Prompt|1 — Needs Support|0 — Not Applicable,EARLY_CHILDHOOD,false
FSIC,FUNCTIONAL PLAY & LEISURE,FSIC-0158,Completes puzzles.,SCALE,3 — Independent|2 — With Prompt|1 — Needs Support|0 — Not Applicable,EARLY_CHILDHOOD,false
FSIC,FUNCTIONAL PLAY & LEISURE,FSIC-0159,Builds with blocks purposefully.,SCALE,3 — Independent|2 — With Prompt|1 — Needs Support|0 — Not Applicable,EARLY_CHILDHOOD,false
FSIC,FUNCTIONAL PLAY & LEISURE,FSIC-0160,Uses toys appropriately.,SCALE,3 — Independent|2 — With Prompt|1 — Needs Support|0 — Not Applicable,EARLY_CHILDHOOD,false
FSIC,FUNCTIONAL PLAY & LEISURE,FSIC-0161,Sustains play for 10-15 minutes.,SCALE,3 — Independent|2 — With Prompt|1 — Needs Support|0 — Not Applicable,EARLY_CHILDHOOD,false
FSIC,FUNCTIONAL PLAY & LEISURE,FSIC-0162,Cleans up after play.,SCALE,3 — Independent|2 — With Prompt|1 — Needs Support|0 — Not Applicable,EARLY_CHILDHOOD,false
FSIC,CHOICE MAKING & SELF-ADVOCACY,FSIC-0163,Chooses between two activities.,SCALE,3 — Independent|2 — With Prompt|1 — Needs Support|0 — Not Applicable,EARLY_CHILDHOOD,false
FSIC,CHOICE MAKING & SELF-ADVOCACY,FSIC-0164,Chooses preferred food appropriately.,SCALE,3 — Independent|2 — With Prompt|1 — Needs Support|0 — Not Applicable,EARLY_CHILDHOOD,false
FSIC,CHOICE MAKING & SELF-ADVOCACY,FSIC-0165,Chooses preferred toy independently.,SCALE,3 — Independent|2 — With Prompt|1 — Needs Support|0 — Not Applicable,EARLY_CHILDHOOD,false
FSIC,CHOICE MAKING & SELF-ADVOCACY,FSIC-0166,Expresses preferences verbally or non-verbally.,SCALE,3 — Independent|2 — With Prompt|1 — Needs Support|0 — Not Applicable,EARLY_CHILDHOOD,false
FSIC,CHOICE MAKING & SELF-ADVOCACY,FSIC-0167,Requests breaks when needed.,SCALE,3 — Independent|2 — With Prompt|1 — Needs Support|0 — Not Applicable,EARLY_CHILDHOOD,false
FSIC,CHOICE MAKING & SELF-ADVOCACY,FSIC-0168,Requests assistance appropriately.,SCALE,3 — Independent|2 — With Prompt|1 — Needs Support|0 — Not Applicable,EARLY_CHILDHOOD,false
FSIC,CHOICE MAKING & SELF-ADVOCACY,FSIC-0169,Refuses unsafe situations.,SCALE,3 — Independent|2 — With Prompt|1 — Needs Support|0 — Not Applicable,EARLY_CHILDHOOD,false
FSIC,CHOICE MAKING & SELF-ADVOCACY,FSIC-0170,Indicates discomfort or pain.,SCALE,3 — Independent|2 — With Prompt|1 — Needs Support|0 — Not Applicable,EARLY_CHILDHOOD,false
FSIC,ROUTINE FOLLOWING & TRANSITION,FSIC-0171,Follows morning routine.,SCALE,3 — Independent|2 — With Prompt|1 — Needs Support|0 — Not Applicable,EARLY_CHILDHOOD,false
FSIC,ROUTINE FOLLOWING & TRANSITION,FSIC-0172,Follows bedtime routine.,SCALE,3 — Independent|2 — With Prompt|1 — Needs Support|0 — Not Applicable,EARLY_CHILDHOOD,false
FSIC,ROUTINE FOLLOWING & TRANSITION,FSIC-0173,Understands first-then concepts.,SCALE,3 — Independent|2 — With Prompt|1 — Needs Support|0 — Not Applicable,EARLY_CHILDHOOD,false
FSIC,ROUTINE FOLLOWING & TRANSITION,FSIC-0174,Moves from one task to another with minimal prompts.,SCALE,3 — Independent|2 — With Prompt|1 — Needs Support|0 — Not Applicable,EARLY_CHILDHOOD,false
FSIC,ROUTINE FOLLOWING & TRANSITION,FSIC-0175,Completes activities before starting new ones.,SCALE,3 — Independent|2 — With Prompt|1 — Needs Support|0 — Not Applicable,EARLY_CHILDHOOD,false
FSIC,ROUTINE FOLLOWING & TRANSITION,FSIC-0176,Understands daily schedules.,SCALE,3 — Independent|2 — With Prompt|1 — Needs Support|0 — Not Applicable,EARLY_CHILDHOOD,false
FSIC,ROUTINE FOLLOWING & TRANSITION,FSIC-0177,Follows classroom routines.,SCALE,3 — Independent|2 — With Prompt|1 — Needs Support|0 — Not Applicable,EARLY_CHILDHOOD,false
FSIC,ROUTINE FOLLOWING & TRANSITION,FSIC-0178,Adapts to small routine changes.,SCALE,3 — Independent|2 — With Prompt|1 — Needs Support|0 — Not Applicable,EARLY_CHILDHOOD,false
FSIC,TASK PERSISTENCE & WORK HABITS,FSIC-0179,Remains engaged until activity completion.,SCALE,3 — Independent|2 — With Prompt|1 — Needs Support|0 — Not Applicable,EARLY_CHILDHOOD,false
FSIC,TASK PERSISTENCE & WORK HABITS,FSIC-0180,Returns to task after distraction.,SCALE,3 — Independent|2 — With Prompt|1 — Needs Support|0 — Not Applicable,EARLY_CHILDHOOD,false
FSIC,TASK PERSISTENCE & WORK HABITS,FSIC-0181,Continues despite mistakes.,SCALE,3 — Independent|2 — With Prompt|1 — Needs Support|0 — Not Applicable,EARLY_CHILDHOOD,false
FSIC,TASK PERSISTENCE & WORK HABITS,FSIC-0182,Attempts difficult tasks before seeking help.,SCALE,3 — Independent|2 — With Prompt|1 — Needs Support|0 — Not Applicable,EARLY_CHILDHOOD,false
FSIC,TASK PERSISTENCE & WORK HABITS,FSIC-0183,Accepts correction positively.,SCALE,3 — Independent|2 — With Prompt|1 — Needs Support|0 — Not Applicable,EARLY_CHILDHOOD,false
FSIC,TASK PERSISTENCE & WORK HABITS,FSIC-0184,Repeats task to improve performance.,SCALE,3 — Independent|2 — With Prompt|1 — Needs Support|0 — Not Applicable,EARLY_CHILDHOOD,false
FSIC,TASK PERSISTENCE & WORK HABITS,FSIC-0185,Demonstrates curiosity to learn.,SCALE,3 — Independent|2 — With Prompt|1 — Needs Support|0 — Not Applicable,EARLY_CHILDHOOD,false
FSIC,TASK PERSISTENCE & WORK HABITS,FSIC-0186,Shows pride after task completion.,SCALE,3 — Independent|2 — With Prompt|1 — Needs Support|0 — Not Applicable,EARLY_CHILDHOOD,false
FSIC,TASK PERSISTENCE & WORK HABITS,FSIC-0187,Participates consistently in structured activities.,SCALE,3 — Independent|2 — With Prompt|1 — Needs Support|0 — Not Applicable,EARLY_CHILDHOOD,false
FSIC,TASK PERSISTENCE & WORK HABITS,FSIC-0188,Completes assigned responsibilities appropriate for age.,SCALE,3 — Independent|2 — With Prompt|1 — Needs Support|0 — Not Applicable,EARLY_CHILDHOOD,false
FSIC,Personal Hygiene,FSIC-0189,Uses soap appropriately while washing hands,SCALE,3 — Independent|2 — With Prompt|1 — Needs Support|0 — Not Applicable,PRE_SKILL,false
FSIC,Personal Hygiene,FSIC-0190,Dries hands completely after washing,SCALE,3 — Independent|2 — With Prompt|1 — Needs Support|0 — Not Applicable,PRE_SKILL,false
FSIC,Personal Hygiene,FSIC-0191,Washes face independently every morning,SCALE,3 — Independent|2 — With Prompt|1 — Needs Support|0 — Not Applicable,PRE_SKILL,false
FSIC,Personal Hygiene,FSIC-0192,Brushes teeth without reminders,SCALE,3 — Independent|2 — With Prompt|1 — Needs Support|0 — Not Applicable,PRE_SKILL,false
FSIC,Personal Hygiene,FSIC-0193,Applies toothpaste appropriately,SCALE,3 — Independent|2 — With Prompt|1 — Needs Support|0 — Not Applicable,PRE_SKILL,false
FSIC,Personal Hygiene,FSIC-0194,Brushes for an adequate duration,SCALE,3 — Independent|2 — With Prompt|1 — Needs Support|0 — Not Applicable,PRE_SKILL,false
FSIC,Personal Hygiene,FSIC-0195,Stores toothbrush properly,SCALE,3 — Independent|2 — With Prompt|1 — Needs Support|0 — Not Applicable,PRE_SKILL,false
FSIC,Personal Hygiene,FSIC-0196,Blows nose and disposes tissue appropriately,SCALE,3 — Independent|2 — With Prompt|1 — Needs Support|0 — Not Applicable,PRE_SKILL,false
FSIC,Personal Hygiene,FSIC-0197,Covers mouth while coughing or sneezing,SCALE,3 — Independent|2 — With Prompt|1 — Needs Support|0 — Not Applicable,PRE_SKILL,false
FSIC,Personal Hygiene,FSIC-0198,Requests hygiene products when required,SCALE,3 — Independent|2 — With Prompt|1 — Needs Support|0 — Not Applicable,PRE_SKILL,false
FSIC,Bathing and Grooming,FSIC-0199,Washes all body parts appropriately,SCALE,3 — Independent|2 — With Prompt|1 — Needs Support|0 — Not Applicable,PRE_SKILL,false
FSIC,Bathing and Grooming,FSIC-0200,Uses soap independently,SCALE,3 — Independent|2 — With Prompt|1 — Needs Support|0 — Not Applicable,PRE_SKILL,false
FSIC,Bathing and Grooming,FSIC-0201,Applies oil or lotion if needed,SCALE,3 — Independent|2 — With Prompt|1 — Needs Support|0 — Not Applicable,PRE_SKILL,false
FSIC,Bathing and Grooming,FSIC-0202,Recognizes need for grooming before outings,SCALE,3 — Independent|2 — With Prompt|1 — Needs Support|0 — Not Applicable,PRE_SKILL,false
FSIC,Bathing and Grooming,FSIC-0203,Maintains neat appearance throughout the day,SCALE,3 — Independent|2 — With Prompt|1 — Needs Support|0 — Not Applicable,PRE_SKILL,false
FSIC,Toileting,FSIC-0204,Recognizes need to use the toilet in advance,SCALE,3 — Independent|2 — With Prompt|1 — Needs Support|0 — Not Applicable,PRE_SKILL,false
FSIC,Toileting,FSIC-0205,Uses toilet independently in unfamiliar places,SCALE,3 — Independent|2 — With Prompt|1 — Needs Support|0 — Not Applicable,PRE_SKILL,false
FSIC,Toileting,FSIC-0206,Flushes toilet consistently,SCALE,3 — Independent|2 — With Prompt|1 — Needs Support|0 — Not Applicable,PRE_SKILL,false
FSIC,Toileting,FSIC-0207,Uses public toilets appropriately,SCALE,3 — Independent|2 — With Prompt|1 — Needs Support|0 — Not Applicable,PRE_SKILL,false
FSIC,Eating and Mealtime Skills,FSIC-0208,"Uses spoon, fork, and cup correctly",SCALE,3 — Independent|2 — With Prompt|1 — Needs Support|0 — Not Applicable,PRE_SKILL,false
FSIC,Eating and Mealtime Skills,FSIC-0209,Requests additional food politely,SCALE,3 — Independent|2 — With Prompt|1 — Needs Support|0 — Not Applicable,PRE_SKILL,false
FSIC,Eating and Mealtime Skills,FSIC-0210,Washes hands after meals,SCALE,3 — Independent|2 — With Prompt|1 — Needs Support|0 — Not Applicable,PRE_SKILL,false
FSIC,Functional Communication,FSIC-0211,Responds appropriately when spoken to,SCALE,3 — Independent|2 — With Prompt|1 — Needs Support|0 — Not Applicable,PRE_SKILL,false
FSIC,Functional Communication,FSIC-0212,Follows multi step instructions,SCALE,3 — Independent|2 — With Prompt|1 — Needs Support|0 — Not Applicable,PRE_SKILL,false
FSIC,Functional Communication,FSIC-0213,Requests help independently,SCALE,3 — Independent|2 — With Prompt|1 — Needs Support|0 — Not Applicable,PRE_SKILL,false
FSIC,Functional Communication,FSIC-0214,Asks questions when confused,SCALE,3 — Independent|2 — With Prompt|1 — Needs Support|0 — Not Applicable,PRE_SKILL,false
FSIC,Functional Communication,FSIC-0215,Expresses likes and dislikes clearly,SCALE,3 — Independent|2 — With Prompt|1 — Needs Support|0 — Not Applicable,PRE_SKILL,false
FSIC,Functional Communication,FSIC-0216,Communicates pain or discomfort,SCALE,3 — Independent|2 — With Prompt|1 — Needs Support|0 — Not Applicable,PRE_SKILL,false
FSIC,Functional Communication,FSIC-0217,Greets familiar and unfamiliar people appropriately,SCALE,3 — Independent|2 — With Prompt|1 — Needs Support|0 — Not Applicable,PRE_SKILL,false
FSIC,Functional Communication,FSIC-0218,Introduces self independently,SCALE,3 — Independent|2 — With Prompt|1 — Needs Support|0 — Not Applicable,PRE_SKILL,false
FSIC,Functional Communication,FSIC-0219,Makes simple phone calls with assistance,SCALE,3 — Independent|2 — With Prompt|1 — Needs Support|0 — Not Applicable,PRE_SKILL,false
FSIC,Home Participation,FSIC-0220,Makes own bed with assistance or independently,SCALE,3 — Independent|2 — With Prompt|1 — Needs Support|0 — Not Applicable,PRE_SKILL,false
FSIC,Home Participation,FSIC-0221,Organizes school bag daily,SCALE,3 — Independent|2 — With Prompt|1 — Needs Support|0 — Not Applicable,PRE_SKILL,false
FSIC,Home Participation,FSIC-0222,Helps set the dining table,SCALE,3 — Independent|2 — With Prompt|1 — Needs Support|0 — Not Applicable,PRE_SKILL,false
FSIC,Home Participation,FSIC-0223,Wipes tables or surfaces,SCALE,3 — Independent|2 — With Prompt|1 — Needs Support|0 — Not Applicable,PRE_SKILL,false
FSIC,Home Participation,FSIC-0224,Organizes toys and books,SCALE,3 — Independent|2 — With Prompt|1 — Needs Support|0 — Not Applicable,PRE_SKILL,false
FSIC,Community Participation,FSIC-0225,Walks safely with caregiver in public,SCALE,3 — Independent|2 — With Prompt|1 — Needs Support|0 — Not Applicable,PRE_SKILL,false
FSIC,Community Participation,FSIC-0226,Waits appropriately in queues,SCALE,3 — Independent|2 — With Prompt|1 — Needs Support|0 — Not Applicable,PRE_SKILL,false
FSIC,Community Participation,FSIC-0227,Identifies important community places,SCALE,3 — Independent|2 — With Prompt|1 — Needs Support|0 — Not Applicable,PRE_SKILL,false
FSIC,Community Participation,FSIC-0228,Uses polite manners in public,SCALE,3 — Independent|2 — With Prompt|1 — Needs Support|0 — Not Applicable,PRE_SKILL,false
FSIC,Community Participation,FSIC-0229,Participates appropriately during shopping,SCALE,3 — Independent|2 — With Prompt|1 — Needs Support|0 — Not Applicable,PRE_SKILL,false
FSIC,Community Participation,FSIC-0230,Identifies trusted adults in community,SCALE,3 — Independent|2 — With Prompt|1 — Needs Support|0 — Not Applicable,PRE_SKILL,false
FSIC,Community Participation,FSIC-0231,Participates in family outings responsibly,SCALE,3 — Independent|2 — With Prompt|1 — Needs Support|0 — Not Applicable,PRE_SKILL,false
FSIC,Community Participation,FSIC-0232,Follows instructions during field visits,SCALE,3 — Independent|2 — With Prompt|1 — Needs Support|0 — Not Applicable,PRE_SKILL,false
FSIC,Mobility and Navigation,FSIC-0233,Walks independently in familiar environments,SCALE,3 — Independent|2 — With Prompt|1 — Needs Support|0 — Not Applicable,PRE_SKILL,false
FSIC,Mobility and Navigation,FSIC-0234,Maintains balance while walking,SCALE,3 — Independent|2 — With Prompt|1 — Needs Support|0 — Not Applicable,PRE_SKILL,false
FSIC,Safety Awareness,FSIC-0235,Recognizes dangerous objects,SCALE,3 — Independent|2 — With Prompt|1 — Needs Support|0 — Not Applicable,PRE_SKILL,false
FSIC,Safety Awareness,FSIC-0236,Identifies emergency situations,SCALE,3 — Independent|2 — With Prompt|1 — Needs Support|0 — Not Applicable,PRE_SKILL,false
FSIC,Safety Awareness,FSIC-0237,Uses scissors safely,SCALE,3 — Independent|2 — With Prompt|1 — Needs Support|0 — Not Applicable,PRE_SKILL,false
FSIC,Safety Awareness,FSIC-0238,Uses kitchen tools with supervision,SCALE,3 — Independent|2 — With Prompt|1 — Needs Support|0 — Not Applicable,PRE_SKILL,false
FSIC,Safety Awareness,FSIC-0239,Recognizes fire hazards,SCALE,3 — Independent|2 — With Prompt|1 — Needs Support|0 — Not Applicable,PRE_SKILL,false
FSIC,Safety Awareness,FSIC-0240,Seeks adult help during emergencies,SCALE,3 — Independent|2 — With Prompt|1 — Needs Support|0 — Not Applicable,PRE_SKILL,false
FSIC,Executive Functional Independence,FSIC-0241,Completes tasks without reminders,SCALE,3 — Independent|2 — With Prompt|1 — Needs Support|0 — Not Applicable,PRE_SKILL,false
FSIC,Executive Functional Independence,FSIC-0242,Follows daily schedule,SCALE,3 — Independent|2 — With Prompt|1 — Needs Support|0 — Not Applicable,PRE_SKILL,false
FSIC,Executive Functional Independence,FSIC-0243,Returns to unfinished tasks,SCALE,3 — Independent|2 — With Prompt|1 — Needs Support|0 — Not Applicable,PRE_SKILL,false
FSIC,Executive Functional Independence,FSIC-0244,Organizes materials before work,SCALE,3 — Independent|2 — With Prompt|1 — Needs Support|0 — Not Applicable,PRE_SKILL,false
FSIC,Executive Functional Independence,FSIC-0245,Follows classroom routines consistently,SCALE,3 — Independent|2 — With Prompt|1 — Needs Support|0 — Not Applicable,PRE_SKILL,false
FSIC,Executive Functional Independence,FSIC-0246,Accepts changes in routine,SCALE,3 — Independent|2 — With Prompt|1 — Needs Support|0 — Not Applicable,PRE_SKILL,false
FSIC,Executive Functional Independence,FSIC-0247,Completes multi step functional tasks,SCALE,3 — Independent|2 — With Prompt|1 — Needs Support|0 — Not Applicable,PRE_SKILL,false
FSIC,Waiting and Self Regulation,FSIC-0248,Waits patiently for preferred activities,SCALE,3 — Independent|2 — With Prompt|1 — Needs Support|0 — Not Applicable,PRE_SKILL,false
FSIC,Waiting and Self Regulation,FSIC-0249,Waits in queues appropriately,SCALE,3 — Independent|2 — With Prompt|1 — Needs Support|0 — Not Applicable,PRE_SKILL,false
FSIC,Waiting and Self Regulation,FSIC-0250,Waits for turn during games,SCALE,3 — Independent|2 — With Prompt|1 — Needs Support|0 — Not Applicable,PRE_SKILL,false
FSIC,Waiting and Self Regulation,FSIC-0251,Accepts delayed rewards,SCALE,3 — Independent|2 — With Prompt|1 — Needs Support|0 — Not Applicable,PRE_SKILL,false
FSIC,Waiting and Self Regulation,FSIC-0252,"Accepts ""No"" appropriately",SCALE,3 — Independent|2 — With Prompt|1 — Needs Support|0 — Not Applicable,PRE_SKILL,false
FSIC,Waiting and Self Regulation,FSIC-0253,Controls impulsive behaviour,SCALE,3 — Independent|2 — With Prompt|1 — Needs Support|0 — Not Applicable,PRE_SKILL,false
FSIC,Waiting and Self Regulation,FSIC-0254,Uses calming strategies when upset,SCALE,3 — Independent|2 — With Prompt|1 — Needs Support|0 — Not Applicable,PRE_SKILL,false
FSIC,Waiting and Self Regulation,FSIC-0255,Returns to task after emotional upset,SCALE,3 — Independent|2 — With Prompt|1 — Needs Support|0 — Not Applicable,PRE_SKILL,false
FSIC,Responsibility and Care of Belongings,FSIC-0256,Returns borrowed items,SCALE,3 — Independent|2 — With Prompt|1 — Needs Support|0 — Not Applicable,PRE_SKILL,false
FSIC,Responsibility and Care of Belongings,FSIC-0257,Handles fragile objects carefully,SCALE,3 — Independent|2 — With Prompt|1 — Needs Support|0 — Not Applicable,PRE_SKILL,false
FSIC,Responsibility and Care of Belongings,FSIC-0258,Maintains responsibility for personal possessions,SCALE,3 — Independent|2 — With Prompt|1 — Needs Support|0 — Not Applicable,PRE_SKILL,false
FSIC,Responsibility and Care of Belongings,FSIC-0259,Organizes desk or workspace,SCALE,3 — Independent|2 — With Prompt|1 — Needs Support|0 — Not Applicable,PRE_SKILL,false
FSIC,Functional Play and Leisure,FSIC-0260,Participates in structured games,SCALE,3 — Independent|2 — With Prompt|1 — Needs Support|0 — Not Applicable,PRE_SKILL,false
FSIC,Functional Play and Leisure,FSIC-0261,Follows game rules,SCALE,3 — Independent|2 — With Prompt|1 — Needs Support|0 — Not Applicable,PRE_SKILL,false
FSIC,Functional Play and Leisure,FSIC-0262,Shares materials appropriately,SCALE,3 — Independent|2 — With Prompt|1 — Needs Support|0 — Not Applicable,PRE_SKILL,false
FSIC,Functional Play and Leisure,FSIC-0263,Takes turns during activities,SCALE,3 — Independent|2 — With Prompt|1 — Needs Support|0 — Not Applicable,PRE_SKILL,false
FSIC,Functional Play and Leisure,FSIC-0264,Completes puzzles independently,SCALE,3 — Independent|2 — With Prompt|1 — Needs Support|0 — Not Applicable,PRE_SKILL,false
FSIC,Functional Play and Leisure,FSIC-0265,Builds or constructs with purpose,SCALE,3 — Independent|2 — With Prompt|1 — Needs Support|0 — Not Applicable,PRE_SKILL,false
FSIC,Functional Play and Leisure,FSIC-0266,Participates in creative activities,SCALE,3 — Independent|2 — With Prompt|1 — Needs Support|0 — Not Applicable,PRE_SKILL,false
FSIC,Choice Making and Self Advocacy,FSIC-0267,Expresses preferences respectfully,SCALE,3 — Independent|2 — With Prompt|1 — Needs Support|0 — Not Applicable,PRE_SKILL,false
FSIC,Choice Making and Self Advocacy,FSIC-0268,Requests breaks appropriately,SCALE,3 — Independent|2 — With Prompt|1 — Needs Support|0 — Not Applicable,PRE_SKILL,false
FSIC,Choice Making and Self Advocacy,FSIC-0269,Requests accommodations when needed,SCALE,3 — Independent|2 — With Prompt|1 — Needs Support|0 — Not Applicable,PRE_SKILL,false
FSIC,Choice Making and Self Advocacy,FSIC-0270,Seeks clarification when confused,SCALE,3 — Independent|2 — With Prompt|1 — Needs Support|0 — Not Applicable,PRE_SKILL,false
FSIC,Choice Making and Self Advocacy,FSIC-0271,Makes simple decisions confidently,SCALE,3 — Independent|2 — With Prompt|1 — Needs Support|0 — Not Applicable,PRE_SKILL,false
FSIC,Routine Following and Time Awareness,FSIC-0272,Follows morning routine independently,SCALE,3 — Independent|2 — With Prompt|1 — Needs Support|0 — Not Applicable,PRE_SKILL,false
FSIC,Routine Following and Time Awareness,FSIC-0273,Follows bedtime routine independently,SCALE,3 — Independent|2 — With Prompt|1 — Needs Support|0 — Not Applicable,PRE_SKILL,false
FSIC,Routine Following and Time Awareness,FSIC-0274,Understands daily timetable,SCALE,3 — Independent|2 — With Prompt|1 — Needs Support|0 — Not Applicable,PRE_SKILL,false
FSIC,Routine Following and Time Awareness,FSIC-0275,Completes homework routine consistently,SCALE,3 — Independent|2 — With Prompt|1 — Needs Support|0 — Not Applicable,PRE_SKILL,false
FSIC,Routine Following and Time Awareness,FSIC-0276,Understands before and after concepts,SCALE,3 — Independent|2 — With Prompt|1 — Needs Support|0 — Not Applicable,PRE_SKILL,false
FSIC,Routine Following and Time Awareness,FSIC-0277,Recognizes weekdays and weekends,SCALE,3 — Independent|2 — With Prompt|1 — Needs Support|0 — Not Applicable,PRE_SKILL,false
FSIC,Routine Following and Time Awareness,FSIC-0278,Understands simple time concepts,SCALE,3 — Independent|2 — With Prompt|1 — Needs Support|0 — Not Applicable,PRE_SKILL,false
FSIC,Task Persistence and Work Habits,FSIC-0279,Continues despite mistakes,SCALE,3 — Independent|2 — With Prompt|1 — Needs Support|0 — Not Applicable,PRE_SKILL,false
FSIC,Task Persistence and Work Habits,FSIC-0280,Accepts constructive feedback,SCALE,3 — Independent|2 — With Prompt|1 — Needs Support|0 — Not Applicable,PRE_SKILL,false
FSIC,Task Persistence and Work Habits,FSIC-0281,Demonstrates curiosity to learn,SCALE,3 — Independent|2 — With Prompt|1 — Needs Support|0 — Not Applicable,PRE_SKILL,false
FSIC,Task Persistence and Work Habits,FSIC-0282,Completes responsibilities consistently,SCALE,3 — Independent|2 — With Prompt|1 — Needs Support|0 — Not Applicable,PRE_SKILL,false
FSIC,Task Persistence and Work Habits,FSIC-0283,Maintains focus for 20-30 minutes,SCALE,3 — Independent|2 — With Prompt|1 — Needs Support|0 — Not Applicable,PRE_SKILL,false
FSIC,Task Persistence and Work Habits,FSIC-0284,Returns to interrupted work independently,SCALE,3 — Independent|2 — With Prompt|1 — Needs Support|0 — Not Applicable,PRE_SKILL,false
FSIC,Task Persistence and Work Habits,FSIC-0285,Demonstrates pride in completed work,SCALE,3 — Independent|2 — With Prompt|1 — Needs Support|0 — Not Applicable,PRE_SKILL,false
FSIC,Pre Vocational Functional Readiness,FSIC-0286,Follows simple work instructions accurately,SCALE,3 — Independent|2 — With Prompt|1 — Needs Support|0 — Not Applicable,PRE_SKILL,false
FSIC,Pre Vocational Functional Readiness,FSIC-0287,Organizes materials systematically,SCALE,3 — Independent|2 — With Prompt|1 — Needs Support|0 — Not Applicable,PRE_SKILL,false
FSIC,Pre Vocational Functional Readiness,FSIC-0288,Identifies quality differences between items,SCALE,3 — Independent|2 — With Prompt|1 — Needs Support|0 — Not Applicable,PRE_SKILL,false
FSIC,Pre Vocational Functional Readiness,FSIC-0289,Completes repetitive tasks consistently,SCALE,3 — Independent|2 — With Prompt|1 — Needs Support|0 — Not Applicable,PRE_SKILL,false
FSIC,Pre Vocational Functional Readiness,FSIC-0290,Maintains attention during structured work,SCALE,3 — Independent|2 — With Prompt|1 — Needs Support|0 — Not Applicable,PRE_SKILL,false
FSIC,Pre Vocational Functional Readiness,FSIC-0291,Requests help when unable to continue,SCALE,3 — Independent|2 — With Prompt|1 — Needs Support|0 — Not Applicable,PRE_SKILL,false
FSIC,Pre Vocational Functional Readiness,FSIC-0292,"Follows basic workplace etiquette such as waiting, listening, and taking turns",SCALE,3 — Independent|2 — With Prompt|1 — Needs Support|0 — Not Applicable,PRE_SKILL,false
FSIC,Personal Presentation & Hygiene,FSIC-0293,Brushes teeth without reminders,SCALE,3 — Independent|2 — With Prompt|1 — Needs Support|0 — Not Applicable,BASIC,false
FSIC,Personal Presentation & Hygiene,FSIC-0294,Washes face and hands before interacting with others,SCALE,3 — Independent|2 — With Prompt|1 — Needs Support|0 — Not Applicable,BASIC,false
FSIC,Personal Presentation & Hygiene,FSIC-0295,Maintains clean nails and hair,SCALE,3 — Independent|2 — With Prompt|1 — Needs Support|0 — Not Applicable,BASIC,false
FSIC,Personal Presentation & Hygiene,FSIC-0296,Uses deodorant or personal care products when appropriate,SCALE,3 — Independent|2 — With Prompt|1 — Needs Support|0 — Not Applicable,BASIC,false
FSIC,Personal Presentation & Hygiene,FSIC-0297,Maintains appropriate appearance for school or community events,SCALE,3 — Independent|2 — With Prompt|1 — Needs Support|0 — Not Applicable,BASIC,false
FSIC,Personal Presentation & Hygiene,FSIC-0298,Recognizes when grooming is required,SCALE,3 — Independent|2 — With Prompt|1 — Needs Support|0 — Not Applicable,BASIC,false
FSIC,Personal Presentation & Hygiene,FSIC-0299,Maintains hygiene in public settings,SCALE,3 — Independent|2 — With Prompt|1 — Needs Support|0 — Not Applicable,BASIC,false
FSIC,Dressing & Professional Appearance,FSIC-0300,Maintains neat appearance throughout the day,SCALE,3 — Independent|2 — With Prompt|1 — Needs Support|0 — Not Applicable,BASIC,false
FSIC,Dressing & Professional Appearance,FSIC-0301,Organizes wardrobe or personal belongings,SCALE,3 — Independent|2 — With Prompt|1 — Needs Support|0 — Not Applicable,BASIC,false
FSIC,Dressing & Professional Appearance,FSIC-0302,Understands appropriate dress for interviews or workplaces,SCALE,3 — Independent|2 — With Prompt|1 — Needs Support|0 — Not Applicable,BASIC,false
FSIC,Eating & Food Management,FSIC-0303,Uses utensils correctly,SCALE,3 — Independent|2 — With Prompt|1 — Needs Support|0 — Not Applicable,BASIC,false
FSIC,Eating & Food Management,FSIC-0304,Stores leftover food appropriately,SCALE,3 — Independent|2 — With Prompt|1 — Needs Support|0 — Not Applicable,BASIC,false
FSIC,Eating & Food Management,FSIC-0305,Washes reusable containers,SCALE,3 — Independent|2 — With Prompt|1 — Needs Support|0 — Not Applicable,BASIC,false
FSIC,Eating & Food Management,FSIC-0306,Follows basic food hygiene practices,SCALE,3 — Independent|2 — With Prompt|1 — Needs Support|0 — Not Applicable,BASIC,false
FSIC,Eating & Food Management,FSIC-0307,Organizes lunch materials independently,SCALE,3 — Independent|2 — With Prompt|1 — Needs Support|0 — Not Applicable,BASIC,false
FSIC,Home & Domestic Responsibility,FSIC-0308,Makes own bed daily,SCALE,3 — Independent|2 — With Prompt|1 — Needs Support|0 — Not Applicable,BASIC,false
FSIC,Home & Domestic Responsibility,FSIC-0309,Organizes study area,SCALE,3 — Independent|2 — With Prompt|1 — Needs Support|0 — Not Applicable,BASIC,false
FSIC,Home & Domestic Responsibility,FSIC-0310,Disposes waste correctly,SCALE,3 — Independent|2 — With Prompt|1 — Needs Support|0 — Not Applicable,BASIC,false
FSIC,Communication for Functional Living,FSIC-0311,Introduces self confidently,SCALE,3 — Independent|2 — With Prompt|1 — Needs Support|0 — Not Applicable,BASIC,false
FSIC,Communication for Functional Living,FSIC-0312,Greets visitors appropriately,SCALE,3 — Independent|2 — With Prompt|1 — Needs Support|0 — Not Applicable,BASIC,false
FSIC,Communication for Functional Living,FSIC-0313,Requests clarification when confused,SCALE,3 — Independent|2 — With Prompt|1 — Needs Support|0 — Not Applicable,BASIC,false
FSIC,Communication for Functional Living,FSIC-0314,Makes simple phone calls appropriately,SCALE,3 — Independent|2 — With Prompt|1 — Needs Support|0 — Not Applicable,BASIC,false
FSIC,Communication for Functional Living,FSIC-0315,Takes messages accurately,SCALE,3 — Independent|2 — With Prompt|1 — Needs Support|0 — Not Applicable,BASIC,false
FSIC,Communication for Functional Living,FSIC-0316,Asks for help when needed,SCALE,3 — Independent|2 — With Prompt|1 — Needs Support|0 — Not Applicable,BASIC,false
FSIC,Communication for Functional Living,FSIC-0317,Expresses opinions respectfully,SCALE,3 — Independent|2 — With Prompt|1 — Needs Support|0 — Not Applicable,BASIC,false
FSIC,Communication for Functional Living,FSIC-0318,Explains problems clearly,SCALE,3 — Independent|2 — With Prompt|1 — Needs Support|0 — Not Applicable,BASIC,false
FSIC,Community Participation,FSIC-0319,Waits appropriately in queues,SCALE,3 — Independent|2 — With Prompt|1 — Needs Support|0 — Not Applicable,BASIC,false
FSIC,Community Participation,FSIC-0320,Uses polite manners in shops,SCALE,3 — Independent|2 — With Prompt|1 — Needs Support|0 — Not Applicable,BASIC,false
FSIC,Community Participation,FSIC-0321,Returns correct change when guided,SCALE,3 — Independent|2 — With Prompt|1 — Needs Support|0 — Not Applicable,BASIC,false
FSIC,Community Participation,FSIC-0322,Participates responsibly during outings,SCALE,3 — Independent|2 — With Prompt|1 — Needs Support|0 — Not Applicable,BASIC,false
FSIC,Community Participation,FSIC-0323,Identifies important community services,SCALE,3 — Independent|2 — With Prompt|1 — Needs Support|0 — Not Applicable,BASIC,false
FSIC,Community Participation,FSIC-0324,Follows public behaviour expectations,SCALE,3 — Independent|2 — With Prompt|1 — Needs Support|0 — Not Applicable,BASIC,false
FSIC,Mobility & Navigation,FSIC-0325,Uses stairs safely while carrying objects,SCALE,3 — Independent|2 — With Prompt|1 — Needs Support|0 — Not Applicable,BASIC,false
FSIC,Mobility & Navigation,FSIC-0326,Recognizes important landmarks,SCALE,3 — Independent|2 — With Prompt|1 — Needs Support|0 — Not Applicable,BASIC,false
FSIC,Mobility & Navigation,FSIC-0327,Walks purposefully to destinations,SCALE,3 — Independent|2 — With Prompt|1 — Needs Support|0 — Not Applicable,BASIC,false
FSIC,Safety & Risk Awareness,FSIC-0328,Identifies unsafe situations,SCALE,3 — Independent|2 — With Prompt|1 — Needs Support|0 — Not Applicable,BASIC,false
FSIC,Safety & Risk Awareness,FSIC-0329,Uses electrical equipment safely,SCALE,3 — Independent|2 — With Prompt|1 — Needs Support|0 — Not Applicable,BASIC,false
FSIC,Safety & Risk Awareness,FSIC-0330,Handles simple kitchen tools safely,SCALE,3 — Independent|2 — With Prompt|1 — Needs Support|0 — Not Applicable,BASIC,false
FSIC,Safety & Risk Awareness,FSIC-0331,Follows emergency instructions,SCALE,3 — Independent|2 — With Prompt|1 — Needs Support|0 — Not Applicable,BASIC,false
FSIC,Safety & Risk Awareness,FSIC-0332,Uses protective equipment when required,SCALE,3 — Independent|2 — With Prompt|1 — Needs Support|0 — Not Applicable,BASIC,false
FSIC,Executive Functional Independence,FSIC-0333,Completes tasks before moving to another,SCALE,3 — Independent|2 — With Prompt|1 — Needs Support|0 — Not Applicable,BASIC,false
FSIC,Executive Functional Independence,FSIC-0334,Follows visual or written schedules independently,SCALE,3 — Independent|2 — With Prompt|1 — Needs Support|0 — Not Applicable,BASIC,false
FSIC,Executive Functional Independence,FSIC-0335,Organizes materials before starting work,SCALE,3 — Independent|2 — With Prompt|1 — Needs Support|0 — Not Applicable,BASIC,false
FSIC,Executive Functional Independence,FSIC-0336,Returns materials after completion,SCALE,3 — Independent|2 — With Prompt|1 — Needs Support|0 — Not Applicable,BASIC,false
FSIC,Executive Functional Independence,FSIC-0337,Maintains focus for 30-45 minutes,SCALE,3 — Independent|2 — With Prompt|1 — Needs Support|0 — Not Applicable,BASIC,false
FSIC,Executive Functional Independence,FSIC-0338,Completes assignments within expected time,SCALE,3 — Independent|2 — With Prompt|1 — Needs Support|0 — Not Applicable,BASIC,false
FSIC,Responsibility & Work Habits,FSIC-0339,Takes responsibility for mistakes,SCALE,3 — Independent|2 — With Prompt|1 — Needs Support|0 — Not Applicable,BASIC,false
FSIC,Responsibility & Work Habits,FSIC-0340,Accepts constructive feedback,SCALE,3 — Independent|2 — With Prompt|1 — Needs Support|0 — Not Applicable,BASIC,false
FSIC,Responsibility & Work Habits,FSIC-0341,Completes chores without reminders,SCALE,3 — Independent|2 — With Prompt|1 — Needs Support|0 — Not Applicable,BASIC,false
FSIC,Responsibility & Work Habits,FSIC-0342,Maintains consistency in routines,SCALE,3 — Independent|2 — With Prompt|1 — Needs Support|0 — Not Applicable,BASIC,false
FSIC,Responsibility & Work Habits,FSIC-0343,Demonstrates reliability in assigned duties,SCALE,3 — Independent|2 — With Prompt|1 — Needs Support|0 — Not Applicable,BASIC,false
FSIC,Organization & Workplace Readiness,FSIC-0344,Follows checklists accurately,SCALE,3 — Independent|2 — With Prompt|1 — Needs Support|0 — Not Applicable,BASIC,false
FSIC,Organization & Workplace Readiness,FSIC-0345,Returns equipment to designated locations,SCALE,3 — Independent|2 — With Prompt|1 — Needs Support|0 — Not Applicable,BASIC,false
FSIC,Time Management,FSIC-0346,Understands daily schedules,SCALE,3 — Independent|2 — With Prompt|1 — Needs Support|0 — Not Applicable,BASIC,false
FSIC,Time Management,FSIC-0347,Completes tasks within allotted time,SCALE,3 — Independent|2 — With Prompt|1 — Needs Support|0 — Not Applicable,BASIC,false
FSIC,Time Management,FSIC-0348,Uses clocks or timers appropriately,SCALE,3 — Independent|2 — With Prompt|1 — Needs Support|0 — Not Applicable,BASIC,false
FSIC,Time Management,FSIC-0349,Follows deadlines consistently,SCALE,3 — Independent|2 — With Prompt|1 — Needs Support|0 — Not Applicable,BASIC,false
FSIC,Task Persistence,FSIC-0350,Continues despite mistakes,SCALE,3 — Independent|2 — With Prompt|1 — Needs Support|0 — Not Applicable,BASIC,false
FSIC,Task Persistence,FSIC-0351,Completes lengthy tasks without giving up,SCALE,3 — Independent|2 — With Prompt|1 — Needs Support|0 — Not Applicable,BASIC,false
FSIC,Task Persistence,FSIC-0352,Returns to interrupted work independently,SCALE,3 — Independent|2 — With Prompt|1 — Needs Support|0 — Not Applicable,BASIC,false
FSIC,Task Persistence,FSIC-0353,Demonstrates patience during repetitive work,SCALE,3 — Independent|2 — With Prompt|1 — Needs Support|0 — Not Applicable,BASIC,false
FSIC,Collaboration & Team Participation,FSIC-0354,Shares materials appropriately,SCALE,3 — Independent|2 — With Prompt|1 — Needs Support|0 — Not Applicable,BASIC,false
FSIC,Collaboration & Team Participation,FSIC-0355,Waits for others during group work,SCALE,3 — Independent|2 — With Prompt|1 — Needs Support|0 — Not Applicable,BASIC,false
FSIC,Collaboration & Team Participation,FSIC-0356,Accepts different opinions,SCALE,3 — Independent|2 — With Prompt|1 — Needs Support|0 — Not Applicable,BASIC,false
FSIC,Collaboration & Team Participation,FSIC-0357,Completes assigned role within team,SCALE,3 — Independent|2 — With Prompt|1 — Needs Support|0 — Not Applicable,BASIC,false
FSIC,Collaboration & Team Participation,FSIC-0358,Participates in collaborative projects,SCALE,3 — Independent|2 — With Prompt|1 — Needs Support|0 — Not Applicable,BASIC,false
FSIC,Collaboration & Team Participation,FSIC-0359,Resolves minor conflicts respectfully,SCALE,3 — Independent|2 — With Prompt|1 — Needs Support|0 — Not Applicable,BASIC,false
FSIC,Collaboration & Team Participation,FSIC-0360,Follows group decisions,SCALE,3 — Independent|2 — With Prompt|1 — Needs Support|0 — Not Applicable,BASIC,false
FSIC,Functional Money Management,FSIC-0361,Identifies currency correctly,SCALE,3 — Independent|2 — With Prompt|1 — Needs Support|0 — Not Applicable,BASIC,false
FSIC,Functional Money Management,FSIC-0362,Pays for simple purchases,SCALE,3 — Independent|2 — With Prompt|1 — Needs Support|0 — Not Applicable,BASIC,false
FSIC,Functional Money Management,FSIC-0363,Understands value of saving,SCALE,3 — Independent|2 — With Prompt|1 — Needs Support|0 — Not Applicable,BASIC,false
FSIC,Functional Money Management,FSIC-0364,Makes basic spending choices responsibly,SCALE,3 — Independent|2 — With Prompt|1 — Needs Support|0 — Not Applicable,BASIC,false
FSIC,Pre Vocational Functional Skills,FSIC-0365,Follows assembly sequences,SCALE,3 — Independent|2 — With Prompt|1 — Needs Support|0 — Not Applicable,BASIC,false
FSIC,Pre Vocational Functional Skills,FSIC-0366,Maintains attention during repetitive tasks,SCALE,3 — Independent|2 — With Prompt|1 — Needs Support|0 — Not Applicable,BASIC,false
FSIC,Pre Vocational Functional Skills,FSIC-0367,Identifies defective products,SCALE,3 — Independent|2 — With Prompt|1 — Needs Support|0 — Not Applicable,BASIC,false
FSIC,Pre Vocational Functional Skills,FSIC-0368,Requests assistance appropriately when needed,SCALE,3 — Independent|2 — With Prompt|1 — Needs Support|0 — Not Applicable,BASIC,false
FSIC,Pre Vocational Functional Skills,FSIC-0369,Completes structured work independently,SCALE,3 — Independent|2 — With Prompt|1 — Needs Support|0 — Not Applicable,BASIC,false
FSIC,Technology & Office Readiness,FSIC-0370,Uses keyboard and mouse independently,SCALE,3 — Independent|2 — With Prompt|1 — Needs Support|0 — Not Applicable,BASIC,false
FSIC,Technology & Office Readiness,FSIC-0371,Organizes digital folders,SCALE,3 — Independent|2 — With Prompt|1 — Needs Support|0 — Not Applicable,BASIC,false
FSIC,Technology & Office Readiness,FSIC-0372,Handles devices responsibly,SCALE,3 — Independent|2 — With Prompt|1 — Needs Support|0 — Not Applicable,BASIC,false
FSIC,Career Functional Behaviours,FSIC-0373,Follows multi-step work instructions accurately,SCALE,3 — Independent|2 — With Prompt|1 — Needs Support|0 — Not Applicable,BASIC,false
FSIC,Career Functional Behaviours,FSIC-0374,Maintains personal presentation suitable for work environments,SCALE,3 — Independent|2 — With Prompt|1 — Needs Support|0 — Not Applicable,BASIC,false
FSIC,Career Functional Behaviours,FSIC-0375,Demonstrates customer-friendly behaviour,SCALE,3 — Independent|2 — With Prompt|1 — Needs Support|0 — Not Applicable,BASIC,false
FSIC,Career Functional Behaviours,FSIC-0376,Waits patiently during work processes,SCALE,3 — Independent|2 — With Prompt|1 — Needs Support|0 — Not Applicable,BASIC,false
FSIC,Career Functional Behaviours,FSIC-0377,Maintains confidentiality when instructed,SCALE,3 — Independent|2 — With Prompt|1 — Needs Support|0 — Not Applicable,BASIC,false
FSIC,Career Functional Behaviours,FSIC-0378,Shows honesty in handling materials or money,SCALE,3 — Independent|2 — With Prompt|1 — Needs Support|0 — Not Applicable,BASIC,false
FSIC,Career Functional Behaviours,FSIC-0379,Demonstrates responsibility for assigned duties,SCALE,3 — Independent|2 — With Prompt|1 — Needs Support|0 — Not Applicable,BASIC,false
FSIC,Career Functional Behaviours,FSIC-0380,Maintains consistent quality across repeated tasks,SCALE,3 — Independent|2 — With Prompt|1 — Needs Support|0 — Not Applicable,BASIC,false
FSIC,Career Functional Behaviours,FSIC-0381,Demonstrates readiness to participate in supervised vocational experiences,SCALE,3 — Independent|2 — With Prompt|1 — Needs Support|0 — Not Applicable,BASIC,false
FSIC,Professional Appearance & Workplace Hygiene,FSIC-0382,Maintains neat hair and grooming,SCALE,3 — Independent|2 — With Prompt|1 — Needs Support|0 — Not Applicable,INTERMEDIATE,false
FSIC,Professional Appearance & Workplace Hygiene,FSIC-0383,Uses deodorant or hygiene products appropriately,SCALE,3 — Independent|2 — With Prompt|1 — Needs Support|0 — Not Applicable,INTERMEDIATE,false
FSIC,Professional Appearance & Workplace Hygiene,FSIC-0384,Maintains clean hands before handling food or materials,SCALE,3 — Independent|2 — With Prompt|1 — Needs Support|0 — Not Applicable,INTERMEDIATE,false
FSIC,Professional Appearance & Workplace Hygiene,FSIC-0385,Recognizes when appearance needs correction,SCALE,3 — Independent|2 — With Prompt|1 — Needs Support|0 — Not Applicable,INTERMEDIATE,false
FSIC,Professional Appearance & Workplace Hygiene,FSIC-0386,Maintains hygiene after physical activities,SCALE,3 — Independent|2 — With Prompt|1 — Needs Support|0 — Not Applicable,INTERMEDIATE,false
FSIC,Professional Appearance & Workplace Hygiene,FSIC-0387,Follows workplace grooming expectations,SCALE,3 — Independent|2 — With Prompt|1 — Needs Support|0 — Not Applicable,INTERMEDIATE,false
FSIC,Professional Appearance & Workplace Hygiene,FSIC-0388,Demonstrates awareness of professional presentation,SCALE,3 — Independent|2 — With Prompt|1 — Needs Support|0 — Not Applicable,INTERMEDIATE,false
FSIC,Attendance & Workplace Routine,FSIC-0389,Follows daily work schedules independently,SCALE,3 — Independent|2 — With Prompt|1 — Needs Support|0 — Not Applicable,INTERMEDIATE,false
FSIC,Attendance & Workplace Routine,FSIC-0390,Follows opening and closing routines,SCALE,3 — Independent|2 — With Prompt|1 — Needs Support|0 — Not Applicable,INTERMEDIATE,false
FSIC,Attendance & Workplace Routine,FSIC-0391,Completes assigned responsibilities before leaving,SCALE,3 — Independent|2 — With Prompt|1 — Needs Support|0 — Not Applicable,INTERMEDIATE,false
FSIC,Attendance & Workplace Routine,FSIC-0392,Understands break schedules,SCALE,3 — Independent|2 — With Prompt|1 — Needs Support|0 — Not Applicable,INTERMEDIATE,false
FSIC,Attendance & Workplace Routine,FSIC-0393,Returns from breaks on time,SCALE,3 — Independent|2 — With Prompt|1 — Needs Support|0 — Not Applicable,INTERMEDIATE,false
FSIC,Attendance & Workplace Routine,FSIC-0394,Maintains attendance without reminders,SCALE,3 — Independent|2 — With Prompt|1 — Needs Support|0 — Not Applicable,INTERMEDIATE,false
FSIC,Task Management & Productivity,FSIC-0395,Completes work within expected timelines,SCALE,3 — Independent|2 — With Prompt|1 — Needs Support|0 — Not Applicable,INTERMEDIATE,false
FSIC,Task Management & Productivity,FSIC-0396,Maintains attention for 45-60 minutes,SCALE,3 — Independent|2 — With Prompt|1 — Needs Support|0 — Not Applicable,INTERMEDIATE,false
FSIC,Task Management & Productivity,FSIC-0397,Handles repetitive tasks without frustration,SCALE,3 — Independent|2 — With Prompt|1 — Needs Support|0 — Not Applicable,INTERMEDIATE,false
FSIC,Task Management & Productivity,FSIC-0398,Maintains quality during repetitive work,SCALE,3 — Independent|2 — With Prompt|1 — Needs Support|0 — Not Applicable,INTERMEDIATE,false
FSIC,Task Management & Productivity,FSIC-0399,Completes work without excessive supervision,SCALE,3 — Independent|2 — With Prompt|1 — Needs Support|0 — Not Applicable,INTERMEDIATE,false
FSIC,Task Management & Productivity,FSIC-0400,Organizes workload efficiently,SCALE,3 — Independent|2 — With Prompt|1 — Needs Support|0 — Not Applicable,INTERMEDIATE,false
FSIC,Organization & Administrative Skills,FSIC-0401,Organizes files systematically,SCALE,3 — Independent|2 — With Prompt|1 — Needs Support|0 — Not Applicable,INTERMEDIATE,false
FSIC,Organization & Administrative Skills,FSIC-0402,Maintains clean workspace,SCALE,3 — Independent|2 — With Prompt|1 — Needs Support|0 — Not Applicable,INTERMEDIATE,false
FSIC,Organization & Administrative Skills,FSIC-0403,Stores tools correctly after use,SCALE,3 — Independent|2 — With Prompt|1 — Needs Support|0 — Not Applicable,INTERMEDIATE,false
FSIC,Organization & Administrative Skills,FSIC-0404,Uses checklists independently,SCALE,3 — Independent|2 — With Prompt|1 — Needs Support|0 — Not Applicable,INTERMEDIATE,false
FSIC,Organization & Administrative Skills,FSIC-0405,Maintains inventory records accurately,SCALE,3 — Independent|2 — With Prompt|1 — Needs Support|0 — Not Applicable,INTERMEDIATE,false
FSIC,Organization & Administrative Skills,FSIC-0406,Organizes documents logically,SCALE,3 — Independent|2 — With Prompt|1 — Needs Support|0 — Not Applicable,INTERMEDIATE,false
FSIC,Organization & Administrative Skills,FSIC-0407,Handles confidential materials responsibly,SCALE,3 — Independent|2 — With Prompt|1 — Needs Support|0 — Not Applicable,INTERMEDIATE,false
FSIC,Organization & Administrative Skills,FSIC-0408,Retrieves stored materials efficiently,SCALE,3 — Independent|2 — With Prompt|1 — Needs Support|0 — Not Applicable,INTERMEDIATE,false
FSIC,Communication in the Workplace,FSIC-0409,Greets colleagues professionally,SCALE,3 — Independent|2 — With Prompt|1 — Needs Support|0 — Not Applicable,INTERMEDIATE,false
FSIC,Communication in the Workplace,FSIC-0410,Communicates respectfully with supervisors,SCALE,3 — Independent|2 — With Prompt|1 — Needs Support|0 — Not Applicable,INTERMEDIATE,false
FSIC,Communication in the Workplace,FSIC-0411,Asks for clarification when instructions are unclear,SCALE,3 — Independent|2 — With Prompt|1 — Needs Support|0 — Not Applicable,INTERMEDIATE,false
FSIC,Communication in the Workplace,FSIC-0412,Makes work-related phone calls politely,SCALE,3 — Independent|2 — With Prompt|1 — Needs Support|0 — Not Applicable,INTERMEDIATE,false
FSIC,Communication in the Workplace,FSIC-0413,Responds professionally to feedback,SCALE,3 — Independent|2 — With Prompt|1 — Needs Support|0 — Not Applicable,INTERMEDIATE,false
FSIC,Communication in the Workplace,FSIC-0414,Expresses concerns respectfully,SCALE,3 — Independent|2 — With Prompt|1 — Needs Support|0 — Not Applicable,INTERMEDIATE,false
FSIC,Communication in the Workplace,FSIC-0415,Participates in meetings appropriately,SCALE,3 — Independent|2 — With Prompt|1 — Needs Support|0 — Not Applicable,INTERMEDIATE,false
FSIC,Teamwork & Collaboration,FSIC-0416,Shares responsibilities appropriately,SCALE,3 — Independent|2 — With Prompt|1 — Needs Support|0 — Not Applicable,INTERMEDIATE,false
FSIC,Teamwork & Collaboration,FSIC-0417,Accepts constructive criticism positively,SCALE,3 — Independent|2 — With Prompt|1 — Needs Support|0 — Not Applicable,INTERMEDIATE,false
FSIC,Teamwork & Collaboration,FSIC-0418,Resolves disagreements respectfully,SCALE,3 — Independent|2 — With Prompt|1 — Needs Support|0 — Not Applicable,INTERMEDIATE,false
FSIC,Teamwork & Collaboration,FSIC-0419,Waits for others during collaborative tasks,SCALE,3 — Independent|2 — With Prompt|1 — Needs Support|0 — Not Applicable,INTERMEDIATE,false
FSIC,Teamwork & Collaboration,FSIC-0420,Participates actively in team discussions,SCALE,3 — Independent|2 — With Prompt|1 — Needs Support|0 — Not Applicable,INTERMEDIATE,false
FSIC,Teamwork & Collaboration,FSIC-0421,Accepts delegated responsibilities,SCALE,3 — Independent|2 — With Prompt|1 — Needs Support|0 — Not Applicable,INTERMEDIATE,false
FSIC,Teamwork & Collaboration,FSIC-0422,Demonstrates empathy towards coworkers,SCALE,3 — Independent|2 — With Prompt|1 — Needs Support|0 — Not Applicable,INTERMEDIATE,false
FSIC,Customer Service Readiness,FSIC-0423,Maintains eye contact when appropriate,SCALE,3 — Independent|2 — With Prompt|1 — Needs Support|0 — Not Applicable,INTERMEDIATE,false
FSIC,Customer Service Readiness,FSIC-0424,Listens carefully to customer requests,SCALE,3 — Independent|2 — With Prompt|1 — Needs Support|0 — Not Applicable,INTERMEDIATE,false
FSIC,Customer Service Readiness,FSIC-0425,Seeks assistance when unable to help,SCALE,3 — Independent|2 — With Prompt|1 — Needs Support|0 — Not Applicable,INTERMEDIATE,false
FSIC,Customer Service Readiness,FSIC-0426,Demonstrates patience with customers,SCALE,3 — Independent|2 — With Prompt|1 — Needs Support|0 — Not Applicable,INTERMEDIATE,false
FSIC,Customer Service Readiness,FSIC-0427,Handles complaints calmly,SCALE,3 — Independent|2 — With Prompt|1 — Needs Support|0 — Not Applicable,INTERMEDIATE,false
FSIC,Customer Service Readiness,FSIC-0428,Uses polite language consistently,SCALE,3 — Independent|2 — With Prompt|1 — Needs Support|0 — Not Applicable,INTERMEDIATE,false
FSIC,Customer Service Readiness,FSIC-0429,Maintains professional body language,SCALE,3 — Independent|2 — With Prompt|1 — Needs Support|0 — Not Applicable,INTERMEDIATE,false
FSIC,Financial & Retail Readiness,FSIC-0430,Uses calculators appropriately,SCALE,3 — Independent|2 — With Prompt|1 — Needs Support|0 — Not Applicable,INTERMEDIATE,false
FSIC,Financial & Retail Readiness,FSIC-0431,Maintains transaction records,SCALE,3 — Independent|2 — With Prompt|1 — Needs Support|0 — Not Applicable,INTERMEDIATE,false
FSIC,Financial & Retail Readiness,FSIC-0432,Organizes receipts or invoices,SCALE,3 — Independent|2 — With Prompt|1 — Needs Support|0 — Not Applicable,INTERMEDIATE,false
FSIC,Financial & Retail Readiness,FSIC-0433,Understands simple budgeting concepts,SCALE,3 — Independent|2 — With Prompt|1 — Needs Support|0 — Not Applicable,INTERMEDIATE,false
FSIC,Financial & Retail Readiness,FSIC-0434,Handles cash responsibly,SCALE,3 — Independent|2 — With Prompt|1 — Needs Support|0 — Not Applicable,INTERMEDIATE,false
FSIC,Financial & Retail Readiness,FSIC-0435,Recognizes counterfeit or damaged currency when taught,SCALE,3 — Independent|2 — With Prompt|1 — Needs Support|0 — Not Applicable,INTERMEDIATE,false
FSIC,Financial & Retail Readiness,FSIC-0436,Demonstrates honesty in money handling,SCALE,3 — Independent|2 — With Prompt|1 — Needs Support|0 — Not Applicable,INTERMEDIATE,false
FSIC,Financial & Retail Readiness,FSIC-0437,Understands profit and loss basics,SCALE,3 — Independent|2 — With Prompt|1 — Needs Support|0 — Not Applicable,INTERMEDIATE,false
FSIC,Technology & Office Skills,FSIC-0438,Uses keyboard efficiently,SCALE,3 — Independent|2 — With Prompt|1 — Needs Support|0 — Not Applicable,INTERMEDIATE,false
FSIC,Technology & Office Skills,FSIC-0439,Organizes digital files,SCALE,3 — Independent|2 — With Prompt|1 — Needs Support|0 — Not Applicable,INTERMEDIATE,false
FSIC,Technology & Office Skills,FSIC-0440,Uses printers appropriately,SCALE,3 — Independent|2 — With Prompt|1 — Needs Support|0 — Not Applicable,INTERMEDIATE,false
FSIC,Technology & Office Skills,FSIC-0441,Uses email responsibly,SCALE,3 — Independent|2 — With Prompt|1 — Needs Support|0 — Not Applicable,INTERMEDIATE,false
FSIC,Technology & Office Skills,FSIC-0442,Creates simple presentations,SCALE,3 — Independent|2 — With Prompt|1 — Needs Support|0 — Not Applicable,INTERMEDIATE,false
FSIC,Hospitality & Food Service Readiness,FSIC-0443,Follows food hygiene practices,SCALE,3 — Independent|2 — With Prompt|1 — Needs Support|0 — Not Applicable,INTERMEDIATE,false
FSIC,Hospitality & Food Service Readiness,FSIC-0444,Uses kitchen equipment safely,SCALE,3 — Independent|2 — With Prompt|1 — Needs Support|0 — Not Applicable,INTERMEDIATE,false
FSIC,Hospitality & Food Service Readiness,FSIC-0445,Follows recipes accurately,SCALE,3 — Independent|2 — With Prompt|1 — Needs Support|0 — Not Applicable,INTERMEDIATE,false
FSIC,Hospitality & Food Service Readiness,FSIC-0446,Organizes ingredients efficiently,SCALE,3 — Independent|2 — With Prompt|1 — Needs Support|0 — Not Applicable,INTERMEDIATE,false
FSIC,Hospitality & Food Service Readiness,FSIC-0447,Handles customer orders appropriately,SCALE,3 — Independent|2 — With Prompt|1 — Needs Support|0 — Not Applicable,INTERMEDIATE,false
FSIC,Hospitality & Food Service Readiness,FSIC-0448,Maintains cleanliness throughout service,SCALE,3 — Independent|2 — With Prompt|1 — Needs Support|0 — Not Applicable,INTERMEDIATE,false
FSIC,Manufacturing & Assembly Readiness,FSIC-0449,Follows assembly instructions accurately,SCALE,3 — Independent|2 — With Prompt|1 — Needs Support|0 — Not Applicable,INTERMEDIATE,false
FSIC,Manufacturing & Assembly Readiness,FSIC-0450,Maintains consistent work quality,SCALE,3 — Independent|2 — With Prompt|1 — Needs Support|0 — Not Applicable,INTERMEDIATE,false
FSIC,Manufacturing & Assembly Readiness,FSIC-0451,Identifies defective products,SCALE,3 — Independent|2 — With Prompt|1 — Needs Support|0 — Not Applicable,INTERMEDIATE,false
FSIC,Manufacturing & Assembly Readiness,FSIC-0452,Uses measuring tools appropriately,SCALE,3 — Independent|2 — With Prompt|1 — Needs Support|0 — Not Applicable,INTERMEDIATE,false
FSIC,Manufacturing & Assembly Readiness,FSIC-0453,Completes repetitive production tasks,SCALE,3 — Independent|2 — With Prompt|1 — Needs Support|0 — Not Applicable,INTERMEDIATE,false
FSIC,Manufacturing & Assembly Readiness,FSIC-0454,Organizes materials before assembly,SCALE,3 — Independent|2 — With Prompt|1 — Needs Support|0 — Not Applicable,INTERMEDIATE,false
FSIC,Creative & Design Readiness,FSIC-0455,Organizes design materials independently,SCALE,3 — Independent|2 — With Prompt|1 — Needs Support|0 — Not Applicable,INTERMEDIATE,false
FSIC,Creative & Design Readiness,FSIC-0456,Completes projects within deadlines,SCALE,3 — Independent|2 — With Prompt|1 — Needs Support|0 — Not Applicable,INTERMEDIATE,false
FSIC,Creative & Design Readiness,FSIC-0457,Maintains quality standards,SCALE,3 — Independent|2 — With Prompt|1 — Needs Support|0 — Not Applicable,INTERMEDIATE,false
FSIC,Creative & Design Readiness,FSIC-0458,Accepts revisions positively,SCALE,3 — Independent|2 — With Prompt|1 — Needs Support|0 — Not Applicable,INTERMEDIATE,false
FSIC,Creative & Design Readiness,FSIC-0459,Follows client instructions accurately,SCALE,3 — Independent|2 — With Prompt|1 — Needs Support|0 — Not Applicable,INTERMEDIATE,false
FSIC,Creative & Design Readiness,FSIC-0460,Demonstrates creativity within guidelines,SCALE,3 — Independent|2 — With Prompt|1 — Needs Support|0 — Not Applicable,INTERMEDIATE,false
FSIC,Creative & Design Readiness,FSIC-0461,Stores completed work systematically,SCALE,3 — Independent|2 — With Prompt|1 — Needs Support|0 — Not Applicable,INTERMEDIATE,false
FSIC,Creative & Design Readiness,FSIC-0462,Maintains attention to detail,SCALE,3 — Independent|2 — With Prompt|1 — Needs Support|0 — Not Applicable,INTERMEDIATE,false
FSIC,Community & Independent Living,FSIC-0463,Uses public transport appropriately when trained,SCALE,3 — Independent|2 — With Prompt|1 — Needs Support|0 — Not Applicable,INTERMEDIATE,false
FSIC,Community & Independent Living,FSIC-0464,Maintains appointments independently,SCALE,3 — Independent|2 — With Prompt|1 — Needs Support|0 — Not Applicable,INTERMEDIATE,false
FSIC,Community & Independent Living,FSIC-0465,Uses community services appropriately,SCALE,3 — Independent|2 — With Prompt|1 — Needs Support|0 — Not Applicable,INTERMEDIATE,false
FSIC,Community & Independent Living,FSIC-0466,Identifies emergency contacts,SCALE,3 — Independent|2 — With Prompt|1 — Needs Support|0 — Not Applicable,INTERMEDIATE,false
FSIC,Community & Independent Living,FSIC-0467,Demonstrates safe behaviour in public places,SCALE,3 — Independent|2 — With Prompt|1 — Needs Support|0 — Not Applicable,INTERMEDIATE,false
FSIC,Executive Functional Independence,FSIC-0468,Identifies priorities independently,SCALE,3 — Independent|2 — With Prompt|1 — Needs Support|0 — Not Applicable,INTERMEDIATE,false
FSIC,Executive Functional Independence,FSIC-0469,Uses reminders or planners effectively,SCALE,3 — Independent|2 — With Prompt|1 — Needs Support|0 — Not Applicable,INTERMEDIATE,false
FSIC,Executive Functional Independence,FSIC-0470,Completes multi-step projects successfully,SCALE,3 — Independent|2 — With Prompt|1 — Needs Support|0 — Not Applicable,INTERMEDIATE,false
FSIC,Problem Solving & Decision Making,FSIC-0471,Identifies problems independently,SCALE,3 — Independent|2 — With Prompt|1 — Needs Support|0 — Not Applicable,INTERMEDIATE,false
FSIC,Problem Solving & Decision Making,FSIC-0472,Seeks help when necessary,SCALE,3 — Independent|2 — With Prompt|1 — Needs Support|0 — Not Applicable,INTERMEDIATE,false
FSIC,Problem Solving & Decision Making,FSIC-0473,Learns from previous mistakes,SCALE,3 — Independent|2 — With Prompt|1 — Needs Support|0 — Not Applicable,INTERMEDIATE,false
FSIC,Problem Solving & Decision Making,FSIC-0474,Applies past experiences to new situations,SCALE,3 — Independent|2 — With Prompt|1 — Needs Support|0 — Not Applicable,INTERMEDIATE,false
FSIC,Problem Solving & Decision Making,FSIC-0475,Demonstrates logical reasoning during work,SCALE,3 — Independent|2 — With Prompt|1 — Needs Support|0 — Not Applicable,INTERMEDIATE,false
FSIC,Problem Solving & Decision Making,FSIC-0476,Handles unexpected situations calmly,SCALE,3 — Independent|2 — With Prompt|1 — Needs Support|0 — Not Applicable,INTERMEDIATE,false
FSIC,Problem Solving & Decision Making,FSIC-0477,Makes responsible decisions,SCALE,3 — Independent|2 — With Prompt|1 — Needs Support|0 — Not Applicable,INTERMEDIATE,false
FSIC,Emotional & Behavioural Regulation,FSIC-0478,Accepts constructive criticism calmly,SCALE,3 — Independent|2 — With Prompt|1 — Needs Support|0 — Not Applicable,INTERMEDIATE,false
FSIC,Emotional & Behavioural Regulation,FSIC-0479,Recovers after mistakes,SCALE,3 — Independent|2 — With Prompt|1 — Needs Support|0 — Not Applicable,INTERMEDIATE,false
FSIC,Emotional & Behavioural Regulation,FSIC-0480,Maintains emotional control during stress,SCALE,3 — Independent|2 — With Prompt|1 — Needs Support|0 — Not Applicable,INTERMEDIATE,false
FSIC,Emotional & Behavioural Regulation,FSIC-0481,Uses coping strategies independently,SCALE,3 — Independent|2 — With Prompt|1 — Needs Support|0 — Not Applicable,INTERMEDIATE,false
FSIC,Emotional & Behavioural Regulation,FSIC-0482,Demonstrates resilience during difficult tasks,SCALE,3 — Independent|2 — With Prompt|1 — Needs Support|0 — Not Applicable,INTERMEDIATE,false
FSIC,Emotional & Behavioural Regulation,FSIC-0483,Maintains motivation throughout workday,SCALE,3 — Independent|2 — With Prompt|1 — Needs Support|0 — Not Applicable,INTERMEDIATE,false
FSIC,Emotional & Behavioural Regulation,FSIC-0484,Handles disappointment appropriately,SCALE,3 — Independent|2 — With Prompt|1 — Needs Support|0 — Not Applicable,INTERMEDIATE,false
FSIC,Emotional & Behavioural Regulation,FSIC-0485,Demonstrates patience with repetitive tasks,SCALE,3 — Independent|2 — With Prompt|1 — Needs Support|0 — Not Applicable,INTERMEDIATE,false
FSIC,Emotional & Behavioural Regulation,FSIC-0486,Maintains professional behaviour consistently,SCALE,3 — Independent|2 — With Prompt|1 — Needs Support|0 — Not Applicable,INTERMEDIATE,false
FSIC,Career Specific Functional Behaviours,FSIC-0487,Maintains consistency in work performance,SCALE,3 — Independent|2 — With Prompt|1 — Needs Support|0 — Not Applicable,INTERMEDIATE,false
FSIC,Career Specific Functional Behaviours,FSIC-0488,Demonstrates responsibility for assigned duties,SCALE,3 — Independent|2 — With Prompt|1 — Needs Support|0 — Not Applicable,INTERMEDIATE,false
FSIC,Career Specific Functional Behaviours,FSIC-0489,Follows workplace etiquette consistently,SCALE,3 — Independent|2 — With Prompt|1 — Needs Support|0 — Not Applicable,INTERMEDIATE,false
FSIC,Career Specific Functional Behaviours,FSIC-0490,Demonstrates honesty and integrity,SCALE,3 — Independent|2 — With Prompt|1 — Needs Support|0 — Not Applicable,INTERMEDIATE,false
FSIC,Career Specific Functional Behaviours,FSIC-0491,Maintains confidentiality when required,SCALE,3 — Independent|2 — With Prompt|1 — Needs Support|0 — Not Applicable,INTERMEDIATE,false
FSIC,Career Specific Functional Behaviours,FSIC-0492,Demonstrates accountability for actions,SCALE,3 — Independent|2 — With Prompt|1 — Needs Support|0 — Not Applicable,INTERMEDIATE,false
FSIC,Career Specific Functional Behaviours,FSIC-0493,Shows willingness to learn new skills,SCALE,3 — Independent|2 — With Prompt|1 — Needs Support|0 — Not Applicable,INTERMEDIATE,false
FSIC,Career Specific Functional Behaviours,FSIC-0494,Seeks feedback to improve performance,SCALE,3 — Independent|2 — With Prompt|1 — Needs Support|0 — Not Applicable,INTERMEDIATE,false
FSIC,Career Sustainability Indicators,FSIC-0495,Can maintain productive work for 2-3 hours with scheduled breaks,SCALE,3 — Independent|2 — With Prompt|1 — Needs Support|0 — Not Applicable,INTERMEDIATE,false
FSIC,Career Sustainability Indicators,FSIC-0496,Demonstrates readiness for internships or supported employment,SCALE,3 — Independent|2 — With Prompt|1 — Needs Support|0 — Not Applicable,INTERMEDIATE,false
FSIC,Career Sustainability Indicators,FSIC-0497,Demonstrates flexibility across different work environments,SCALE,3 — Independent|2 — With Prompt|1 — Needs Support|0 — Not Applicable,INTERMEDIATE,false
FSIC,Career Sustainability Indicators,FSIC-0498,Accepts role changes when required,SCALE,3 — Independent|2 — With Prompt|1 — Needs Support|0 — Not Applicable,INTERMEDIATE,false
FSIC,Career Sustainability Indicators,FSIC-0499,Demonstrates initiative without overdependence on supervision,SCALE,3 — Independent|2 — With Prompt|1 — Needs Support|0 — Not Applicable,INTERMEDIATE,false
FSIC,Career Sustainability Indicators,FSIC-0500,Shows commitment to long-term goals,SCALE,3 — Independent|2 — With Prompt|1 — Needs Support|0 — Not Applicable,INTERMEDIATE,false
FSIC,Professional Appearance & Self-Care,FSIC-0501,Maintains professional appearance throughout the workday,SCALE,3 — Independent|2 — With Prompt|1 — Needs Support|0 — Not Applicable,ADVANCED,false
FSIC,Professional Appearance & Self-Care,FSIC-0502,Maintains grooming suitable for professional settings,SCALE,3 — Independent|2 — With Prompt|1 — Needs Support|0 — Not Applicable,ADVANCED,false
FSIC,Professional Appearance & Self-Care,FSIC-0503,Recognizes when appearance requires correction,SCALE,3 — Independent|2 — With Prompt|1 — Needs Support|0 — Not Applicable,ADVANCED,false
FSIC,Professional Appearance & Self-Care,FSIC-0504,Maintains cleanliness after physically demanding tasks,SCALE,3 — Independent|2 — With Prompt|1 — Needs Support|0 — Not Applicable,ADVANCED,false
FSIC,Professional Appearance & Self-Care,FSIC-0505,Understands employer expectations regarding appearance,SCALE,3 — Independent|2 — With Prompt|1 — Needs Support|0 — Not Applicable,ADVANCED,false
FSIC,Professional Appearance & Self-Care,FSIC-0506,Demonstrates confidence through professional presentation,SCALE,3 — Independent|2 — With Prompt|1 — Needs Support|0 — Not Applicable,ADVANCED,false
FSIC,Workplace Attendance & Reliability,FSIC-0507,Maintains attendance without supervision,SCALE,3 — Independent|2 — With Prompt|1 — Needs Support|0 — Not Applicable,ADVANCED,false
FSIC,Workplace Attendance & Reliability,FSIC-0508,Follows shift timings independently,SCALE,3 — Independent|2 — With Prompt|1 — Needs Support|0 — Not Applicable,ADVANCED,false
FSIC,Workplace Attendance & Reliability,FSIC-0509,Returns from breaks punctually,SCALE,3 — Independent|2 — With Prompt|1 — Needs Support|0 — Not Applicable,ADVANCED,false
FSIC,Workplace Attendance & Reliability,FSIC-0510,Demonstrates reliability across weeks and months,SCALE,3 — Independent|2 — With Prompt|1 — Needs Support|0 — Not Applicable,ADVANCED,false
FSIC,Workplace Attendance & Reliability,FSIC-0511,Understands consequences of absenteeism,SCALE,3 — Independent|2 — With Prompt|1 — Needs Support|0 — Not Applicable,ADVANCED,false
FSIC,Workplace Attendance & Reliability,FSIC-0512,Maintains consistency during changing schedules,SCALE,3 — Independent|2 — With Prompt|1 — Needs Support|0 — Not Applicable,ADVANCED,false
FSIC,Work Planning & Productivity,FSIC-0513,Completes assignments within deadlines,SCALE,3 — Independent|2 — With Prompt|1 — Needs Support|0 — Not Applicable,ADVANCED,false
FSIC,Work Planning & Productivity,FSIC-0514,Maintains productivity throughout the workday,SCALE,3 — Independent|2 — With Prompt|1 — Needs Support|0 — Not Applicable,ADVANCED,false
FSIC,Work Planning & Productivity,FSIC-0515,Handles multiple assignments simultaneously,SCALE,3 — Independent|2 — With Prompt|1 — Needs Support|0 — Not Applicable,ADVANCED,false
FSIC,Work Planning & Productivity,FSIC-0516,Demonstrates consistency across repetitive tasks,SCALE,3 — Independent|2 — With Prompt|1 — Needs Support|0 — Not Applicable,ADVANCED,false
FSIC,Work Planning & Productivity,FSIC-0517,Maintains focus despite workplace distractions,SCALE,3 — Independent|2 — With Prompt|1 — Needs Support|0 — Not Applicable,ADVANCED,false
FSIC,Executive Function & Organization,FSIC-0518,Organizes physical workspace efficiently,SCALE,3 — Independent|2 — With Prompt|1 — Needs Support|0 — Not Applicable,ADVANCED,false
FSIC,Executive Function & Organization,FSIC-0519,Organizes digital files systematically,SCALE,3 — Independent|2 — With Prompt|1 — Needs Support|0 — Not Applicable,ADVANCED,false
FSIC,Executive Function & Organization,FSIC-0520,Maintains inventory of required materials,SCALE,3 — Independent|2 — With Prompt|1 — Needs Support|0 — Not Applicable,ADVANCED,false
FSIC,Executive Function & Organization,FSIC-0521,Uses planners or calendars independently,SCALE,3 — Independent|2 — With Prompt|1 — Needs Support|0 — Not Applicable,ADVANCED,false
FSIC,Executive Function & Organization,FSIC-0522,Maintains documentation accurately,SCALE,3 — Independent|2 — With Prompt|1 — Needs Support|0 — Not Applicable,ADVANCED,false
FSIC,Executive Function & Organization,FSIC-0523,Creates checklists when necessary,SCALE,3 — Independent|2 — With Prompt|1 — Needs Support|0 — Not Applicable,ADVANCED,false
FSIC,Executive Function & Organization,FSIC-0524,Follows complex schedules independently,SCALE,3 — Independent|2 — With Prompt|1 — Needs Support|0 — Not Applicable,ADVANCED,false
FSIC,Professional Communication,FSIC-0525,Communicates respectfully with supervisors,SCALE,3 — Independent|2 — With Prompt|1 — Needs Support|0 — Not Applicable,ADVANCED,false
FSIC,Professional Communication,FSIC-0526,Communicates professionally with colleagues,SCALE,3 — Independent|2 — With Prompt|1 — Needs Support|0 — Not Applicable,ADVANCED,false
FSIC,Professional Communication,FSIC-0527,Handles workplace phone conversations independently,SCALE,3 — Independent|2 — With Prompt|1 — Needs Support|0 — Not Applicable,ADVANCED,false
FSIC,Professional Communication,FSIC-0528,Explains problems clearly and logically,SCALE,3 — Independent|2 — With Prompt|1 — Needs Support|0 — Not Applicable,ADVANCED,false
FSIC,Professional Communication,FSIC-0529,Requests clarification without hesitation,SCALE,3 — Independent|2 — With Prompt|1 — Needs Support|0 — Not Applicable,ADVANCED,false
FSIC,Professional Communication,FSIC-0530,Participates confidently in meetings,SCALE,3 — Independent|2 — With Prompt|1 — Needs Support|0 — Not Applicable,ADVANCED,false
FSIC,Teamwork & Workplace Relationships,FSIC-0531,Accepts feedback positively,SCALE,3 — Independent|2 — With Prompt|1 — Needs Support|0 — Not Applicable,ADVANCED,false
FSIC,Teamwork & Workplace Relationships,FSIC-0532,Resolves disagreements professionally,SCALE,3 — Independent|2 — With Prompt|1 — Needs Support|0 — Not Applicable,ADVANCED,false
FSIC,Teamwork & Workplace Relationships,FSIC-0533,Demonstrates empathy toward colleagues,SCALE,3 — Independent|2 — With Prompt|1 — Needs Support|0 — Not Applicable,ADVANCED,false
FSIC,Teamwork & Workplace Relationships,FSIC-0534,Shares responsibilities fairly,SCALE,3 — Independent|2 — With Prompt|1 — Needs Support|0 — Not Applicable,ADVANCED,false
FSIC,Teamwork & Workplace Relationships,FSIC-0535,Maintains healthy professional boundaries,SCALE,3 — Independent|2 — With Prompt|1 — Needs Support|0 — Not Applicable,ADVANCED,false
FSIC,Teamwork & Workplace Relationships,FSIC-0536,Builds positive workplace relationships,SCALE,3 — Independent|2 — With Prompt|1 — Needs Support|0 — Not Applicable,ADVANCED,false
FSIC,Customer & Public Interaction,FSIC-0537,Greets customers professionally,SCALE,3 — Independent|2 — With Prompt|1 — Needs Support|0 — Not Applicable,ADVANCED,false
FSIC,Customer & Public Interaction,FSIC-0538,Maintains calm during difficult interactions,SCALE,3 — Independent|2 — With Prompt|1 — Needs Support|0 — Not Applicable,ADVANCED,false
FSIC,Customer & Public Interaction,FSIC-0539,Handles complaints appropriately,SCALE,3 — Independent|2 — With Prompt|1 — Needs Support|0 — Not Applicable,ADVANCED,false
FSIC,Customer & Public Interaction,FSIC-0540,Demonstrates patience with diverse individuals,SCALE,3 — Independent|2 — With Prompt|1 — Needs Support|0 — Not Applicable,ADVANCED,false
FSIC,Customer & Public Interaction,FSIC-0541,Maintains positive body language,SCALE,3 — Independent|2 — With Prompt|1 — Needs Support|0 — Not Applicable,ADVANCED,false
FSIC,Customer & Public Interaction,FSIC-0542,Uses courteous language consistently,SCALE,3 — Independent|2 — With Prompt|1 — Needs Support|0 — Not Applicable,ADVANCED,false
FSIC,Financial Independence,FSIC-0543,Maintains personal budget,SCALE,3 — Independent|2 — With Prompt|1 — Needs Support|0 — Not Applicable,ADVANCED,false
FSIC,Financial Independence,FSIC-0544,Uses ATM or digital banking safely,SCALE,3 — Independent|2 — With Prompt|1 — Needs Support|0 — Not Applicable,ADVANCED,false
FSIC,Financial Independence,FSIC-0545,Pays bills on time,SCALE,3 — Independent|2 — With Prompt|1 — Needs Support|0 — Not Applicable,ADVANCED,false
FSIC,Financial Independence,FSIC-0546,Makes informed purchasing decisions,SCALE,3 — Independent|2 — With Prompt|1 — Needs Support|0 — Not Applicable,ADVANCED,false
FSIC,Financial Independence,FSIC-0547,Identifies fraudulent financial situations,SCALE,3 — Independent|2 — With Prompt|1 — Needs Support|0 — Not Applicable,ADVANCED,false
FSIC,Financial Independence,FSIC-0548,"Understands loans, interest, and savings",SCALE,3 — Independent|2 — With Prompt|1 — Needs Support|0 — Not Applicable,ADVANCED,false
FSIC,Financial Independence,FSIC-0549,Demonstrates responsible financial behaviour,SCALE,3 — Independent|2 — With Prompt|1 — Needs Support|0 — Not Applicable,ADVANCED,false
FSIC,Technology & Digital Independence,FSIC-0550,Uses computers confidently for work tasks,SCALE,3 — Independent|2 — With Prompt|1 — Needs Support|0 — Not Applicable,ADVANCED,false
FSIC,Technology & Digital Independence,FSIC-0551,Organizes digital documents systematically,SCALE,3 — Independent|2 — With Prompt|1 — Needs Support|0 — Not Applicable,ADVANCED,false
FSIC,Technology & Digital Independence,FSIC-0552,Uses spreadsheets and office software appropriately,SCALE,3 — Independent|2 — With Prompt|1 — Needs Support|0 — Not Applicable,ADVANCED,false
FSIC,Technology & Digital Independence,FSIC-0553,Uses email professionally,SCALE,3 — Independent|2 — With Prompt|1 — Needs Support|0 — Not Applicable,ADVANCED,false
FSIC,Technology & Digital Independence,FSIC-0554,Identifies phishing or online scams,SCALE,3 — Independent|2 — With Prompt|1 — Needs Support|0 — Not Applicable,ADVANCED,false
FSIC,Technology & Digital Independence,FSIC-0555,Uses productivity tools independently,SCALE,3 — Independent|2 — With Prompt|1 — Needs Support|0 — Not Applicable,ADVANCED,false
FSIC,Technology & Digital Independence,FSIC-0556,Learns new software with minimal support,SCALE,3 — Independent|2 — With Prompt|1 — Needs Support|0 — Not Applicable,ADVANCED,false
FSIC,Technology & Digital Independence,FSIC-0557,Maintains digital etiquette in communication,SCALE,3 — Independent|2 — With Prompt|1 — Needs Support|0 — Not Applicable,ADVANCED,false
FSIC,Independent Living Skills,FSIC-0558,Maintains household cleanliness,SCALE,3 — Independent|2 — With Prompt|1 — Needs Support|0 — Not Applicable,ADVANCED,false
FSIC,Independent Living Skills,FSIC-0559,Washes and organizes clothing,SCALE,3 — Independent|2 — With Prompt|1 — Needs Support|0 — Not Applicable,ADVANCED,false
FSIC,Independent Living Skills,FSIC-0560,Maintains personal documents safely,SCALE,3 — Independent|2 — With Prompt|1 — Needs Support|0 — Not Applicable,ADVANCED,false
FSIC,Independent Living Skills,FSIC-0561,Handles unexpected household problems appropriately,SCALE,3 — Independent|2 — With Prompt|1 — Needs Support|0 — Not Applicable,ADVANCED,false
FSIC,Independent Living Skills,FSIC-0562,Demonstrates responsibility for daily living tasks,SCALE,3 — Independent|2 — With Prompt|1 — Needs Support|0 — Not Applicable,ADVANCED,false
FSIC,Community Participation,FSIC-0563,Uses public services confidently,SCALE,3 — Independent|2 — With Prompt|1 — Needs Support|0 — Not Applicable,ADVANCED,false
FSIC,Community Participation,FSIC-0564,Participates in community activities responsibly,SCALE,3 — Independent|2 — With Prompt|1 — Needs Support|0 — Not Applicable,ADVANCED,false
FSIC,Community Participation,FSIC-0565,Understands civic responsibilities,SCALE,3 — Independent|2 — With Prompt|1 — Needs Support|0 — Not Applicable,ADVANCED,false
FSIC,Community Participation,FSIC-0566,Seeks assistance appropriately when needed,SCALE,3 — Independent|2 — With Prompt|1 — Needs Support|0 — Not Applicable,ADVANCED,false
FSIC,Community Participation,FSIC-0567,Uses emergency services appropriately,SCALE,3 — Independent|2 — With Prompt|1 — Needs Support|0 — Not Applicable,ADVANCED,false
FSIC,Community Participation,FSIC-0568,Demonstrates safe behaviour in public places,SCALE,3 — Independent|2 — With Prompt|1 — Needs Support|0 — Not Applicable,ADVANCED,false
FSIC,Community Participation,FSIC-0569,Understands legal and social expectations,SCALE,3 — Independent|2 — With Prompt|1 — Needs Support|0 — Not Applicable,ADVANCED,false
FSIC,Workplace Safety,FSIC-0570,Uses personal protective equipment correctly,SCALE,3 — Independent|2 — With Prompt|1 — Needs Support|0 — Not Applicable,ADVANCED,false
FSIC,Workplace Safety,FSIC-0571,Identifies workplace hazards independently,SCALE,3 — Independent|2 — With Prompt|1 — Needs Support|0 — Not Applicable,ADVANCED,false
FSIC,Workplace Safety,FSIC-0572,Follows emergency evacuation procedures,SCALE,3 — Independent|2 — With Prompt|1 — Needs Support|0 — Not Applicable,ADVANCED,false
FSIC,Workplace Safety,FSIC-0573,Handles equipment responsibly,SCALE,3 — Independent|2 — With Prompt|1 — Needs Support|0 — Not Applicable,ADVANCED,false
FSIC,Workplace Safety,FSIC-0574,Maintains safe lifting techniques when applicable,SCALE,3 — Independent|2 — With Prompt|1 — Needs Support|0 — Not Applicable,ADVANCED,false
FSIC,Workplace Safety,FSIC-0575,Demonstrates awareness of occupational health practices,SCALE,3 — Independent|2 — With Prompt|1 — Needs Support|0 — Not Applicable,ADVANCED,false
FSIC,Workplace Safety,FSIC-0576,Follows organizational policies consistently,SCALE,3 — Independent|2 — With Prompt|1 — Needs Support|0 — Not Applicable,ADVANCED,false
FSIC,Adaptability & Flexibility,FSIC-0577,Adjusts to new responsibilities independently,SCALE,3 — Independent|2 — With Prompt|1 — Needs Support|0 — Not Applicable,ADVANCED,false
FSIC,Adaptability & Flexibility,FSIC-0578,Learns new procedures efficiently,SCALE,3 — Independent|2 — With Prompt|1 — Needs Support|0 — Not Applicable,ADVANCED,false
FSIC,Adaptability & Flexibility,FSIC-0579,Accepts organizational changes positively,SCALE,3 — Independent|2 — With Prompt|1 — Needs Support|0 — Not Applicable,ADVANCED,false
FSIC,Adaptability & Flexibility,FSIC-0580,Demonstrates resilience during transitions,SCALE,3 — Independent|2 — With Prompt|1 — Needs Support|0 — Not Applicable,ADVANCED,false
FSIC,Adaptability & Flexibility,FSIC-0581,Maintains performance despite unexpected events,SCALE,3 — Independent|2 — With Prompt|1 — Needs Support|0 — Not Applicable,ADVANCED,false
FSIC,Adaptability & Flexibility,FSIC-0582,Accepts role modifications when necessary,SCALE,3 — Independent|2 — With Prompt|1 — Needs Support|0 — Not Applicable,ADVANCED,false
FSIC,Adaptability & Flexibility,FSIC-0583,Shows willingness to learn continuously,SCALE,3 — Independent|2 — With Prompt|1 — Needs Support|0 — Not Applicable,ADVANCED,false
FSIC,Decision Making & Problem Solving,FSIC-0584,Identifies workplace problems independently,SCALE,3 — Independent|2 — With Prompt|1 — Needs Support|0 — Not Applicable,ADVANCED,false
FSIC,Decision Making & Problem Solving,FSIC-0585,Makes informed decisions independently,SCALE,3 — Independent|2 — With Prompt|1 — Needs Support|0 — Not Applicable,ADVANCED,false
FSIC,Decision Making & Problem Solving,FSIC-0586,Learns from previous mistakes,SCALE,3 — Independent|2 — With Prompt|1 — Needs Support|0 — Not Applicable,ADVANCED,false
FSIC,Decision Making & Problem Solving,FSIC-0587,Demonstrates sound judgement during emergencies,SCALE,3 — Independent|2 — With Prompt|1 — Needs Support|0 — Not Applicable,ADVANCED,false
FSIC,Decision Making & Problem Solving,FSIC-0588,Seeks consultation when appropriate,SCALE,3 — Independent|2 — With Prompt|1 — Needs Support|0 — Not Applicable,ADVANCED,false
FSIC,Leadership & Initiative,FSIC-0589,Takes responsibility without prompting,SCALE,3 — Independent|2 — With Prompt|1 — Needs Support|0 — Not Applicable,ADVANCED,false
FSIC,Leadership & Initiative,FSIC-0590,Demonstrates accountability for decisions,SCALE,3 — Independent|2 — With Prompt|1 — Needs Support|0 — Not Applicable,ADVANCED,false
FSIC,Leadership & Initiative,FSIC-0591,Motivates others positively,SCALE,3 — Independent|2 — With Prompt|1 — Needs Support|0 — Not Applicable,ADVANCED,false
FSIC,Leadership & Initiative,FSIC-0592,Demonstrates confidence in leadership situations,SCALE,3 — Independent|2 — With Prompt|1 — Needs Support|0 — Not Applicable,ADVANCED,false
FSIC,Leadership & Initiative,FSIC-0593,Takes initiative to improve workplace processes,SCALE,3 — Independent|2 — With Prompt|1 — Needs Support|0 — Not Applicable,ADVANCED,false
FSIC,Work Ethics & Professional Conduct,FSIC-0594,Demonstrates honesty in all tasks,SCALE,3 — Independent|2 — With Prompt|1 — Needs Support|0 — Not Applicable,ADVANCED,false
FSIC,Work Ethics & Professional Conduct,FSIC-0595,Maintains confidentiality appropriately,SCALE,3 — Independent|2 — With Prompt|1 — Needs Support|0 — Not Applicable,ADVANCED,false
FSIC,Work Ethics & Professional Conduct,FSIC-0596,Accepts responsibility for mistakes,SCALE,3 — Independent|2 — With Prompt|1 — Needs Support|0 — Not Applicable,ADVANCED,false
FSIC,Work Ethics & Professional Conduct,FSIC-0597,Follows organizational policies consistently,SCALE,3 — Independent|2 — With Prompt|1 — Needs Support|0 — Not Applicable,ADVANCED,false
FSIC,Work Ethics & Professional Conduct,FSIC-0598,Demonstrates integrity during challenging situations,SCALE,3 — Independent|2 — With Prompt|1 — Needs Support|0 — Not Applicable,ADVANCED,false
FSIC,Work Ethics & Professional Conduct,FSIC-0599,Uses resources responsibly,SCALE,3 — Independent|2 — With Prompt|1 — Needs Support|0 — Not Applicable,ADVANCED,false
FSIC,Work Ethics & Professional Conduct,FSIC-0600,Demonstrates commitment to assigned duties,SCALE,3 — Independent|2 — With Prompt|1 — Needs Support|0 — Not Applicable,ADVANCED,false
FSIC,Work Ethics & Professional Conduct,FSIC-0601,Maintains professionalism under stress,SCALE,3 — Independent|2 — With Prompt|1 — Needs Support|0 — Not Applicable,ADVANCED,false
FSIC,Career Management,FSIC-0602,Identifies personal career goals clearly,SCALE,3 — Independent|2 — With Prompt|1 — Needs Support|0 — Not Applicable,ADVANCED,false
FSIC,Career Management,FSIC-0603,Seeks opportunities for skill development,SCALE,3 — Independent|2 — With Prompt|1 — Needs Support|0 — Not Applicable,ADVANCED,false
FSIC,Career Management,FSIC-0604,Accepts constructive career feedback,SCALE,3 — Independent|2 — With Prompt|1 — Needs Support|0 — Not Applicable,ADVANCED,false
FSIC,Career Management,FSIC-0605,Identifies strengths and areas for improvement,SCALE,3 — Independent|2 — With Prompt|1 — Needs Support|0 — Not Applicable,ADVANCED,false
FSIC,Career Management,FSIC-0606,Demonstrates commitment to lifelong learning,SCALE,3 — Independent|2 — With Prompt|1 — Needs Support|0 — Not Applicable,ADVANCED,false
FSIC,Entrepreneurship & Business Readiness,FSIC-0607,Identifies business opportunities independently,SCALE,3 — Independent|2 — With Prompt|1 — Needs Support|0 — Not Applicable,ADVANCED,false
FSIC,Entrepreneurship & Business Readiness,FSIC-0608,Maintains records of sales or services,SCALE,3 — Independent|2 — With Prompt|1 — Needs Support|0 — Not Applicable,ADVANCED,false
FSIC,Entrepreneurship & Business Readiness,FSIC-0609,Demonstrates financial accountability in business activities,SCALE,3 — Independent|2 — With Prompt|1 — Needs Support|0 — Not Applicable,ADVANCED,false
FSIC,Entrepreneurship & Business Readiness,FSIC-0610,Shows initiative and innovation in self-employment opportunities,SCALE,3 — Independent|2 — With Prompt|1 — Needs Support|0 — Not Applicable,ADVANCED,false
FSIC,Career Sustainability Indicators,FSIC-0611,Maintains employment-related responsibilities consistently over time,SCALE,3 — Independent|2 — With Prompt|1 — Needs Support|0 — Not Applicable,ADVANCED,false
FSIC,Career Sustainability Indicators,FSIC-0612,Demonstrates independence with minimal supervision,SCALE,3 — Independent|2 — With Prompt|1 — Needs Support|0 — Not Applicable,ADVANCED,false
FSIC,Career Sustainability Indicators,FSIC-0613,Maintains productivity throughout a full workday,SCALE,3 — Independent|2 — With Prompt|1 — Needs Support|0 — Not Applicable,ADVANCED,false
FSIC,Career Sustainability Indicators,FSIC-0614,Demonstrates resilience after workplace setbacks,SCALE,3 — Independent|2 — With Prompt|1 — Needs Support|0 — Not Applicable,ADVANCED,false
FSIC,Career Sustainability Indicators,FSIC-0615,Applies previous learning to new work situations,SCALE,3 — Independent|2 — With Prompt|1 — Needs Support|0 — Not Applicable,ADVANCED,false
FSIC,Career Sustainability Indicators,FSIC-0616,Accepts promotions or expanded responsibilities appropriately,SCALE,3 — Independent|2 — With Prompt|1 — Needs Support|0 — Not Applicable,ADVANCED,false
FSIC,Career Sustainability Indicators,FSIC-0617,Demonstrates readiness for competitive employment or entrepreneurship,SCALE,3 — Independent|2 — With Prompt|1 — Needs Support|0 — Not Applicable,ADVANCED,false
FSIC,Career Sustainability Indicators,FSIC-0618,Identifies when accommodations are needed and requests them appropriately,SCALE,3 — Independent|2 — With Prompt|1 — Needs Support|0 — Not Applicable,ADVANCED,false
FSIC,Career Sustainability Indicators,FSIC-0619,Shows behaviours that support long-term career retention and advancement,SCALE,3 — Independent|2 — With Prompt|1 — Needs Support|0 — Not Applicable,ADVANCED,false
BWRS,Emotional Regulation,BWRS-0001,"Identifies basic emotions such as happy, sad, angry, and scared.",SCALE,3 — Consistent|2 — Emerging|1 — Needs support|0 — Not yet,EARLY_CHILDHOOD,false
BWRS,Emotional Regulation,BWRS-0002,"Expresses feelings appropriately using words, gestures, or visuals.",SCALE,3 — Consistent|2 — Emerging|1 — Needs support|0 — Not yet,EARLY_CHILDHOOD,false
BWRS,Emotional Regulation,BWRS-0003,Recovers from disappointment within a reasonable time.,SCALE,3 — Consistent|2 — Emerging|1 — Needs support|0 — Not yet,EARLY_CHILDHOOD,false
BWRS,Emotional Regulation,BWRS-0004,"Accepts ""no"" without prolonged distress.",SCALE,3 — Consistent|2 — Emerging|1 — Needs support|0 — Not yet,EARLY_CHILDHOOD,false
BWRS,Emotional Regulation,BWRS-0005,Waits briefly for preferred activities.,SCALE,3 — Consistent|2 — Emerging|1 — Needs support|0 — Not yet,EARLY_CHILDHOOD,false
BWRS,Emotional Regulation,BWRS-0006,Uses calming strategies when upset.,SCALE,3 — Consistent|2 — Emerging|1 — Needs support|0 — Not yet,EARLY_CHILDHOOD,false
BWRS,Emotional Regulation,BWRS-0007,Seeks comfort appropriately when distressed.,SCALE,3 — Consistent|2 — Emerging|1 — Needs support|0 — Not yet,EARLY_CHILDHOOD,false
BWRS,Emotional Regulation,BWRS-0008,Accepts minor changes in routine.,SCALE,3 — Consistent|2 — Emerging|1 — Needs support|0 — Not yet,EARLY_CHILDHOOD,false
BWRS,Emotional Regulation,BWRS-0009,Continues activity after small mistakes.,SCALE,3 — Consistent|2 — Emerging|1 — Needs support|0 — Not yet,EARLY_CHILDHOOD,false
BWRS,Emotional Regulation,BWRS-0010,Demonstrates emotional stability during structured activities.,SCALE,3 — Consistent|2 — Emerging|1 — Needs support|0 — Not yet,EARLY_CHILDHOOD,false
BWRS,Social Communication,BWRS-0011,Greets familiar adults appropriately.,SCALE,3 — Consistent|2 — Emerging|1 — Needs support|0 — Not yet,EARLY_CHILDHOOD,false
BWRS,Social Communication,BWRS-0012,Responds when greeted.,SCALE,3 — Consistent|2 — Emerging|1 — Needs support|0 — Not yet,EARLY_CHILDHOOD,false
BWRS,Social Communication,BWRS-0013,Maintains appropriate eye contact when comfortable.,SCALE,3 — Consistent|2 — Emerging|1 — Needs support|0 — Not yet,EARLY_CHILDHOOD,false
BWRS,Social Communication,BWRS-0014,Uses polite words such as please and thank you.,SCALE,3 — Consistent|2 — Emerging|1 — Needs support|0 — Not yet,EARLY_CHILDHOOD,false
BWRS,Social Communication,BWRS-0015,Requests help appropriately.,SCALE,3 — Consistent|2 — Emerging|1 — Needs support|0 — Not yet,EARLY_CHILDHOOD,false
BWRS,Social Communication,BWRS-0016,Expresses wants and needs clearly.,SCALE,3 — Consistent|2 — Emerging|1 — Needs support|0 — Not yet,EARLY_CHILDHOOD,false
BWRS,Social Communication,BWRS-0017,Responds when name is called.,SCALE,3 — Consistent|2 — Emerging|1 — Needs support|0 — Not yet,EARLY_CHILDHOOD,false
BWRS,Social Communication,BWRS-0018,Listens while others are speaking.,SCALE,3 — Consistent|2 — Emerging|1 — Needs support|0 — Not yet,EARLY_CHILDHOOD,false
BWRS,Social Communication,BWRS-0019,Takes turns during conversations.,SCALE,3 — Consistent|2 — Emerging|1 — Needs support|0 — Not yet,EARLY_CHILDHOOD,false
BWRS,Social Communication,BWRS-0020,Introduces self when asked.,SCALE,3 — Consistent|2 — Emerging|1 — Needs support|0 — Not yet,EARLY_CHILDHOOD,false
BWRS,Instruction Following,BWRS-0021,Follows one-step instructions.,SCALE,3 — Consistent|2 — Emerging|1 — Needs support|0 — Not yet,EARLY_CHILDHOOD,false
BWRS,Instruction Following,BWRS-0022,Follows two-step instructions.,SCALE,3 — Consistent|2 — Emerging|1 — Needs support|0 — Not yet,EARLY_CHILDHOOD,false
BWRS,Instruction Following,BWRS-0023,Stops activity when instructed.,SCALE,3 — Consistent|2 — Emerging|1 — Needs support|0 — Not yet,EARLY_CHILDHOOD,false
BWRS,Instruction Following,BWRS-0024,Waits for permission before starting certain activities.,SCALE,3 — Consistent|2 — Emerging|1 — Needs support|0 — Not yet,EARLY_CHILDHOOD,false
BWRS,Instruction Following,BWRS-0025,Completes instructions without repeated reminders.,SCALE,3 — Consistent|2 — Emerging|1 — Needs support|0 — Not yet,EARLY_CHILDHOOD,false
BWRS,Instruction Following,BWRS-0026,Follows classroom routines.,SCALE,3 — Consistent|2 — Emerging|1 — Needs support|0 — Not yet,EARLY_CHILDHOOD,false
BWRS,Instruction Following,BWRS-0027,Responds appropriately to visual cues.,SCALE,3 — Consistent|2 — Emerging|1 — Needs support|0 — Not yet,EARLY_CHILDHOOD,false
BWRS,Instruction Following,BWRS-0028,Understands first-then directions.,SCALE,3 — Consistent|2 — Emerging|1 — Needs support|0 — Not yet,EARLY_CHILDHOOD,false
BWRS,Instruction Following,BWRS-0029,Carries out instructions accurately.,SCALE,3 — Consistent|2 — Emerging|1 — Needs support|0 — Not yet,EARLY_CHILDHOOD,false
BWRS,Instruction Following,BWRS-0030,Seeks clarification when confused.,SCALE,3 — Consistent|2 — Emerging|1 — Needs support|0 — Not yet,EARLY_CHILDHOOD,false
BWRS,Peer Interaction,BWRS-0031,Shares toys willingly.,SCALE,3 — Consistent|2 — Emerging|1 — Needs support|0 — Not yet,EARLY_CHILDHOOD,false
BWRS,Peer Interaction,BWRS-0032,Takes turns during play.,SCALE,3 — Consistent|2 — Emerging|1 — Needs support|0 — Not yet,EARLY_CHILDHOOD,false
BWRS,Peer Interaction,BWRS-0033,Participates in cooperative activities.,SCALE,3 — Consistent|2 — Emerging|1 — Needs support|0 — Not yet,EARLY_CHILDHOOD,false
BWRS,Peer Interaction,BWRS-0034,Waits patiently for peers.,SCALE,3 — Consistent|2 — Emerging|1 — Needs support|0 — Not yet,EARLY_CHILDHOOD,false
BWRS,Peer Interaction,BWRS-0035,Invites others to join play.,SCALE,3 — Consistent|2 — Emerging|1 — Needs support|0 — Not yet,EARLY_CHILDHOOD,false
BWRS,Peer Interaction,BWRS-0036,Accepts losing during games.,SCALE,3 — Consistent|2 — Emerging|1 — Needs support|0 — Not yet,EARLY_CHILDHOOD,false
BWRS,Peer Interaction,BWRS-0037,Comforts upset peers appropriately.,SCALE,3 — Consistent|2 — Emerging|1 — Needs support|0 — Not yet,EARLY_CHILDHOOD,false
BWRS,Peer Interaction,BWRS-0038,Avoids aggressive behaviours.,SCALE,3 — Consistent|2 — Emerging|1 — Needs support|0 — Not yet,EARLY_CHILDHOOD,false
BWRS,Peer Interaction,BWRS-0039,Respects personal space.,SCALE,3 — Consistent|2 — Emerging|1 — Needs support|0 — Not yet,EARLY_CHILDHOOD,false
BWRS,Peer Interaction,BWRS-0040,Participates positively in group activities.,SCALE,3 — Consistent|2 — Emerging|1 — Needs support|0 — Not yet,EARLY_CHILDHOOD,false
BWRS,Task Participation,BWRS-0041,Starts assigned activities willingly.,SCALE,3 — Consistent|2 — Emerging|1 — Needs support|0 — Not yet,EARLY_CHILDHOOD,false
BWRS,Task Participation,BWRS-0042,Completes short tasks independently.,SCALE,3 — Consistent|2 — Emerging|1 — Needs support|0 — Not yet,EARLY_CHILDHOOD,false
BWRS,Task Participation,BWRS-0043,Remains seated during structured work.,SCALE,3 — Consistent|2 — Emerging|1 — Needs support|0 — Not yet,EARLY_CHILDHOOD,false
BWRS,Task Participation,BWRS-0044,Maintains attention for 5-10 minutes.,SCALE,3 — Consistent|2 — Emerging|1 — Needs support|0 — Not yet,EARLY_CHILDHOOD,false
BWRS,Task Participation,BWRS-0045,Continues despite minor difficulties.,SCALE,3 — Consistent|2 — Emerging|1 — Needs support|0 — Not yet,EARLY_CHILDHOOD,false
BWRS,Task Participation,BWRS-0046,Returns to unfinished work.,SCALE,3 — Consistent|2 — Emerging|1 — Needs support|0 — Not yet,EARLY_CHILDHOOD,false
BWRS,Task Participation,BWRS-0047,Demonstrates pride after completion.,SCALE,3 — Consistent|2 — Emerging|1 — Needs support|0 — Not yet,EARLY_CHILDHOOD,false
BWRS,Task Participation,BWRS-0048,Participates consistently during circle time.,SCALE,3 — Consistent|2 — Emerging|1 — Needs support|0 — Not yet,EARLY_CHILDHOOD,false
BWRS,Task Participation,BWRS-0049,Cleans up after activities.,SCALE,3 — Consistent|2 — Emerging|1 — Needs support|0 — Not yet,EARLY_CHILDHOOD,false
BWRS,Task Participation,BWRS-0050,Follows task boundaries.,SCALE,3 — Consistent|2 — Emerging|1 — Needs support|0 — Not yet,EARLY_CHILDHOOD,false
BWRS,Adaptability & Flexibility,BWRS-0051,Transitions between activities smoothly.,SCALE,3 — Consistent|2 — Emerging|1 — Needs support|0 — Not yet,EARLY_CHILDHOOD,false
BWRS,Adaptability & Flexibility,BWRS-0052,Accepts changes in schedule.,SCALE,3 — Consistent|2 — Emerging|1 — Needs support|0 — Not yet,EARLY_CHILDHOOD,false
BWRS,Adaptability & Flexibility,BWRS-0053,Tries unfamiliar activities.,SCALE,3 — Consistent|2 — Emerging|1 — Needs support|0 — Not yet,EARLY_CHILDHOOD,false
BWRS,Adaptability & Flexibility,BWRS-0054,Adapts to different teachers or caregivers.,SCALE,3 — Consistent|2 — Emerging|1 — Needs support|0 — Not yet,EARLY_CHILDHOOD,false
BWRS,Accepts different seating arrangements.,BWRS-0055,Shares preferred materials.,SCALE,3 — Consistent|2 — Emerging|1 — Needs support|0 — Not yet,EARLY_CHILDHOOD,false
BWRS,Accepts different seating arrangements.,BWRS-0056,Switches between activities without distress.,SCALE,3 — Consistent|2 — Emerging|1 — Needs support|0 — Not yet,EARLY_CHILDHOOD,false
BWRS,Accepts different seating arrangements.,BWRS-0057,Accepts unexpected changes calmly.,SCALE,3 — Consistent|2 — Emerging|1 — Needs support|0 — Not yet,EARLY_CHILDHOOD,false
BWRS,Accepts different seating arrangements.,BWRS-0058,Participates in new environments.,SCALE,3 — Consistent|2 — Emerging|1 — Needs support|0 — Not yet,EARLY_CHILDHOOD,false
BWRS,Accepts different seating arrangements.,BWRS-0059,Demonstrates curiosity towards unfamiliar experiences.,SCALE,3 — Consistent|2 — Emerging|1 — Needs support|0 — Not yet,EARLY_CHILDHOOD,false
BWRS,Initiative & Independence,BWRS-0060,Begins simple tasks independently.,SCALE,3 — Consistent|2 — Emerging|1 — Needs support|0 — Not yet,EARLY_CHILDHOOD,false
BWRS,Initiative & Independence,BWRS-0061,Chooses activities without excessive prompting.,SCALE,3 — Consistent|2 — Emerging|1 — Needs support|0 — Not yet,EARLY_CHILDHOOD,false
BWRS,Initiative & Independence,BWRS-0062,Attempts to solve simple problems independently.,SCALE,3 — Consistent|2 — Emerging|1 — Needs support|0 — Not yet,EARLY_CHILDHOOD,false
BWRS,Initiative & Independence,BWRS-0063,Requests help only when needed.,SCALE,3 — Consistent|2 — Emerging|1 — Needs support|0 — Not yet,EARLY_CHILDHOOD,false
BWRS,Initiative & Independence,BWRS-0064,Volunteers during classroom activities.,SCALE,3 — Consistent|2 — Emerging|1 — Needs support|0 — Not yet,EARLY_CHILDHOOD,false
BWRS,Initiative & Independence,BWRS-0065,Explores new materials appropriately.,SCALE,3 — Consistent|2 — Emerging|1 — Needs support|0 — Not yet,EARLY_CHILDHOOD,false
BWRS,Initiative & Independence,BWRS-0066,Shows curiosity to learn.,SCALE,3 — Consistent|2 — Emerging|1 — Needs support|0 — Not yet,EARLY_CHILDHOOD,false
BWRS,Initiative & Independence,BWRS-0067,Makes simple choices independently.,SCALE,3 — Consistent|2 — Emerging|1 — Needs support|0 — Not yet,EARLY_CHILDHOOD,false
BWRS,Initiative & Independence,BWRS-0068,Demonstrates confidence in trying new tasks.,SCALE,3 — Consistent|2 — Emerging|1 — Needs support|0 — Not yet,EARLY_CHILDHOOD,false
BWRS,Initiative & Independence,BWRS-0069,Initiates interaction with familiar adults.,SCALE,3 — Consistent|2 — Emerging|1 — Needs support|0 — Not yet,EARLY_CHILDHOOD,false
BWRS,Work Habits,BWRS-0070,Returns materials after use.,SCALE,3 — Consistent|2 — Emerging|1 — Needs support|0 — Not yet,EARLY_CHILDHOOD,false
BWRS,Work Habits,BWRS-0071,Cleans workspace after activities.,SCALE,3 — Consistent|2 — Emerging|1 — Needs support|0 — Not yet,EARLY_CHILDHOOD,false
BWRS,Work Habits,BWRS-0072,Organizes belongings appropriately.,SCALE,3 — Consistent|2 — Emerging|1 — Needs support|0 — Not yet,EARLY_CHILDHOOD,false
BWRS,Work Habits,BWRS-0073,Takes responsibility for own items.,SCALE,3 — Consistent|2 — Emerging|1 — Needs support|0 — Not yet,EARLY_CHILDHOOD,false
BWRS,Work Habits,BWRS-0074,Handles materials carefully.,SCALE,3 — Consistent|2 — Emerging|1 — Needs support|0 — Not yet,EARLY_CHILDHOOD,false
BWRS,Work Habits,BWRS-0075,Completes tasks before moving on.,SCALE,3 — Consistent|2 — Emerging|1 — Needs support|0 — Not yet,EARLY_CHILDHOOD,false
BWRS,Work Habits,BWRS-0076,Follows clean-up routines.,SCALE,3 — Consistent|2 — Emerging|1 — Needs support|0 — Not yet,EARLY_CHILDHOOD,false
BWRS,Work Habits,BWRS-0077,Places objects in designated locations.,SCALE,3 — Consistent|2 — Emerging|1 — Needs support|0 — Not yet,EARLY_CHILDHOOD,false
BWRS,Work Habits,BWRS-0078,Demonstrates consistency across activities.,SCALE,3 — Consistent|2 — Emerging|1 — Needs support|0 — Not yet,EARLY_CHILDHOOD,false
BWRS,Work Habits,BWRS-0079,Maintains simple routines independently.,SCALE,3 — Consistent|2 — Emerging|1 — Needs support|0 — Not yet,EARLY_CHILDHOOD,false
BWRS,Persistence & Motivation,BWRS-0080,Continues despite mistakes.,SCALE,3 — Consistent|2 — Emerging|1 — Needs support|0 — Not yet,EARLY_CHILDHOOD,false
BWRS,Persistence & Motivation,BWRS-0081,Tries again after failure.,SCALE,3 — Consistent|2 — Emerging|1 — Needs support|0 — Not yet,EARLY_CHILDHOOD,false
BWRS,Persistence & Motivation,BWRS-0082,Accepts encouragement positively.,SCALE,3 — Consistent|2 — Emerging|1 — Needs support|0 — Not yet,EARLY_CHILDHOOD,false
BWRS,Persistence & Motivation,BWRS-0083,Maintains effort during repetitive activities.,SCALE,3 — Consistent|2 — Emerging|1 — Needs support|0 — Not yet,EARLY_CHILDHOOD,false
BWRS,Persistence & Motivation,BWRS-0084,Demonstrates patience while learning.,SCALE,3 — Consistent|2 — Emerging|1 — Needs support|0 — Not yet,EARLY_CHILDHOOD,false
BWRS,Persistence & Motivation,BWRS-0085,Completes activities before seeking rewards.,SCALE,3 — Consistent|2 — Emerging|1 — Needs support|0 — Not yet,EARLY_CHILDHOOD,false
BWRS,Persistence & Motivation,BWRS-0086,Attempts difficult tasks.,SCALE,3 — Consistent|2 — Emerging|1 — Needs support|0 — Not yet,EARLY_CHILDHOOD,false
BWRS,Persistence & Motivation,BWRS-0087,Shows satisfaction after improvement.,SCALE,3 — Consistent|2 — Emerging|1 — Needs support|0 — Not yet,EARLY_CHILDHOOD,false
BWRS,Persistence & Motivation,BWRS-0088,Remains motivated during structured work.,SCALE,3 — Consistent|2 — Emerging|1 — Needs support|0 — Not yet,EARLY_CHILDHOOD,false
BWRS,Persistence & Motivation,BWRS-0089,Demonstrates willingness to practice.,SCALE,3 — Consistent|2 — Emerging|1 — Needs support|0 — Not yet,EARLY_CHILDHOOD,false
BWRS,Self-Control,BWRS-0090,Waits in line appropriately.,SCALE,3 — Consistent|2 — Emerging|1 — Needs support|0 — Not yet,EARLY_CHILDHOOD,false
BWRS,Self-Control,BWRS-0091,Controls impulsive grabbing.,SCALE,3 — Consistent|2 — Emerging|1 — Needs support|0 — Not yet,EARLY_CHILDHOOD,false
BWRS,Self-Control,BWRS-0092,Raises hand before speaking when expected.,SCALE,3 — Consistent|2 — Emerging|1 — Needs support|0 — Not yet,EARLY_CHILDHOOD,false
BWRS,Follows safety instructions.,BWRS-0093,Controls physical aggression.,SCALE,3 — Consistent|2 — Emerging|1 — Needs support|0 — Not yet,EARLY_CHILDHOOD,false
BWRS,Follows safety instructions.,BWRS-0094,Maintains body boundaries.,SCALE,3 — Consistent|2 — Emerging|1 — Needs support|0 — Not yet,EARLY_CHILDHOOD,false
BWRS,Follows safety instructions.,BWRS-0095,Avoids interrupting others.,SCALE,3 — Consistent|2 — Emerging|1 — Needs support|0 — Not yet,EARLY_CHILDHOOD,false
BWRS,Follows safety instructions.,BWRS-0096,Waits for own turn.,SCALE,3 — Consistent|2 — Emerging|1 — Needs support|0 — Not yet,EARLY_CHILDHOOD,false
BWRS,Follows safety instructions.,BWRS-0097,Accepts delayed gratification.,SCALE,3 — Consistent|2 — Emerging|1 — Needs support|0 — Not yet,EARLY_CHILDHOOD,false
BWRS,Follows safety instructions.,BWRS-0098,Demonstrates appropriate classroom behaviour.,SCALE,3 — Consistent|2 — Emerging|1 — Needs support|0 — Not yet,EARLY_CHILDHOOD,false
BWRS,Social Responsibility,BWRS-0099,Helps peers when appropriate.,SCALE,3 — Consistent|2 — Emerging|1 — Needs support|0 — Not yet,EARLY_CHILDHOOD,false
BWRS,Social Responsibility,BWRS-0100,Returns borrowed items.,SCALE,3 — Consistent|2 — Emerging|1 — Needs support|0 — Not yet,EARLY_CHILDHOOD,false
BWRS,Social Responsibility,BWRS-0101,Says sorry when needed.,SCALE,3 — Consistent|2 — Emerging|1 — Needs support|0 — Not yet,EARLY_CHILDHOOD,false
BWRS,Social Responsibility,BWRS-0102,Thanks others appropriately.,SCALE,3 — Consistent|2 — Emerging|1 — Needs support|0 — Not yet,EARLY_CHILDHOOD,false
BWRS,Social Responsibility,BWRS-0103,Follows group rules.,SCALE,3 — Consistent|2 — Emerging|1 — Needs support|0 — Not yet,EARLY_CHILDHOOD,false
BWRS,Social Responsibility,BWRS-0104,Takes care of shared materials.,SCALE,3 — Consistent|2 — Emerging|1 — Needs support|0 — Not yet,EARLY_CHILDHOOD,false
BWRS,Social Responsibility,BWRS-0105,Respects classroom property.,SCALE,3 — Consistent|2 — Emerging|1 — Needs support|0 — Not yet,EARLY_CHILDHOOD,false
BWRS,Social Responsibility,BWRS-0106,Participates in community clean-up activities.,SCALE,3 — Consistent|2 — Emerging|1 — Needs support|0 — Not yet,EARLY_CHILDHOOD,false
BWRS,Social Responsibility,BWRS-0107,Demonstrates honesty during play.,SCALE,3 — Consistent|2 — Emerging|1 — Needs support|0 — Not yet,EARLY_CHILDHOOD,false
BWRS,Social Responsibility,BWRS-0108,Accepts responsibility for simple mistakes.,SCALE,3 — Consistent|2 — Emerging|1 — Needs support|0 — Not yet,EARLY_CHILDHOOD,false
BWRS,Early Workplace Behaviours,BWRS-0109,Follows simple routines consistently.,SCALE,3 — Consistent|2 — Emerging|1 — Needs support|0 — Not yet,EARLY_CHILDHOOD,false
BWRS,Early Workplace Behaviours,BWRS-0110,Completes assigned responsibilities.,SCALE,3 — Consistent|2 — Emerging|1 — Needs support|0 — Not yet,EARLY_CHILDHOOD,false
BWRS,Early Workplace Behaviours,BWRS-0111,Waits for instructions before acting.,SCALE,3 — Consistent|2 — Emerging|1 — Needs support|0 — Not yet,EARLY_CHILDHOOD,false
BWRS,Early Workplace Behaviours,BWRS-0112,Participates in pretend work activities.,SCALE,3 — Consistent|2 — Emerging|1 — Needs support|0 — Not yet,EARLY_CHILDHOOD,false
BWRS,Early Workplace Behaviours,BWRS-0113,Maintains attention during structured table work.,SCALE,3 — Consistent|2 — Emerging|1 — Needs support|0 — Not yet,EARLY_CHILDHOOD,false
BWRS,Early Workplace Behaviours,BWRS-0114,Organizes work materials before beginning.,SCALE,3 — Consistent|2 — Emerging|1 — Needs support|0 — Not yet,EARLY_CHILDHOOD,false
BWRS,Early Workplace Behaviours,BWRS-0115,Finishes one activity before starting another.,SCALE,3 — Consistent|2 — Emerging|1 — Needs support|0 — Not yet,EARLY_CHILDHOOD,false
BWRS,Early Workplace Behaviours,BWRS-0116,Demonstrates interest in helping adults.,SCALE,3 — Consistent|2 — Emerging|1 — Needs support|0 — Not yet,EARLY_CHILDHOOD,false
BWRS,Early Workplace Behaviours,BWRS-0117,Enjoys role-play involving occupations.,SCALE,3 — Consistent|2 — Emerging|1 — Needs support|0 — Not yet,EARLY_CHILDHOOD,false
BWRS,Early Workplace Behaviours,BWRS-0118,Shows responsibility during classroom jobs.,SCALE,3 — Consistent|2 — Emerging|1 — Needs support|0 — Not yet,EARLY_CHILDHOOD,false
BWRS,Emotional Regulation,BWRS-0119,Identifies and labels a variety of emotions accurately,SCALE,3 — Consistent|2 — Emerging|1 — Needs support|0 — Not yet,PRE_SKILL,false
BWRS,Emotional Regulation,BWRS-0120,Expresses feelings appropriately using words instead of behaviours,SCALE,3 — Consistent|2 — Emerging|1 — Needs support|0 — Not yet,PRE_SKILL,false
BWRS,Emotional Regulation,BWRS-0121,Recognizes emotional triggers,SCALE,3 — Consistent|2 — Emerging|1 — Needs support|0 — Not yet,PRE_SKILL,false
BWRS,Emotional Regulation,BWRS-0122,Uses coping strategies when upset,SCALE,3 — Consistent|2 — Emerging|1 — Needs support|0 — Not yet,PRE_SKILL,false
BWRS,Emotional Regulation,BWRS-0123,Recovers from disappointment within a reasonable time,SCALE,3 — Consistent|2 — Emerging|1 — Needs support|0 — Not yet,PRE_SKILL,false
BWRS,Emotional Regulation,BWRS-0124,Accepts losing during games without major distress,SCALE,3 — Consistent|2 — Emerging|1 — Needs support|0 — Not yet,PRE_SKILL,false
BWRS,Emotional Regulation,BWRS-0125,Handles minor criticism calmly,SCALE,3 — Consistent|2 — Emerging|1 — Needs support|0 — Not yet,PRE_SKILL,false
BWRS,Emotional Regulation,BWRS-0126,Waits for preferred activities appropriately,SCALE,3 — Consistent|2 — Emerging|1 — Needs support|0 — Not yet,PRE_SKILL,false
BWRS,Emotional Regulation,BWRS-0127,Seeks help appropriately when overwhelmed,SCALE,3 — Consistent|2 — Emerging|1 — Needs support|0 — Not yet,PRE_SKILL,false
BWRS,Social Communication,BWRS-0128,Greets peers and adults appropriately,SCALE,3 — Consistent|2 — Emerging|1 — Needs support|0 — Not yet,PRE_SKILL,false
BWRS,Social Communication,BWRS-0129,Maintains conversations by taking turns,SCALE,3 — Consistent|2 — Emerging|1 — Needs support|0 — Not yet,PRE_SKILL,false
BWRS,Social Communication,BWRS-0130,Uses polite language consistently,SCALE,3 — Consistent|2 — Emerging|1 — Needs support|0 — Not yet,PRE_SKILL,false
BWRS,Social Communication,BWRS-0131,Introduces self confidently,SCALE,3 — Consistent|2 — Emerging|1 — Needs support|0 — Not yet,PRE_SKILL,false
BWRS,Social Communication,BWRS-0132,Asks relevant questions during conversations,SCALE,3 — Consistent|2 — Emerging|1 — Needs support|0 — Not yet,PRE_SKILL,false
BWRS,Social Communication,BWRS-0133,Responds appropriately to greetings and compliments,SCALE,3 — Consistent|2 — Emerging|1 — Needs support|0 — Not yet,PRE_SKILL,false
BWRS,Social Communication,BWRS-0134,Requests clarification when confused,SCALE,3 — Consistent|2 — Emerging|1 — Needs support|0 — Not yet,PRE_SKILL,false
BWRS,Social Communication,BWRS-0135,Expresses opinions respectfully,SCALE,3 — Consistent|2 — Emerging|1 — Needs support|0 — Not yet,PRE_SKILL,false
BWRS,Instruction Following,BWRS-0136,Follows two-step instructions independently,SCALE,3 — Consistent|2 — Emerging|1 — Needs support|0 — Not yet,PRE_SKILL,false
BWRS,Instruction Following,BWRS-0137,Follows three-step instructions with minimal support,SCALE,3 — Consistent|2 — Emerging|1 — Needs support|0 — Not yet,PRE_SKILL,false
BWRS,Instruction Following,BWRS-0138,Completes instructions without reminders,SCALE,3 — Consistent|2 — Emerging|1 — Needs support|0 — Not yet,PRE_SKILL,false
BWRS,Instruction Following,BWRS-0139,Listens without interrupting,SCALE,3 — Consistent|2 — Emerging|1 — Needs support|0 — Not yet,PRE_SKILL,false
BWRS,Instruction Following,BWRS-0140,Follows classroom and home rules consistently,SCALE,3 — Consistent|2 — Emerging|1 — Needs support|0 — Not yet,PRE_SKILL,false
BWRS,Instruction Following,BWRS-0141,Understands visual schedules independently,SCALE,3 — Consistent|2 — Emerging|1 — Needs support|0 — Not yet,PRE_SKILL,false
BWRS,Instruction Following,BWRS-0142,Completes tasks in the required sequence,SCALE,3 — Consistent|2 — Emerging|1 — Needs support|0 — Not yet,PRE_SKILL,false
BWRS,Instruction Following,BWRS-0143,Asks for clarification when needed,SCALE,3 — Consistent|2 — Emerging|1 — Needs support|0 — Not yet,PRE_SKILL,false
BWRS,Instruction Following,BWRS-0144,Demonstrates understanding through action,SCALE,3 — Consistent|2 — Emerging|1 — Needs support|0 — Not yet,PRE_SKILL,false
BWRS,Peer Interaction & Team Behaviour,BWRS-0145,Shares materials willingly,SCALE,3 — Consistent|2 — Emerging|1 — Needs support|0 — Not yet,PRE_SKILL,false
BWRS,Peer Interaction & Team Behaviour,BWRS-0146,Waits for own turn during activities,SCALE,3 — Consistent|2 — Emerging|1 — Needs support|0 — Not yet,PRE_SKILL,false
BWRS,Peer Interaction & Team Behaviour,BWRS-0147,Resolves minor conflicts appropriately,SCALE,3 — Consistent|2 — Emerging|1 — Needs support|0 — Not yet,PRE_SKILL,false
BWRS,Peer Interaction & Team Behaviour,BWRS-0148,Accepts group decisions respectfully,SCALE,3 — Consistent|2 — Emerging|1 — Needs support|0 — Not yet,PRE_SKILL,false
BWRS,Peer Interaction & Team Behaviour,BWRS-0149,Recognizes when someone needs help,SCALE,3 — Consistent|2 — Emerging|1 — Needs support|0 — Not yet,PRE_SKILL,false
BWRS,Peer Interaction & Team Behaviour,BWRS-0150,Participates actively in group projects,SCALE,3 — Consistent|2 — Emerging|1 — Needs support|0 — Not yet,PRE_SKILL,false
BWRS,Peer Interaction & Team Behaviour,BWRS-0151,Demonstrates empathy towards others,SCALE,3 — Consistent|2 — Emerging|1 — Needs support|0 — Not yet,PRE_SKILL,false
BWRS,Task Engagement & Persistence,BWRS-0152,Completes tasks within expected time,SCALE,3 — Consistent|2 — Emerging|1 — Needs support|0 — Not yet,PRE_SKILL,false
BWRS,Task Engagement & Persistence,BWRS-0153,Maintains attention for 15-20 minutes,SCALE,3 — Consistent|2 — Emerging|1 — Needs support|0 — Not yet,PRE_SKILL,false
BWRS,Task Engagement & Persistence,BWRS-0154,Returns to task after distraction,SCALE,3 — Consistent|2 — Emerging|1 — Needs support|0 — Not yet,PRE_SKILL,false
BWRS,Task Engagement & Persistence,BWRS-0155,Continues despite mistakes,SCALE,3 — Consistent|2 — Emerging|1 — Needs support|0 — Not yet,PRE_SKILL,false
BWRS,Task Engagement & Persistence,BWRS-0156,Demonstrates patience during repetitive work,SCALE,3 — Consistent|2 — Emerging|1 — Needs support|0 — Not yet,PRE_SKILL,false
BWRS,Task Engagement & Persistence,BWRS-0157,Completes unfinished work when reminded,SCALE,3 — Consistent|2 — Emerging|1 — Needs support|0 — Not yet,PRE_SKILL,false
BWRS,Task Engagement & Persistence,BWRS-0158,Shows pride in completed work,SCALE,3 — Consistent|2 — Emerging|1 — Needs support|0 — Not yet,PRE_SKILL,false
BWRS,Adaptability & Flexibility,BWRS-0159,Accepts changes in routine calmly,SCALE,3 — Consistent|2 — Emerging|1 — Needs support|0 — Not yet,PRE_SKILL,false
BWRS,Adaptability & Flexibility,BWRS-0160,Adjusts to new rules appropriately,SCALE,3 — Consistent|2 — Emerging|1 — Needs support|0 — Not yet,PRE_SKILL,false
BWRS,Adaptability & Flexibility,BWRS-0161,Demonstrates flexibility during games,SCALE,3 — Consistent|2 — Emerging|1 — Needs support|0 — Not yet,PRE_SKILL,false
BWRS,Adaptability & Flexibility,BWRS-0162,Accepts unexpected schedule changes,SCALE,3 — Consistent|2 — Emerging|1 — Needs support|0 — Not yet,PRE_SKILL,false
BWRS,Adaptability & Flexibility,BWRS-0163,Learns from new experiences,SCALE,3 — Consistent|2 — Emerging|1 — Needs support|0 — Not yet,PRE_SKILL,false
BWRS,Initiative & Independence,BWRS-0164,Identifies when work needs to be done,SCALE,3 — Consistent|2 — Emerging|1 — Needs support|0 — Not yet,PRE_SKILL,false
BWRS,Initiative & Independence,BWRS-0165,Makes appropriate decisions during tasks,SCALE,3 — Consistent|2 — Emerging|1 — Needs support|0 — Not yet,PRE_SKILL,false
BWRS,Initiative & Independence,BWRS-0166,Demonstrates curiosity to learn,SCALE,3 — Consistent|2 — Emerging|1 — Needs support|0 — Not yet,PRE_SKILL,false
BWRS,Initiative & Independence,BWRS-0167,Takes responsibility for own work,SCALE,3 — Consistent|2 — Emerging|1 — Needs support|0 — Not yet,PRE_SKILL,false
BWRS,Initiative & Independence,BWRS-0168,Requests resources appropriately,SCALE,3 — Consistent|2 — Emerging|1 — Needs support|0 — Not yet,PRE_SKILL,false
BWRS,Initiative & Independence,BWRS-0169,Shows confidence in independent work,SCALE,3 — Consistent|2 — Emerging|1 — Needs support|0 — Not yet,PRE_SKILL,false
BWRS,Responsibility & Work Habits,BWRS-0170,Returns materials after use,SCALE,3 — Consistent|2 — Emerging|1 — Needs support|0 — Not yet,PRE_SKILL,false
BWRS,Responsibility & Work Habits,BWRS-0171,Organizes workspace independently,SCALE,3 — Consistent|2 — Emerging|1 — Needs support|0 — Not yet,PRE_SKILL,false
BWRS,Responsibility & Work Habits,BWRS-0172,Maintains personal belongings responsibly,SCALE,3 — Consistent|2 — Emerging|1 — Needs support|0 — Not yet,PRE_SKILL,false
BWRS,Responsibility & Work Habits,BWRS-0173,Completes assigned classroom jobs,SCALE,3 — Consistent|2 — Emerging|1 — Needs support|0 — Not yet,PRE_SKILL,false
BWRS,Responsibility & Work Habits,BWRS-0174,Uses materials carefully,SCALE,3 — Consistent|2 — Emerging|1 — Needs support|0 — Not yet,PRE_SKILL,false
BWRS,Responsibility & Work Habits,BWRS-0175,Follows routines consistently,SCALE,3 — Consistent|2 — Emerging|1 — Needs support|0 — Not yet,PRE_SKILL,false
BWRS,Responsibility & Work Habits,BWRS-0176,Demonstrates honesty during activities,SCALE,3 — Consistent|2 — Emerging|1 — Needs support|0 — Not yet,PRE_SKILL,false
BWRS,Responsibility & Work Habits,BWRS-0177,Takes ownership of mistakes,SCALE,3 — Consistent|2 — Emerging|1 — Needs support|0 — Not yet,PRE_SKILL,false
BWRS,Responsibility & Work Habits,BWRS-0178,Completes responsibilities without reminders,SCALE,3 — Consistent|2 — Emerging|1 — Needs support|0 — Not yet,PRE_SKILL,false
BWRS,Self Control & Behaviour Management,BWRS-0179,Waits patiently in queues,SCALE,3 — Consistent|2 — Emerging|1 — Needs support|0 — Not yet,PRE_SKILL,false
BWRS,Self Control & Behaviour Management,BWRS-0180,Controls impulsive behaviour,SCALE,3 — Consistent|2 — Emerging|1 — Needs support|0 — Not yet,PRE_SKILL,false
BWRS,Self Control & Behaviour Management,BWRS-0181,Accepts delayed rewards appropriately,SCALE,3 — Consistent|2 — Emerging|1 — Needs support|0 — Not yet,PRE_SKILL,false
BWRS,Self Control & Behaviour Management,BWRS-0182,Demonstrates patience with peers,SCALE,3 — Consistent|2 — Emerging|1 — Needs support|0 — Not yet,PRE_SKILL,false
BWRS,Self Control & Behaviour Management,BWRS-0183,Controls physical aggression,SCALE,3 — Consistent|2 — Emerging|1 — Needs support|0 — Not yet,PRE_SKILL,false
BWRS,Self Control & Behaviour Management,BWRS-0184,Demonstrates appropriate classroom behaviour,SCALE,3 — Consistent|2 — Emerging|1 — Needs support|0 — Not yet,PRE_SKILL,false
BWRS,Self Control & Behaviour Management,BWRS-0185,Uses self calming strategies independently,SCALE,3 — Consistent|2 — Emerging|1 — Needs support|0 — Not yet,PRE_SKILL,false
BWRS,Response to Feedback,BWRS-0186,Accepts correction without argument,SCALE,3 — Consistent|2 — Emerging|1 — Needs support|0 — Not yet,PRE_SKILL,false
BWRS,Response to Feedback,BWRS-0187,Listens to feedback attentively,SCALE,3 — Consistent|2 — Emerging|1 — Needs support|0 — Not yet,PRE_SKILL,false
BWRS,Response to Feedback,BWRS-0188,Does not become defensive when corrected,SCALE,3 — Consistent|2 — Emerging|1 — Needs support|0 — Not yet,PRE_SKILL,false
BWRS,Response to Feedback,BWRS-0189,Demonstrates willingness to learn,SCALE,3 — Consistent|2 — Emerging|1 — Needs support|0 — Not yet,PRE_SKILL,false
BWRS,Response to Feedback,BWRS-0190,Asks questions to understand mistakes,SCALE,3 — Consistent|2 — Emerging|1 — Needs support|0 — Not yet,PRE_SKILL,false
BWRS,Response to Feedback,BWRS-0191,Recognizes personal mistakes independently,SCALE,3 — Consistent|2 — Emerging|1 — Needs support|0 — Not yet,PRE_SKILL,false
BWRS,Response to Feedback,BWRS-0192,Demonstrates growth after correction,SCALE,3 — Consistent|2 — Emerging|1 — Needs support|0 — Not yet,PRE_SKILL,false
BWRS,Stress & Frustration Tolerance,BWRS-0193,Continues working despite minor setbacks,SCALE,3 — Consistent|2 — Emerging|1 — Needs support|0 — Not yet,PRE_SKILL,false
BWRS,Stress & Frustration Tolerance,BWRS-0194,Handles unexpected changes calmly,SCALE,3 — Consistent|2 — Emerging|1 — Needs support|0 — Not yet,PRE_SKILL,false
BWRS,Stress & Frustration Tolerance,BWRS-0195,Demonstrates resilience after failure,SCALE,3 — Consistent|2 — Emerging|1 — Needs support|0 — Not yet,PRE_SKILL,false
BWRS,Stress & Frustration Tolerance,BWRS-0196,Recovers quickly after emotional incidents,SCALE,3 — Consistent|2 — Emerging|1 — Needs support|0 — Not yet,PRE_SKILL,false
BWRS,Stress & Frustration Tolerance,BWRS-0197,Accepts difficult tasks positively,SCALE,3 — Consistent|2 — Emerging|1 — Needs support|0 — Not yet,PRE_SKILL,false
BWRS,Stress & Frustration Tolerance,BWRS-0198,Maintains motivation during challenges,SCALE,3 — Consistent|2 — Emerging|1 — Needs support|0 — Not yet,PRE_SKILL,false
BWRS,Stress & Frustration Tolerance,BWRS-0199,Seeks support appropriately during stress,SCALE,3 — Consistent|2 — Emerging|1 — Needs support|0 — Not yet,PRE_SKILL,false
BWRS,Social Responsibility,BWRS-0200,Follows classroom rules consistently,SCALE,3 — Consistent|2 — Emerging|1 — Needs support|0 — Not yet,PRE_SKILL,false
BWRS,Social Responsibility,BWRS-0201,Demonstrates honesty in everyday situations,SCALE,3 — Consistent|2 — Emerging|1 — Needs support|0 — Not yet,PRE_SKILL,false
BWRS,Social Responsibility,BWRS-0202,Returns borrowed materials promptly,SCALE,3 — Consistent|2 — Emerging|1 — Needs support|0 — Not yet,PRE_SKILL,false
BWRS,Social Responsibility,BWRS-0203,Participates in classroom responsibilities,SCALE,3 — Consistent|2 — Emerging|1 — Needs support|0 — Not yet,PRE_SKILL,false
BWRS,Social Responsibility,BWRS-0204,Demonstrates kindness towards peers,SCALE,3 — Consistent|2 — Emerging|1 — Needs support|0 — Not yet,PRE_SKILL,false
BWRS,Social Responsibility,BWRS-0205,Follows community expectations during outings,SCALE,3 — Consistent|2 — Emerging|1 — Needs support|0 — Not yet,PRE_SKILL,false
BWRS,Social Responsibility,BWRS-0206,Takes responsibility for own actions,SCALE,3 — Consistent|2 — Emerging|1 — Needs support|0 — Not yet,PRE_SKILL,false
BWRS,Professional Behaviour Foundations,BWRS-0207,Maintains appropriate voice volume,SCALE,3 — Consistent|2 — Emerging|1 — Needs support|0 — Not yet,PRE_SKILL,false
BWRS,Professional Behaviour Foundations,BWRS-0208,Uses respectful language consistently,SCALE,3 — Consistent|2 — Emerging|1 — Needs support|0 — Not yet,PRE_SKILL,false
BWRS,Professional Behaviour Foundations,BWRS-0209,Demonstrates good listening skills,SCALE,3 — Consistent|2 — Emerging|1 — Needs support|0 — Not yet,PRE_SKILL,false
BWRS,Professional Behaviour Foundations,BWRS-0210,Waits for instructions before acting,SCALE,3 — Consistent|2 — Emerging|1 — Needs support|0 — Not yet,PRE_SKILL,false
BWRS,Professional Behaviour Foundations,BWRS-0211,Maintains appropriate body language,SCALE,3 — Consistent|2 — Emerging|1 — Needs support|0 — Not yet,PRE_SKILL,false
BWRS,Professional Behaviour Foundations,BWRS-0212,Demonstrates patience during structured work,SCALE,3 — Consistent|2 — Emerging|1 — Needs support|0 — Not yet,PRE_SKILL,false
BWRS,Professional Behaviour Foundations,BWRS-0213,Follows classroom etiquette independently,SCALE,3 — Consistent|2 — Emerging|1 — Needs support|0 — Not yet,PRE_SKILL,false
BWRS,Professional Behaviour Foundations,BWRS-0214,Demonstrates appropriate attention during meetings or assemblies,SCALE,3 — Consistent|2 — Emerging|1 — Needs support|0 — Not yet,PRE_SKILL,false
BWRS,Professional Behaviour Foundations,BWRS-0215,Maintains focus until activities are completed,SCALE,3 — Consistent|2 — Emerging|1 — Needs support|0 — Not yet,PRE_SKILL,false
BWRS,Leadership Potential,BWRS-0216,Takes initiative during group activities,SCALE,3 — Consistent|2 — Emerging|1 — Needs support|0 — Not yet,PRE_SKILL,false
BWRS,Leadership Potential,BWRS-0217,Demonstrates responsibility during leadership roles,SCALE,3 — Consistent|2 — Emerging|1 — Needs support|0 — Not yet,PRE_SKILL,false
BWRS,Leadership Potential,BWRS-0218,Accepts responsibility for group tasks,SCALE,3 — Consistent|2 — Emerging|1 — Needs support|0 — Not yet,PRE_SKILL,false
BWRS,Leadership Potential,BWRS-0219,Demonstrates confidence when leading small activities,SCALE,3 — Consistent|2 — Emerging|1 — Needs support|0 — Not yet,PRE_SKILL,false
BWRS,Behavioural Flexibility,BWRS-0220,Accepts alternative solutions,SCALE,3 — Consistent|2 — Emerging|1 — Needs support|0 — Not yet,PRE_SKILL,false
BWRS,Behavioural Flexibility,BWRS-0221,Demonstrates willingness to compromise,SCALE,3 — Consistent|2 — Emerging|1 — Needs support|0 — Not yet,PRE_SKILL,false
BWRS,Behavioural Flexibility,BWRS-0222,Adjusts behaviour after observing others,SCALE,3 — Consistent|2 — Emerging|1 — Needs support|0 — Not yet,PRE_SKILL,false
BWRS,Behavioural Flexibility,BWRS-0223,Participates in unfamiliar group activities,SCALE,3 — Consistent|2 — Emerging|1 — Needs support|0 — Not yet,PRE_SKILL,false
BWRS,Behavioural Flexibility,BWRS-0224,Accepts constructive suggestions,SCALE,3 — Consistent|2 — Emerging|1 — Needs support|0 — Not yet,PRE_SKILL,false
BWRS,Behavioural Flexibility,BWRS-0225,Demonstrates openness to learning new routines,SCALE,3 — Consistent|2 — Emerging|1 — Needs support|0 — Not yet,PRE_SKILL,false
BWRS,Early Workplace Behaviours,BWRS-0226,Completes responsibilities before leisure activities,SCALE,3 — Consistent|2 — Emerging|1 — Needs support|0 — Not yet,PRE_SKILL,false
BWRS,Early Workplace Behaviours,BWRS-0227,Follows simple work routines consistently,SCALE,3 — Consistent|2 — Emerging|1 — Needs support|0 — Not yet,PRE_SKILL,false
BWRS,Early Workplace Behaviours,BWRS-0228,Organizes materials before beginning work,SCALE,3 — Consistent|2 — Emerging|1 — Needs support|0 — Not yet,PRE_SKILL,false
BWRS,Early Workplace Behaviours,BWRS-0229,Demonstrates consistency across similar tasks,SCALE,3 — Consistent|2 — Emerging|1 — Needs support|0 — Not yet,PRE_SKILL,false
BWRS,Early Workplace Behaviours,BWRS-0230,Maintains attention during structured work periods,SCALE,3 — Consistent|2 — Emerging|1 — Needs support|0 — Not yet,PRE_SKILL,false
BWRS,Early Workplace Behaviours,BWRS-0231,Demonstrates reliability in assigned responsibilities,SCALE,3 — Consistent|2 — Emerging|1 — Needs support|0 — Not yet,PRE_SKILL,false
BWRS,Emotional Regulation,BWRS-0232,Identifies personal emotional triggers independently,SCALE,3 — Consistent|2 — Emerging|1 — Needs support|0 — Not yet,BASIC,false
BWRS,Emotional Regulation,BWRS-0233,Uses coping strategies without reminders,SCALE,3 — Consistent|2 — Emerging|1 — Needs support|0 — Not yet,BASIC,false
BWRS,Emotional Regulation,BWRS-0234,Accepts constructive criticism calmly,SCALE,3 — Consistent|2 — Emerging|1 — Needs support|0 — Not yet,BASIC,false
BWRS,Emotional Regulation,BWRS-0235,Recovers from mistakes and resumes work,SCALE,3 — Consistent|2 — Emerging|1 — Needs support|0 — Not yet,BASIC,false
BWRS,Emotional Regulation,BWRS-0236,Handles disappointment appropriately,SCALE,3 — Consistent|2 — Emerging|1 — Needs support|0 — Not yet,BASIC,false
BWRS,Emotional Regulation,BWRS-0237,Maintains emotional control during group activities,SCALE,3 — Consistent|2 — Emerging|1 — Needs support|0 — Not yet,BASIC,false
BWRS,Emotional Regulation,BWRS-0238,Demonstrates resilience after failure,SCALE,3 — Consistent|2 — Emerging|1 — Needs support|0 — Not yet,BASIC,false
BWRS,Emotional Regulation,BWRS-0239,Seeks help before emotions escalate,SCALE,3 — Consistent|2 — Emerging|1 — Needs support|0 — Not yet,BASIC,false
BWRS,Emotional Regulation,BWRS-0240,Maintains composure under mild stress,SCALE,3 — Consistent|2 — Emerging|1 — Needs support|0 — Not yet,BASIC,false
BWRS,Social Communication,BWRS-0241,Maintains balanced conversations without dominating,SCALE,3 — Consistent|2 — Emerging|1 — Needs support|0 — Not yet,BASIC,false
BWRS,Social Communication,BWRS-0242,Uses polite and respectful language consistently,SCALE,3 — Consistent|2 — Emerging|1 — Needs support|0 — Not yet,BASIC,false
BWRS,Social Communication,BWRS-0243,Understands tone and context during conversations,SCALE,3 — Consistent|2 — Emerging|1 — Needs support|0 — Not yet,BASIC,false
BWRS,Social Communication,BWRS-0244,Requests clarification appropriately,SCALE,3 — Consistent|2 — Emerging|1 — Needs support|0 — Not yet,BASIC,false
BWRS,Social Communication,BWRS-0245,Introduces self confidently in new situations,SCALE,3 — Consistent|2 — Emerging|1 — Needs support|0 — Not yet,BASIC,false
BWRS,Social Communication,BWRS-0246,Maintains appropriate eye contact based on comfort level,SCALE,3 — Consistent|2 — Emerging|1 — Needs support|0 — Not yet,BASIC,false
BWRS,Social Communication,BWRS-0247,Expresses disagreement respectfully,SCALE,3 — Consistent|2 — Emerging|1 — Needs support|0 — Not yet,BASIC,false
BWRS,Workplace Communication Behaviours,BWRS-0248,Asks for additional work after completion,SCALE,3 — Consistent|2 — Emerging|1 — Needs support|0 — Not yet,BASIC,false
BWRS,Workplace Communication Behaviours,BWRS-0249,Seeks clarification before making assumptions,SCALE,3 — Consistent|2 — Emerging|1 — Needs support|0 — Not yet,BASIC,false
BWRS,Workplace Communication Behaviours,BWRS-0250,Listens actively during instructions,SCALE,3 — Consistent|2 — Emerging|1 — Needs support|0 — Not yet,BASIC,false
BWRS,Workplace Communication Behaviours,BWRS-0251,Demonstrates professional verbal behaviour,SCALE,3 — Consistent|2 — Emerging|1 — Needs support|0 — Not yet,BASIC,false
BWRS,Workplace Communication Behaviours,BWRS-0252,Uses appropriate workplace vocabulary,SCALE,3 — Consistent|2 — Emerging|1 — Needs support|0 — Not yet,BASIC,false
BWRS,Workplace Communication Behaviours,BWRS-0253,Responds appropriately to authority figures,SCALE,3 — Consistent|2 — Emerging|1 — Needs support|0 — Not yet,BASIC,false
BWRS,Workplace Communication Behaviours,BWRS-0254,Maintains respectful communication under stress,SCALE,3 — Consistent|2 — Emerging|1 — Needs support|0 — Not yet,BASIC,false
BWRS,Instruction Following & Compliance,BWRS-0255,Follows multi-step instructions accurately,SCALE,3 — Consistent|2 — Emerging|1 — Needs support|0 — Not yet,BASIC,false
BWRS,Instruction Following & Compliance,BWRS-0256,Completes tasks in correct sequence,SCALE,3 — Consistent|2 — Emerging|1 — Needs support|0 — Not yet,BASIC,false
BWRS,Instruction Following & Compliance,BWRS-0257,Follows written instructions independently,SCALE,3 — Consistent|2 — Emerging|1 — Needs support|0 — Not yet,BASIC,false
BWRS,Instruction Following & Compliance,BWRS-0258,Follows verbal instructions without repeated reminders,SCALE,3 — Consistent|2 — Emerging|1 — Needs support|0 — Not yet,BASIC,false
BWRS,Instruction Following & Compliance,BWRS-0259,Demonstrates consistency in following procedures,SCALE,3 — Consistent|2 — Emerging|1 — Needs support|0 — Not yet,BASIC,false
BWRS,Instruction Following & Compliance,BWRS-0260,Completes assigned work without shortcuts,SCALE,3 — Consistent|2 — Emerging|1 — Needs support|0 — Not yet,BASIC,false
BWRS,Instruction Following & Compliance,BWRS-0261,Maintains compliance during supervision changes,SCALE,3 — Consistent|2 — Emerging|1 — Needs support|0 — Not yet,BASIC,false
BWRS,Instruction Following & Compliance,BWRS-0262,Accepts corrections without resistance,SCALE,3 — Consistent|2 — Emerging|1 — Needs support|0 — Not yet,BASIC,false
BWRS,Task Persistence & Work Behaviour,BWRS-0263,Completes assigned work within expected time,SCALE,3 — Consistent|2 — Emerging|1 — Needs support|0 — Not yet,BASIC,false
BWRS,Task Persistence & Work Behaviour,BWRS-0264,Maintains attention for 30-45 minutes,SCALE,3 — Consistent|2 — Emerging|1 — Needs support|0 — Not yet,BASIC,false
BWRS,Task Persistence & Work Behaviour,BWRS-0265,Continues despite repetitive work,SCALE,3 — Consistent|2 — Emerging|1 — Needs support|0 — Not yet,BASIC,false
BWRS,Task Persistence & Work Behaviour,BWRS-0266,Maintains quality throughout task completion,SCALE,3 — Consistent|2 — Emerging|1 — Needs support|0 — Not yet,BASIC,false
BWRS,Task Persistence & Work Behaviour,BWRS-0267,Returns to unfinished work independently,SCALE,3 — Consistent|2 — Emerging|1 — Needs support|0 — Not yet,BASIC,false
BWRS,Task Persistence & Work Behaviour,BWRS-0268,Demonstrates patience during lengthy tasks,SCALE,3 — Consistent|2 — Emerging|1 — Needs support|0 — Not yet,BASIC,false
BWRS,Task Persistence & Work Behaviour,BWRS-0269,Shows pride in completed work,SCALE,3 — Consistent|2 — Emerging|1 — Needs support|0 — Not yet,BASIC,false
BWRS,Adaptability & Flexibility,BWRS-0270,Accepts unexpected schedule changes calmly,SCALE,3 — Consistent|2 — Emerging|1 — Needs support|0 — Not yet,BASIC,false
BWRS,Adaptability & Flexibility,BWRS-0271,Adjusts to different teachers or supervisors,SCALE,3 — Consistent|2 — Emerging|1 — Needs support|0 — Not yet,BASIC,false
BWRS,Adaptability & Flexibility,BWRS-0272,Accepts role changes appropriately,SCALE,3 — Consistent|2 — Emerging|1 — Needs support|0 — Not yet,BASIC,false
BWRS,Adaptability & Flexibility,BWRS-0273,Demonstrates flexibility in group activities,SCALE,3 — Consistent|2 — Emerging|1 — Needs support|0 — Not yet,BASIC,false
BWRS,Adaptability & Flexibility,BWRS-0274,Learns new procedures willingly,SCALE,3 — Consistent|2 — Emerging|1 — Needs support|0 — Not yet,BASIC,false
BWRS,Adaptability & Flexibility,BWRS-0275,Demonstrates openness to new experiences,SCALE,3 — Consistent|2 — Emerging|1 — Needs support|0 — Not yet,BASIC,false
BWRS,Teamwork & Collaboration,BWRS-0276,Participates actively in team activities,SCALE,3 — Consistent|2 — Emerging|1 — Needs support|0 — Not yet,BASIC,false
BWRS,Teamwork & Collaboration,BWRS-0277,Shares responsibilities fairly,SCALE,3 — Consistent|2 — Emerging|1 — Needs support|0 — Not yet,BASIC,false
BWRS,Teamwork & Collaboration,BWRS-0278,Waits for others during group work,SCALE,3 — Consistent|2 — Emerging|1 — Needs support|0 — Not yet,BASIC,false
BWRS,Teamwork & Collaboration,BWRS-0279,Accepts different opinions respectfully,SCALE,3 — Consistent|2 — Emerging|1 — Needs support|0 — Not yet,BASIC,false
BWRS,Teamwork & Collaboration,BWRS-0280,Helps peers appropriately,SCALE,3 — Consistent|2 — Emerging|1 — Needs support|0 — Not yet,BASIC,false
BWRS,Teamwork & Collaboration,BWRS-0281,Resolves disagreements constructively,SCALE,3 — Consistent|2 — Emerging|1 — Needs support|0 — Not yet,BASIC,false
BWRS,Teamwork & Collaboration,BWRS-0282,Demonstrates empathy during collaboration,SCALE,3 — Consistent|2 — Emerging|1 — Needs support|0 — Not yet,BASIC,false
BWRS,Initiative & Self Motivation,BWRS-0283,Identifies work that needs to be done,SCALE,3 — Consistent|2 — Emerging|1 — Needs support|0 — Not yet,BASIC,false
BWRS,Initiative & Self Motivation,BWRS-0284,Demonstrates curiosity to learn new skills,SCALE,3 — Consistent|2 — Emerging|1 — Needs support|0 — Not yet,BASIC,false
BWRS,Initiative & Self Motivation,BWRS-0285,Shows confidence during independent work,SCALE,3 — Consistent|2 — Emerging|1 — Needs support|0 — Not yet,BASIC,false
BWRS,Initiative & Self Motivation,BWRS-0286,Makes appropriate decisions independently,SCALE,3 — Consistent|2 — Emerging|1 — Needs support|0 — Not yet,BASIC,false
BWRS,Initiative & Self Motivation,BWRS-0287,Demonstrates ownership of responsibilities,SCALE,3 — Consistent|2 — Emerging|1 — Needs support|0 — Not yet,BASIC,false
BWRS,Initiative & Self Motivation,BWRS-0288,Takes initiative to improve work quality,SCALE,3 — Consistent|2 — Emerging|1 — Needs support|0 — Not yet,BASIC,false
BWRS,Response to Feedback,BWRS-0289,Accepts correction positively,SCALE,3 — Consistent|2 — Emerging|1 — Needs support|0 — Not yet,BASIC,false
BWRS,Response to Feedback,BWRS-0290,Learns from previous mistakes,SCALE,3 — Consistent|2 — Emerging|1 — Needs support|0 — Not yet,BASIC,false
BWRS,Response to Feedback,BWRS-0291,Requests additional guidance appropriately,SCALE,3 — Consistent|2 — Emerging|1 — Needs support|0 — Not yet,BASIC,false
BWRS,Response to Feedback,BWRS-0292,Demonstrates improvement after coaching,SCALE,3 — Consistent|2 — Emerging|1 — Needs support|0 — Not yet,BASIC,false
BWRS,Response to Feedback,BWRS-0293,Does not become defensive when corrected,SCALE,3 — Consistent|2 — Emerging|1 — Needs support|0 — Not yet,BASIC,false
BWRS,Response to Feedback,BWRS-0294,Applies learning to future situations,SCALE,3 — Consistent|2 — Emerging|1 — Needs support|0 — Not yet,BASIC,false
BWRS,Response to Feedback,BWRS-0295,Demonstrates willingness to improve continuously,SCALE,3 — Consistent|2 — Emerging|1 — Needs support|0 — Not yet,BASIC,false
BWRS,Professional Behaviour,BWRS-0296,Demonstrates punctuality consistently,SCALE,3 — Consistent|2 — Emerging|1 — Needs support|0 — Not yet,BASIC,false
BWRS,Professional Behaviour,BWRS-0297,Maintains appropriate posture during work,SCALE,3 — Consistent|2 — Emerging|1 — Needs support|0 — Not yet,BASIC,false
BWRS,Professional Behaviour,BWRS-0298,Uses respectful language with everyone,SCALE,3 — Consistent|2 — Emerging|1 — Needs support|0 — Not yet,BASIC,false
BWRS,Professional Behaviour,BWRS-0299,Waits appropriately before speaking,SCALE,3 — Consistent|2 — Emerging|1 — Needs support|0 — Not yet,BASIC,false
BWRS,Professional Behaviour,BWRS-0300,Demonstrates honesty in daily activities,SCALE,3 — Consistent|2 — Emerging|1 — Needs support|0 — Not yet,BASIC,false
BWRS,Professional Behaviour,BWRS-0301,Takes responsibility for mistakes,SCALE,3 — Consistent|2 — Emerging|1 — Needs support|0 — Not yet,BASIC,false
BWRS,Professional Behaviour,BWRS-0302,Maintains confidentiality when instructed,SCALE,3 — Consistent|2 — Emerging|1 — Needs support|0 — Not yet,BASIC,false
BWRS,Professional Behaviour,BWRS-0303,Demonstrates workplace etiquette during simulations,SCALE,3 — Consistent|2 — Emerging|1 — Needs support|0 — Not yet,BASIC,false
BWRS,Professional Behaviour,BWRS-0304,Follows expected behavioural norms consistently,SCALE,3 — Consistent|2 — Emerging|1 — Needs support|0 — Not yet,BASIC,false
BWRS,Stress & Frustration Management,BWRS-0305,Continues working after minor failures,SCALE,3 — Consistent|2 — Emerging|1 — Needs support|0 — Not yet,BASIC,false
BWRS,Stress & Frustration Management,BWRS-0306,Handles criticism without emotional escalation,SCALE,3 — Consistent|2 — Emerging|1 — Needs support|0 — Not yet,BASIC,false
BWRS,Stress & Frustration Management,BWRS-0307,Demonstrates resilience after setbacks,SCALE,3 — Consistent|2 — Emerging|1 — Needs support|0 — Not yet,BASIC,false
BWRS,Stress & Frustration Management,BWRS-0308,Uses relaxation techniques independently,SCALE,3 — Consistent|2 — Emerging|1 — Needs support|0 — Not yet,BASIC,false
BWRS,Stress & Frustration Management,BWRS-0309,Seeks support when overwhelmed,SCALE,3 — Consistent|2 — Emerging|1 — Needs support|0 — Not yet,BASIC,false
BWRS,Stress & Frustration Management,BWRS-0310,Returns to work after emotional incidents,SCALE,3 — Consistent|2 — Emerging|1 — Needs support|0 — Not yet,BASIC,false
BWRS,Stress & Frustration Management,BWRS-0311,Maintains productivity during mild stress,SCALE,3 — Consistent|2 — Emerging|1 — Needs support|0 — Not yet,BASIC,false
BWRS,Stress & Frustration Management,BWRS-0312,Demonstrates emotional maturity during challenges,SCALE,3 — Consistent|2 — Emerging|1 — Needs support|0 — Not yet,BASIC,false
BWRS,Responsibility & Accountability,BWRS-0313,Completes assigned responsibilities reliably,SCALE,3 — Consistent|2 — Emerging|1 — Needs support|0 — Not yet,BASIC,false
BWRS,Responsibility & Accountability,BWRS-0314,Takes ownership of mistakes,SCALE,3 — Consistent|2 — Emerging|1 — Needs support|0 — Not yet,BASIC,false
BWRS,Responsibility & Accountability,BWRS-0315,Maintains responsibility for personal belongings,SCALE,3 — Consistent|2 — Emerging|1 — Needs support|0 — Not yet,BASIC,false
BWRS,Responsibility & Accountability,BWRS-0316,Returns borrowed materials promptly,SCALE,3 — Consistent|2 — Emerging|1 — Needs support|0 — Not yet,BASIC,false
BWRS,Responsibility & Accountability,BWRS-0317,Demonstrates reliability across tasks,SCALE,3 — Consistent|2 — Emerging|1 — Needs support|0 — Not yet,BASIC,false
BWRS,Responsibility & Accountability,BWRS-0318,Maintains consistency across environments,SCALE,3 — Consistent|2 — Emerging|1 — Needs support|0 — Not yet,BASIC,false
BWRS,Responsibility & Accountability,BWRS-0319,Demonstrates integrity in daily activities,SCALE,3 — Consistent|2 — Emerging|1 — Needs support|0 — Not yet,BASIC,false
BWRS,Behavioural Self Monitoring,BWRS-0320,Recognizes inappropriate behaviour independently,SCALE,3 — Consistent|2 — Emerging|1 — Needs support|0 — Not yet,BASIC,false
BWRS,Behavioural Self Monitoring,BWRS-0321,Identifies areas needing improvement,SCALE,3 — Consistent|2 — Emerging|1 — Needs support|0 — Not yet,BASIC,false
BWRS,Behavioural Self Monitoring,BWRS-0322,Recognizes impact of behaviour on others,SCALE,3 — Consistent|2 — Emerging|1 — Needs support|0 — Not yet,BASIC,false
BWRS,Behavioural Self Monitoring,BWRS-0323,Demonstrates self-awareness during interactions,SCALE,3 — Consistent|2 — Emerging|1 — Needs support|0 — Not yet,BASIC,false
BWRS,Behavioural Self Monitoring,BWRS-0324,Uses previous experiences to modify behaviour,SCALE,3 — Consistent|2 — Emerging|1 — Needs support|0 — Not yet,BASIC,false
BWRS,Behavioural Self Monitoring,BWRS-0325,Adjusts behaviour according to context,SCALE,3 — Consistent|2 — Emerging|1 — Needs support|0 — Not yet,BASIC,false
BWRS,Leadership & Peer Influence,BWRS-0326,Resolves peer conflicts fairly,SCALE,3 — Consistent|2 — Emerging|1 — Needs support|0 — Not yet,BASIC,false
BWRS,Leadership & Peer Influence,BWRS-0327,Demonstrates confidence during leadership roles,SCALE,3 — Consistent|2 — Emerging|1 — Needs support|0 — Not yet,BASIC,false
BWRS,Leadership & Peer Influence,BWRS-0328,Makes fair decisions during group work,SCALE,3 — Consistent|2 — Emerging|1 — Needs support|0 — Not yet,BASIC,false
BWRS,Leadership & Peer Influence,BWRS-0329,Demonstrates responsibility as a role model,SCALE,3 — Consistent|2 — Emerging|1 — Needs support|0 — Not yet,BASIC,false
BWRS,Leadership & Peer Influence,BWRS-0330,Accepts leadership feedback positively,SCALE,3 — Consistent|2 — Emerging|1 — Needs support|0 — Not yet,BASIC,false
BWRS,Decision Making & Judgement,BWRS-0331,Thinks before acting,SCALE,3 — Consistent|2 — Emerging|1 — Needs support|0 — Not yet,BASIC,false
BWRS,Decision Making & Judgement,BWRS-0332,Demonstrates good judgement during social situations,SCALE,3 — Consistent|2 — Emerging|1 — Needs support|0 — Not yet,BASIC,false
BWRS,Decision Making & Judgement,BWRS-0333,Seeks advice when necessary,SCALE,3 — Consistent|2 — Emerging|1 — Needs support|0 — Not yet,BASIC,false
BWRS,Decision Making & Judgement,BWRS-0334,Learns from poor decisions,SCALE,3 — Consistent|2 — Emerging|1 — Needs support|0 — Not yet,BASIC,false
BWRS,Decision Making & Judgement,BWRS-0335,Makes safe choices consistently,SCALE,3 — Consistent|2 — Emerging|1 — Needs support|0 — Not yet,BASIC,false
BWRS,Decision Making & Judgement,BWRS-0336,Demonstrates responsibility in independent decisions,SCALE,3 — Consistent|2 — Emerging|1 — Needs support|0 — Not yet,BASIC,false
BWRS,Customer Service Behaviour Foundations,BWRS-0337,Greets unfamiliar people politely,SCALE,3 — Consistent|2 — Emerging|1 — Needs support|0 — Not yet,BASIC,false
BWRS,Customer Service Behaviour Foundations,BWRS-0338,Listens patiently to requests,SCALE,3 — Consistent|2 — Emerging|1 — Needs support|0 — Not yet,BASIC,false
BWRS,Customer Service Behaviour Foundations,BWRS-0339,Demonstrates patience during interactions,SCALE,3 — Consistent|2 — Emerging|1 — Needs support|0 — Not yet,BASIC,false
BWRS,Customer Service Behaviour Foundations,BWRS-0340,Maintains calm body language,SCALE,3 — Consistent|2 — Emerging|1 — Needs support|0 — Not yet,BASIC,false
BWRS,Customer Service Behaviour Foundations,BWRS-0341,Responds respectfully when corrected,SCALE,3 — Consistent|2 — Emerging|1 — Needs support|0 — Not yet,BASIC,false
BWRS,Customer Service Behaviour Foundations,BWRS-0342,Demonstrates willingness to help others,SCALE,3 — Consistent|2 — Emerging|1 — Needs support|0 — Not yet,BASIC,false
BWRS,Customer Service Behaviour Foundations,BWRS-0343,Shows empathy during conversations,SCALE,3 — Consistent|2 — Emerging|1 — Needs support|0 — Not yet,BASIC,false
BWRS,Customer Service Behaviour Foundations,BWRS-0344,Waits for customers or peers appropriately,SCALE,3 — Consistent|2 — Emerging|1 — Needs support|0 — Not yet,BASIC,false
BWRS,Customer Service Behaviour Foundations,BWRS-0345,Demonstrates service-minded behaviour,SCALE,3 — Consistent|2 — Emerging|1 — Needs support|0 — Not yet,BASIC,false
BWRS,Customer Service Behaviour Foundations,BWRS-0346,Maintains positive attitude during interactions,SCALE,3 — Consistent|2 — Emerging|1 — Needs support|0 — Not yet,BASIC,false
BWRS,Behaviour During Structured Work,BWRS-0347,Organizes materials before beginning work,SCALE,3 — Consistent|2 — Emerging|1 — Needs support|0 — Not yet,BASIC,false
BWRS,Behaviour During Structured Work,BWRS-0348,Maintains focus despite surrounding activity,SCALE,3 — Consistent|2 — Emerging|1 — Needs support|0 — Not yet,BASIC,false
BWRS,Behaviour During Structured Work,BWRS-0349,Completes repetitive tasks consistently,SCALE,3 — Consistent|2 — Emerging|1 — Needs support|0 — Not yet,BASIC,false
BWRS,Behaviour During Structured Work,BWRS-0350,Maintains quality across similar tasks,SCALE,3 — Consistent|2 — Emerging|1 — Needs support|0 — Not yet,BASIC,false
BWRS,Behaviour During Structured Work,BWRS-0351,Demonstrates careful handling of materials,SCALE,3 — Consistent|2 — Emerging|1 — Needs support|0 — Not yet,BASIC,false
BWRS,Behaviour During Structured Work,BWRS-0352,Follows established work routines,SCALE,3 — Consistent|2 — Emerging|1 — Needs support|0 — Not yet,BASIC,false
BWRS,Behaviour During Structured Work,BWRS-0353,Demonstrates endurance during extended activities,SCALE,3 — Consistent|2 — Emerging|1 — Needs support|0 — Not yet,BASIC,false
BWRS,Career Readiness Behaviours,BWRS-0354,Demonstrates willingness to learn workplace skills,SCALE,3 — Consistent|2 — Emerging|1 — Needs support|0 — Not yet,BASIC,false
BWRS,Career Readiness Behaviours,BWRS-0355,Shows responsibility for assigned duties,SCALE,3 — Consistent|2 — Emerging|1 — Needs support|0 — Not yet,BASIC,false
BWRS,Career Readiness Behaviours,BWRS-0356,Demonstrates respect for supervisors and peers,SCALE,3 — Consistent|2 — Emerging|1 — Needs support|0 — Not yet,BASIC,false
BWRS,Career Readiness Behaviours,BWRS-0357,Shows commitment to completing work,SCALE,3 — Consistent|2 — Emerging|1 — Needs support|0 — Not yet,BASIC,false
BWRS,Career Readiness Behaviours,BWRS-0358,Demonstrates reliability over extended periods,SCALE,3 — Consistent|2 — Emerging|1 — Needs support|0 — Not yet,BASIC,false
BWRS,Career Readiness Behaviours,BWRS-0359,Demonstrates behaviours that support future employment success,SCALE,3 — Consistent|2 — Emerging|1 — Needs support|0 — Not yet,BASIC,false
BWRS,Emotional Regulation & Workplace Resilience,BWRS-0360,Recognizes personal emotional triggers and manages them appropriately,SCALE,3 — Consistent|2 — Emerging|1 — Needs support|0 — Not yet,INTERMEDIATE,false
BWRS,Emotional Regulation & Workplace Resilience,BWRS-0361,Maintains emotional control during stressful situations,SCALE,3 — Consistent|2 — Emerging|1 — Needs support|0 — Not yet,INTERMEDIATE,false
BWRS,Emotional Regulation & Workplace Resilience,BWRS-0362,Accepts criticism without emotional outbursts,SCALE,3 — Consistent|2 — Emerging|1 — Needs support|0 — Not yet,INTERMEDIATE,false
BWRS,Emotional Regulation & Workplace Resilience,BWRS-0363,Recovers quickly after mistakes or failures,SCALE,3 — Consistent|2 — Emerging|1 — Needs support|0 — Not yet,INTERMEDIATE,false
BWRS,Emotional Regulation & Workplace Resilience,BWRS-0364,Continues working despite disappointment or setbacks,SCALE,3 — Consistent|2 — Emerging|1 — Needs support|0 — Not yet,INTERMEDIATE,false
BWRS,Emotional Regulation & Workplace Resilience,BWRS-0365,Uses coping strategies independently during stressful situations,SCALE,3 — Consistent|2 — Emerging|1 — Needs support|0 — Not yet,INTERMEDIATE,false
BWRS,Emotional Regulation & Workplace Resilience,BWRS-0366,Demonstrates patience during delays or waiting periods,SCALE,3 — Consistent|2 — Emerging|1 — Needs support|0 — Not yet,INTERMEDIATE,false
BWRS,Emotional Regulation & Workplace Resilience,BWRS-0367,Maintains professionalism under pressure,SCALE,3 — Consistent|2 — Emerging|1 — Needs support|0 — Not yet,INTERMEDIATE,false
BWRS,Emotional Regulation & Workplace Resilience,BWRS-0368,Seeks appropriate support before becoming overwhelmed,SCALE,3 — Consistent|2 — Emerging|1 — Needs support|0 — Not yet,INTERMEDIATE,false
BWRS,Professional Communication,BWRS-0369,Communicates respectfully with supervisors and colleagues,SCALE,3 — Consistent|2 — Emerging|1 — Needs support|0 — Not yet,INTERMEDIATE,false
BWRS,Professional Communication,BWRS-0370,Asks questions when instructions are unclear,SCALE,3 — Consistent|2 — Emerging|1 — Needs support|0 — Not yet,INTERMEDIATE,false
BWRS,Professional Communication,BWRS-0371,Maintains professional tone during conversations,SCALE,3 — Consistent|2 — Emerging|1 — Needs support|0 — Not yet,INTERMEDIATE,false
BWRS,Professional Communication,BWRS-0372,Listens actively without interrupting,SCALE,3 — Consistent|2 — Emerging|1 — Needs support|0 — Not yet,INTERMEDIATE,false
BWRS,Professional Communication,BWRS-0373,Participates appropriately in meetings or discussions,SCALE,3 — Consistent|2 — Emerging|1 — Needs support|0 — Not yet,INTERMEDIATE,false
BWRS,Professional Communication,BWRS-0374,Expresses disagreement respectfully,SCALE,3 — Consistent|2 — Emerging|1 — Needs support|0 — Not yet,INTERMEDIATE,false
BWRS,Workplace Compliance & Accountability,BWRS-0375,Follows workplace procedures consistently,SCALE,3 — Consistent|2 — Emerging|1 — Needs support|0 — Not yet,INTERMEDIATE,false
BWRS,Workplace Compliance & Accountability,BWRS-0376,Completes assigned duties without reminders,SCALE,3 — Consistent|2 — Emerging|1 — Needs support|0 — Not yet,INTERMEDIATE,false
BWRS,Workplace Compliance & Accountability,BWRS-0377,Takes responsibility for mistakes,SCALE,3 — Consistent|2 — Emerging|1 — Needs support|0 — Not yet,INTERMEDIATE,false
BWRS,Workplace Compliance & Accountability,BWRS-0378,Maintains confidentiality when required,SCALE,3 — Consistent|2 — Emerging|1 — Needs support|0 — Not yet,INTERMEDIATE,false
BWRS,Workplace Compliance & Accountability,BWRS-0379,Follows supervisor instructions accurately,SCALE,3 — Consistent|2 — Emerging|1 — Needs support|0 — Not yet,INTERMEDIATE,false
BWRS,Workplace Compliance & Accountability,BWRS-0380,Demonstrates reliability across multiple tasks,SCALE,3 — Consistent|2 — Emerging|1 — Needs support|0 — Not yet,INTERMEDIATE,false
BWRS,Workplace Compliance & Accountability,BWRS-0381,Accepts accountability for outcomes,SCALE,3 — Consistent|2 — Emerging|1 — Needs support|0 — Not yet,INTERMEDIATE,false
BWRS,Workplace Compliance & Accountability,BWRS-0382,Follows organizational protocols independently,SCALE,3 — Consistent|2 — Emerging|1 — Needs support|0 — Not yet,INTERMEDIATE,false
BWRS,Task Management & Productivity,BWRS-0383,Completes assignments within deadlines,SCALE,3 — Consistent|2 — Emerging|1 — Needs support|0 — Not yet,INTERMEDIATE,false
BWRS,Task Management & Productivity,BWRS-0384,Maintains productivity throughout the work period,SCALE,3 — Consistent|2 — Emerging|1 — Needs support|0 — Not yet,INTERMEDIATE,false
BWRS,Task Management & Productivity,BWRS-0385,Maintains focus despite distractions,SCALE,3 — Consistent|2 — Emerging|1 — Needs support|0 — Not yet,INTERMEDIATE,false
BWRS,Task Management & Productivity,BWRS-0386,Completes repetitive tasks consistently,SCALE,3 — Consistent|2 — Emerging|1 — Needs support|0 — Not yet,INTERMEDIATE,false
BWRS,Task Management & Productivity,BWRS-0387,Demonstrates persistence during lengthy assignments,SCALE,3 — Consistent|2 — Emerging|1 — Needs support|0 — Not yet,INTERMEDIATE,false
BWRS,Task Management & Productivity,BWRS-0388,Organizes workload effectively,SCALE,3 — Consistent|2 — Emerging|1 — Needs support|0 — Not yet,INTERMEDIATE,false
BWRS,Adaptability & Workplace Flexibility,BWRS-0389,Adjusts to schedule changes without distress,SCALE,3 — Consistent|2 — Emerging|1 — Needs support|0 — Not yet,INTERMEDIATE,false
BWRS,Adaptability & Workplace Flexibility,BWRS-0390,Accepts changes in supervisors or coworkers,SCALE,3 — Consistent|2 — Emerging|1 — Needs support|0 — Not yet,INTERMEDIATE,false
BWRS,Adaptability & Workplace Flexibility,BWRS-0391,Learns new procedures willingly,SCALE,3 — Consistent|2 — Emerging|1 — Needs support|0 — Not yet,INTERMEDIATE,false
BWRS,Adaptability & Workplace Flexibility,BWRS-0392,Accepts unexpected responsibilities positively,SCALE,3 — Consistent|2 — Emerging|1 — Needs support|0 — Not yet,INTERMEDIATE,false
BWRS,Adaptability & Workplace Flexibility,BWRS-0393,Demonstrates flexibility during workload changes,SCALE,3 — Consistent|2 — Emerging|1 — Needs support|0 — Not yet,INTERMEDIATE,false
BWRS,Adaptability & Workplace Flexibility,BWRS-0394,Handles multiple priorities appropriately,SCALE,3 — Consistent|2 — Emerging|1 — Needs support|0 — Not yet,INTERMEDIATE,false
BWRS,Teamwork & Collaboration,BWRS-0395,Shares responsibilities fairly,SCALE,3 — Consistent|2 — Emerging|1 — Needs support|0 — Not yet,INTERMEDIATE,false
BWRS,Teamwork & Collaboration,BWRS-0396,Accepts team decisions respectfully,SCALE,3 — Consistent|2 — Emerging|1 — Needs support|0 — Not yet,INTERMEDIATE,false
BWRS,Teamwork & Collaboration,BWRS-0397,Resolves workplace conflicts appropriately,SCALE,3 — Consistent|2 — Emerging|1 — Needs support|0 — Not yet,INTERMEDIATE,false
BWRS,Teamwork & Collaboration,BWRS-0398,Participates actively in collaborative tasks,SCALE,3 — Consistent|2 — Emerging|1 — Needs support|0 — Not yet,INTERMEDIATE,false
BWRS,Teamwork & Collaboration,BWRS-0399,Demonstrates empathy towards colleagues,SCALE,3 — Consistent|2 — Emerging|1 — Needs support|0 — Not yet,INTERMEDIATE,false
BWRS,Teamwork & Collaboration,BWRS-0400,Maintains positive relationships within teams,SCALE,3 — Consistent|2 — Emerging|1 — Needs support|0 — Not yet,INTERMEDIATE,false
BWRS,Initiative & Self Direction,BWRS-0401,Identifies tasks without waiting for instructions,SCALE,3 — Consistent|2 — Emerging|1 — Needs support|0 — Not yet,INTERMEDIATE,false
BWRS,Initiative & Self Direction,BWRS-0402,Demonstrates curiosity to improve skills,SCALE,3 — Consistent|2 — Emerging|1 — Needs support|0 — Not yet,INTERMEDIATE,false
BWRS,Initiative & Self Direction,BWRS-0403,Identifies opportunities for improvement,SCALE,3 — Consistent|2 — Emerging|1 — Needs support|0 — Not yet,INTERMEDIATE,false
BWRS,Initiative & Self Direction,BWRS-0404,Makes informed decisions independently,SCALE,3 — Consistent|2 — Emerging|1 — Needs support|0 — Not yet,INTERMEDIATE,false
BWRS,Initiative & Self Direction,BWRS-0405,Shows confidence in handling responsibilities,SCALE,3 — Consistent|2 — Emerging|1 — Needs support|0 — Not yet,INTERMEDIATE,false
BWRS,Initiative & Self Direction,BWRS-0406,Seeks learning opportunities proactively,SCALE,3 — Consistent|2 — Emerging|1 — Needs support|0 — Not yet,INTERMEDIATE,false
BWRS,Initiative & Self Direction,BWRS-0407,Demonstrates ownership of assigned work,SCALE,3 — Consistent|2 — Emerging|1 — Needs support|0 — Not yet,INTERMEDIATE,false
BWRS,Initiative & Self Direction,BWRS-0408,Maintains motivation without continuous supervision,SCALE,3 — Consistent|2 — Emerging|1 — Needs support|0 — Not yet,INTERMEDIATE,false
BWRS,Response to Feedback & Learning,BWRS-0409,Accepts constructive criticism positively,SCALE,3 — Consistent|2 — Emerging|1 — Needs support|0 — Not yet,INTERMEDIATE,false
BWRS,Response to Feedback & Learning,BWRS-0410,Requests clarification when feedback is unclear,SCALE,3 — Consistent|2 — Emerging|1 — Needs support|0 — Not yet,INTERMEDIATE,false
BWRS,Response to Feedback & Learning,BWRS-0411,Demonstrates behavioural change after coaching,SCALE,3 — Consistent|2 — Emerging|1 — Needs support|0 — Not yet,INTERMEDIATE,false
BWRS,Response to Feedback & Learning,BWRS-0412,Learns from previous experiences,SCALE,3 — Consistent|2 — Emerging|1 — Needs support|0 — Not yet,INTERMEDIATE,false
BWRS,Response to Feedback & Learning,BWRS-0413,Seeks opportunities for self-improvement,SCALE,3 — Consistent|2 — Emerging|1 — Needs support|0 — Not yet,INTERMEDIATE,false
BWRS,Response to Feedback & Learning,BWRS-0414,Maintains openness to supervision,SCALE,3 — Consistent|2 — Emerging|1 — Needs support|0 — Not yet,INTERMEDIATE,false
BWRS,Response to Feedback & Learning,BWRS-0415,Demonstrates growth mindset,SCALE,3 — Consistent|2 — Emerging|1 — Needs support|0 — Not yet,INTERMEDIATE,false
BWRS,Response to Feedback & Learning,BWRS-0416,Uses feedback to improve future performance,SCALE,3 — Consistent|2 — Emerging|1 — Needs support|0 — Not yet,INTERMEDIATE,false
BWRS,Professional Ethics & Integrity,BWRS-0417,Demonstrates honesty in all tasks,SCALE,3 — Consistent|2 — Emerging|1 — Needs support|0 — Not yet,INTERMEDIATE,false
BWRS,Professional Ethics & Integrity,BWRS-0418,Demonstrates fairness in interactions,SCALE,3 — Consistent|2 — Emerging|1 — Needs support|0 — Not yet,INTERMEDIATE,false
BWRS,Professional Ethics & Integrity,BWRS-0419,Maintains ethical behaviour without supervision,SCALE,3 — Consistent|2 — Emerging|1 — Needs support|0 — Not yet,INTERMEDIATE,false
BWRS,Professional Ethics & Integrity,BWRS-0420,Uses resources responsibly,SCALE,3 — Consistent|2 — Emerging|1 — Needs support|0 — Not yet,INTERMEDIATE,false
BWRS,Professional Ethics & Integrity,BWRS-0421,Demonstrates accountability during difficult situations,SCALE,3 — Consistent|2 — Emerging|1 — Needs support|0 — Not yet,INTERMEDIATE,false
BWRS,Stress Tolerance & Workplace Endurance,BWRS-0422,Maintains performance during busy periods,SCALE,3 — Consistent|2 — Emerging|1 — Needs support|0 — Not yet,INTERMEDIATE,false
BWRS,Stress Tolerance & Workplace Endurance,BWRS-0423,Handles multiple demands calmly,SCALE,3 — Consistent|2 — Emerging|1 — Needs support|0 — Not yet,INTERMEDIATE,false
BWRS,Stress Tolerance & Workplace Endurance,BWRS-0424,Demonstrates resilience after criticism,SCALE,3 — Consistent|2 — Emerging|1 — Needs support|0 — Not yet,INTERMEDIATE,false
BWRS,Stress Tolerance & Workplace Endurance,BWRS-0425,Returns to work after emotional setbacks,SCALE,3 — Consistent|2 — Emerging|1 — Needs support|0 — Not yet,INTERMEDIATE,false
BWRS,Stress Tolerance & Workplace Endurance,BWRS-0426,Demonstrates emotional maturity during conflicts,SCALE,3 — Consistent|2 — Emerging|1 — Needs support|0 — Not yet,INTERMEDIATE,false
BWRS,Stress Tolerance & Workplace Endurance,BWRS-0427,Maintains concentration during pressure,SCALE,3 — Consistent|2 — Emerging|1 — Needs support|0 — Not yet,INTERMEDIATE,false
BWRS,Workplace Social Behaviour,BWRS-0428,Maintains professional boundaries,SCALE,3 — Consistent|2 — Emerging|1 — Needs support|0 — Not yet,INTERMEDIATE,false
BWRS,Workplace Social Behaviour,BWRS-0429,Demonstrates appropriate workplace humour,SCALE,3 — Consistent|2 — Emerging|1 — Needs support|0 — Not yet,INTERMEDIATE,false
BWRS,Workplace Social Behaviour,BWRS-0430,Recognizes workplace hierarchy appropriately,SCALE,3 — Consistent|2 — Emerging|1 — Needs support|0 — Not yet,INTERMEDIATE,false
BWRS,Workplace Social Behaviour,BWRS-0431,Demonstrates cultural sensitivity,SCALE,3 — Consistent|2 — Emerging|1 — Needs support|0 — Not yet,INTERMEDIATE,false
BWRS,Workplace Social Behaviour,BWRS-0432,Uses appropriate body language,SCALE,3 — Consistent|2 — Emerging|1 — Needs support|0 — Not yet,INTERMEDIATE,false
BWRS,Workplace Social Behaviour,BWRS-0433,Maintains respectful online communication,SCALE,3 — Consistent|2 — Emerging|1 — Needs support|0 — Not yet,INTERMEDIATE,false
BWRS,Workplace Social Behaviour,BWRS-0434,Demonstrates emotional maturity in social situations,SCALE,3 — Consistent|2 — Emerging|1 — Needs support|0 — Not yet,INTERMEDIATE,false
BWRS,Time Management & Reliability,BWRS-0435,Uses breaks appropriately,SCALE,3 — Consistent|2 — Emerging|1 — Needs support|0 — Not yet,INTERMEDIATE,false
BWRS,Time Management & Reliability,BWRS-0436,Returns promptly after breaks,SCALE,3 — Consistent|2 — Emerging|1 — Needs support|0 — Not yet,INTERMEDIATE,false
BWRS,Time Management & Reliability,BWRS-0437,Completes responsibilities before leisure activities,SCALE,3 — Consistent|2 — Emerging|1 — Needs support|0 — Not yet,INTERMEDIATE,false
BWRS,Time Management & Reliability,BWRS-0438,Demonstrates consistency in attendance,SCALE,3 — Consistent|2 — Emerging|1 — Needs support|0 — Not yet,INTERMEDIATE,false
BWRS,Time Management & Reliability,BWRS-0439,Maintains punctuality during meetings or appointments,SCALE,3 — Consistent|2 — Emerging|1 — Needs support|0 — Not yet,INTERMEDIATE,false
BWRS,Problem Solving & Decision Making,BWRS-0440,Identifies workplace problems independently,SCALE,3 — Consistent|2 — Emerging|1 — Needs support|0 — Not yet,INTERMEDIATE,false
BWRS,Problem Solving & Decision Making,BWRS-0441,Makes logical decisions under pressure,SCALE,3 — Consistent|2 — Emerging|1 — Needs support|0 — Not yet,INTERMEDIATE,false
BWRS,Problem Solving & Decision Making,BWRS-0442,Seeks assistance appropriately when required,SCALE,3 — Consistent|2 — Emerging|1 — Needs support|0 — Not yet,INTERMEDIATE,false
BWRS,Problem Solving & Decision Making,BWRS-0443,Learns from previous poor decisions,SCALE,3 — Consistent|2 — Emerging|1 — Needs support|0 — Not yet,INTERMEDIATE,false
BWRS,Problem Solving & Decision Making,BWRS-0444,Demonstrates practical judgement,SCALE,3 — Consistent|2 — Emerging|1 — Needs support|0 — Not yet,INTERMEDIATE,false
BWRS,Problem Solving & Decision Making,BWRS-0445,Demonstrates confidence in decision making,SCALE,3 — Consistent|2 — Emerging|1 — Needs support|0 — Not yet,INTERMEDIATE,false
BWRS,Customer & Client Interaction,BWRS-0446,Maintains patience during interactions,SCALE,3 — Consistent|2 — Emerging|1 — Needs support|0 — Not yet,INTERMEDIATE,false
BWRS,Customer & Client Interaction,BWRS-0447,Listens actively to customer concerns,SCALE,3 — Consistent|2 — Emerging|1 — Needs support|0 — Not yet,INTERMEDIATE,false
BWRS,Customer & Client Interaction,BWRS-0448,Responds politely to complaints,SCALE,3 — Consistent|2 — Emerging|1 — Needs support|0 — Not yet,INTERMEDIATE,false
BWRS,Customer & Client Interaction,BWRS-0449,Seeks assistance when unable to resolve issues,SCALE,3 — Consistent|2 — Emerging|1 — Needs support|0 — Not yet,INTERMEDIATE,false
BWRS,Customer & Client Interaction,BWRS-0450,Maintains positive body language,SCALE,3 — Consistent|2 — Emerging|1 — Needs support|0 — Not yet,INTERMEDIATE,false
BWRS,Customer & Client Interaction,BWRS-0451,Demonstrates empathy towards customers,SCALE,3 — Consistent|2 — Emerging|1 — Needs support|0 — Not yet,INTERMEDIATE,false
BWRS,Customer & Client Interaction,BWRS-0452,Uses respectful language consistently,SCALE,3 — Consistent|2 — Emerging|1 — Needs support|0 — Not yet,INTERMEDIATE,false
BWRS,Customer & Client Interaction,BWRS-0453,Maintains professionalism despite difficult situations,SCALE,3 — Consistent|2 — Emerging|1 — Needs support|0 — Not yet,INTERMEDIATE,false
BWRS,Behaviour During Independent Work,BWRS-0454,Maintains focus without supervision,SCALE,3 — Consistent|2 — Emerging|1 — Needs support|0 — Not yet,INTERMEDIATE,false
BWRS,Behaviour During Independent Work,BWRS-0455,Completes assignments independently,SCALE,3 — Consistent|2 — Emerging|1 — Needs support|0 — Not yet,INTERMEDIATE,false
BWRS,Behaviour During Independent Work,BWRS-0456,Organizes materials systematically,SCALE,3 — Consistent|2 — Emerging|1 — Needs support|0 — Not yet,INTERMEDIATE,false
BWRS,Behaviour During Independent Work,BWRS-0457,Maintains workspace cleanliness,SCALE,3 — Consistent|2 — Emerging|1 — Needs support|0 — Not yet,INTERMEDIATE,false
BWRS,Behaviour During Independent Work,BWRS-0458,Uses equipment responsibly,SCALE,3 — Consistent|2 — Emerging|1 — Needs support|0 — Not yet,INTERMEDIATE,false
BWRS,Behaviour During Independent Work,BWRS-0459,Demonstrates consistency in performance,SCALE,3 — Consistent|2 — Emerging|1 — Needs support|0 — Not yet,INTERMEDIATE,false
BWRS,Behaviour During Independent Work,BWRS-0460,Demonstrates responsibility for outcomes,SCALE,3 — Consistent|2 — Emerging|1 — Needs support|0 — Not yet,INTERMEDIATE,false
BWRS,Behaviour During Independent Work,BWRS-0461,Completes work according to standards,SCALE,3 — Consistent|2 — Emerging|1 — Needs support|0 — Not yet,INTERMEDIATE,false
BWRS,Leadership & Workplace Influence,BWRS-0462,Demonstrates confidence in decision making,SCALE,3 — Consistent|2 — Emerging|1 — Needs support|0 — Not yet,INTERMEDIATE,false
BWRS,Leadership & Workplace Influence,BWRS-0463,Resolves disagreements fairly,SCALE,3 — Consistent|2 — Emerging|1 — Needs support|0 — Not yet,INTERMEDIATE,false
BWRS,Leadership & Workplace Influence,BWRS-0464,Takes initiative during group projects,SCALE,3 — Consistent|2 — Emerging|1 — Needs support|0 — Not yet,INTERMEDIATE,false
BWRS,Leadership & Workplace Influence,BWRS-0465,Accepts leadership responsibilities responsibly,SCALE,3 — Consistent|2 — Emerging|1 — Needs support|0 — Not yet,INTERMEDIATE,false
BWRS,Career Commitment & Professional Growth,BWRS-0466,Demonstrates interest in learning new skills,SCALE,3 — Consistent|2 — Emerging|1 — Needs support|0 — Not yet,INTERMEDIATE,false
BWRS,Career Commitment & Professional Growth,BWRS-0467,Seeks opportunities for career development,SCALE,3 — Consistent|2 — Emerging|1 — Needs support|0 — Not yet,INTERMEDIATE,false
BWRS,Career Commitment & Professional Growth,BWRS-0468,Maintains motivation during long-term projects,SCALE,3 — Consistent|2 — Emerging|1 — Needs support|0 — Not yet,INTERMEDIATE,false
BWRS,Career Commitment & Professional Growth,BWRS-0469,Accepts increased responsibilities positively,SCALE,3 — Consistent|2 — Emerging|1 — Needs support|0 — Not yet,INTERMEDIATE,false
BWRS,Career Commitment & Professional Growth,BWRS-0470,Demonstrates commitment to quality work,SCALE,3 — Consistent|2 — Emerging|1 — Needs support|0 — Not yet,INTERMEDIATE,false
BWRS,Career Commitment & Professional Growth,BWRS-0471,Demonstrates perseverance during training,SCALE,3 — Consistent|2 — Emerging|1 — Needs support|0 — Not yet,INTERMEDIATE,false
BWRS,Career Commitment & Professional Growth,BWRS-0472,Shows willingness to adapt for career growth,SCALE,3 — Consistent|2 — Emerging|1 — Needs support|0 — Not yet,INTERMEDIATE,false
BWRS,Career Commitment & Professional Growth,BWRS-0473,Maintains positive attitude towards lifelong learning,SCALE,3 — Consistent|2 — Emerging|1 — Needs support|0 — Not yet,INTERMEDIATE,false
BWRS,Employment Sustainability Indicators,BWRS-0474,Maintains appropriate workplace behaviour throughout the day,SCALE,3 — Consistent|2 — Emerging|1 — Needs support|0 — Not yet,INTERMEDIATE,false
BWRS,Employment Sustainability Indicators,BWRS-0475,Demonstrates reliability across weeks and months,SCALE,3 — Consistent|2 — Emerging|1 — Needs support|0 — Not yet,INTERMEDIATE,false
BWRS,Employment Sustainability Indicators,BWRS-0476,Handles workplace conflicts constructively,SCALE,3 — Consistent|2 — Emerging|1 — Needs support|0 — Not yet,INTERMEDIATE,false
BWRS,Employment Sustainability Indicators,BWRS-0477,Demonstrates readiness for internships or supported employment,SCALE,3 — Consistent|2 — Emerging|1 — Needs support|0 — Not yet,INTERMEDIATE,false
BWRS,Employment Sustainability Indicators,BWRS-0478,Maintains professional relationships consistently,SCALE,3 — Consistent|2 — Emerging|1 — Needs support|0 — Not yet,INTERMEDIATE,false
BWRS,Employment Sustainability Indicators,BWRS-0479,Demonstrates behaviours that support long-term employment retention,SCALE,3 — Consistent|2 — Emerging|1 — Needs support|0 — Not yet,INTERMEDIATE,false
BWRS,Employment Sustainability Indicators,BWRS-0480,Maintains motivation despite routine work,SCALE,3 — Consistent|2 — Emerging|1 — Needs support|0 — Not yet,INTERMEDIATE,false
BWRS,Employment Sustainability Indicators,BWRS-0481,Shows readiness for competitive employment with minimal behavioural barriers,SCALE,3 — Consistent|2 — Emerging|1 — Needs support|0 — Not yet,INTERMEDIATE,false
BWRS,Emotional Regulation & Workplace Resilience,BWRS-0482,Maintains emotional control during stressful work situations,SCALE,3 — Consistent|2 — Emerging|1 — Needs support|0 — Not yet,ADVANCED,false
BWRS,Emotional Regulation & Workplace Resilience,BWRS-0483,Accepts constructive criticism without becoming defensive,SCALE,3 — Consistent|2 — Emerging|1 — Needs support|0 — Not yet,ADVANCED,false
BWRS,Emotional Regulation & Workplace Resilience,BWRS-0484,Recovers quickly after making mistakes,SCALE,3 — Consistent|2 — Emerging|1 — Needs support|0 — Not yet,ADVANCED,false
BWRS,Emotional Regulation & Workplace Resilience,BWRS-0485,Continues working despite setbacks or failures,SCALE,3 — Consistent|2 — Emerging|1 — Needs support|0 — Not yet,ADVANCED,false
BWRS,Emotional Regulation & Workplace Resilience,BWRS-0486,Demonstrates patience during delays or waiting periods,SCALE,3 — Consistent|2 — Emerging|1 — Needs support|0 — Not yet,ADVANCED,false
BWRS,Emotional Regulation & Workplace Resilience,BWRS-0487,Uses appropriate coping strategies during stress,SCALE,3 — Consistent|2 — Emerging|1 — Needs support|0 — Not yet,ADVANCED,false
BWRS,Emotional Regulation & Workplace Resilience,BWRS-0488,Handles rejection or negative feedback maturely,SCALE,3 — Consistent|2 — Emerging|1 — Needs support|0 — Not yet,ADVANCED,false
BWRS,Emotional Regulation & Workplace Resilience,BWRS-0489,Demonstrates resilience after workplace challenges,SCALE,3 — Consistent|2 — Emerging|1 — Needs support|0 — Not yet,ADVANCED,false
BWRS,Emotional Regulation & Workplace Resilience,BWRS-0490,Seeks support appropriately before emotional escalation,SCALE,3 — Consistent|2 — Emerging|1 — Needs support|0 — Not yet,ADVANCED,false
BWRS,Professional Communication,BWRS-0491,Uses appropriate workplace language and tone,SCALE,3 — Consistent|2 — Emerging|1 — Needs support|0 — Not yet,ADVANCED,false
BWRS,Professional Communication,BWRS-0492,Communicates delays or difficulties proactively,SCALE,3 — Consistent|2 — Emerging|1 — Needs support|0 — Not yet,ADVANCED,false
BWRS,Professional Communication,BWRS-0493,Participates professionally in meetings,SCALE,3 — Consistent|2 — Emerging|1 — Needs support|0 — Not yet,ADVANCED,false
BWRS,Professional Communication,BWRS-0494,Makes professional phone calls independently,SCALE,3 — Consistent|2 — Emerging|1 — Needs support|0 — Not yet,ADVANCED,false
BWRS,Professional Communication,BWRS-0495,Listens actively without interrupting,SCALE,3 — Consistent|2 — Emerging|1 — Needs support|0 — Not yet,ADVANCED,false
BWRS,Professional Communication,BWRS-0496,Demonstrates confidence during presentations or discussions,SCALE,3 — Consistent|2 — Emerging|1 — Needs support|0 — Not yet,ADVANCED,false
BWRS,Accountability & Professional Ethics,BWRS-0497,Takes ownership of mistakes without blaming others,SCALE,3 — Consistent|2 — Emerging|1 — Needs support|0 — Not yet,ADVANCED,false
BWRS,Accountability & Professional Ethics,BWRS-0498,Maintains confidentiality appropriately,SCALE,3 — Consistent|2 — Emerging|1 — Needs support|0 — Not yet,ADVANCED,false
BWRS,Accountability & Professional Ethics,BWRS-0499,Demonstrates honesty in handling money or materials,SCALE,3 — Consistent|2 — Emerging|1 — Needs support|0 — Not yet,ADVANCED,false
BWRS,Accountability & Professional Ethics,BWRS-0500,Follows workplace policies consistently,SCALE,3 — Consistent|2 — Emerging|1 — Needs support|0 — Not yet,ADVANCED,false
BWRS,Accountability & Professional Ethics,BWRS-0501,Uses resources responsibly,SCALE,3 — Consistent|2 — Emerging|1 — Needs support|0 — Not yet,ADVANCED,false
BWRS,Accountability & Professional Ethics,BWRS-0502,Demonstrates integrity under pressure,SCALE,3 — Consistent|2 — Emerging|1 — Needs support|0 — Not yet,ADVANCED,false
BWRS,Accountability & Professional Ethics,BWRS-0503,Maintains ethical behaviour without supervision,SCALE,3 — Consistent|2 — Emerging|1 — Needs support|0 — Not yet,ADVANCED,false
BWRS,Work Discipline & Reliability,BWRS-0504,Maintains attendance without reminders,SCALE,3 — Consistent|2 — Emerging|1 — Needs support|0 — Not yet,ADVANCED,false
BWRS,Work Discipline & Reliability,BWRS-0505,Completes assigned work independently,SCALE,3 — Consistent|2 — Emerging|1 — Needs support|0 — Not yet,ADVANCED,false
BWRS,Work Discipline & Reliability,BWRS-0506,Follows schedules accurately,SCALE,3 — Consistent|2 — Emerging|1 — Needs support|0 — Not yet,ADVANCED,false
BWRS,Work Discipline & Reliability,BWRS-0507,Maintains productivity throughout the workday,SCALE,3 — Consistent|2 — Emerging|1 — Needs support|0 — Not yet,ADVANCED,false
BWRS,Work Discipline & Reliability,BWRS-0508,Uses break times appropriately,SCALE,3 — Consistent|2 — Emerging|1 — Needs support|0 — Not yet,ADVANCED,false
BWRS,Work Discipline & Reliability,BWRS-0509,Demonstrates consistency over extended periods,SCALE,3 — Consistent|2 — Emerging|1 — Needs support|0 — Not yet,ADVANCED,false
BWRS,Work Discipline & Reliability,BWRS-0510,Follows through on commitments reliably,SCALE,3 — Consistent|2 — Emerging|1 — Needs support|0 — Not yet,ADVANCED,false
BWRS,Adaptability & Workplace Flexibility,BWRS-0511,Adjusts to changes in supervisors or teams,SCALE,3 — Consistent|2 — Emerging|1 — Needs support|0 — Not yet,ADVANCED,false
BWRS,Adaptability & Workplace Flexibility,BWRS-0512,Accepts modified job roles positively,SCALE,3 — Consistent|2 — Emerging|1 — Needs support|0 — Not yet,ADVANCED,false
BWRS,Adaptability & Workplace Flexibility,BWRS-0513,Learns new procedures efficiently,SCALE,3 — Consistent|2 — Emerging|1 — Needs support|0 — Not yet,ADVANCED,false
BWRS,Adaptability & Workplace Flexibility,BWRS-0514,Handles unexpected situations calmly,SCALE,3 — Consistent|2 — Emerging|1 — Needs support|0 — Not yet,ADVANCED,false
BWRS,Adaptability & Workplace Flexibility,BWRS-0515,Demonstrates flexibility in work schedules,SCALE,3 — Consistent|2 — Emerging|1 — Needs support|0 — Not yet,ADVANCED,false
BWRS,Adaptability & Workplace Flexibility,BWRS-0516,Accepts relocation of workspace or responsibilities,SCALE,3 — Consistent|2 — Emerging|1 — Needs support|0 — Not yet,ADVANCED,false
BWRS,Adaptability & Workplace Flexibility,BWRS-0517,Applies previous learning to new situations,SCALE,3 — Consistent|2 — Emerging|1 — Needs support|0 — Not yet,ADVANCED,false
BWRS,Adaptability & Workplace Flexibility,BWRS-0518,Demonstrates openness to continuous change,SCALE,3 — Consistent|2 — Emerging|1 — Needs support|0 — Not yet,ADVANCED,false
BWRS,Initiative & Independent Working,BWRS-0519,Identifies work without waiting for instructions,SCALE,3 — Consistent|2 — Emerging|1 — Needs support|0 — Not yet,ADVANCED,false
BWRS,Initiative & Independent Working,BWRS-0520,Demonstrates self motivation throughout the day,SCALE,3 — Consistent|2 — Emerging|1 — Needs support|0 — Not yet,ADVANCED,false
BWRS,Initiative & Independent Working,BWRS-0521,Learns new skills without prompting,SCALE,3 — Consistent|2 — Emerging|1 — Needs support|0 — Not yet,ADVANCED,false
BWRS,Initiative & Independent Working,BWRS-0522,Takes ownership of projects,SCALE,3 — Consistent|2 — Emerging|1 — Needs support|0 — Not yet,ADVANCED,false
BWRS,Initiative & Independent Working,BWRS-0523,Makes appropriate independent decisions,SCALE,3 — Consistent|2 — Emerging|1 — Needs support|0 — Not yet,ADVANCED,false
BWRS,Initiative & Independent Working,BWRS-0524,Demonstrates confidence in unfamiliar situations,SCALE,3 — Consistent|2 — Emerging|1 — Needs support|0 — Not yet,ADVANCED,false
BWRS,Teamwork & Workplace Relationships,BWRS-0525,Demonstrates respect for diverse opinions,SCALE,3 — Consistent|2 — Emerging|1 — Needs support|0 — Not yet,ADVANCED,false
BWRS,Teamwork & Workplace Relationships,BWRS-0526,Shares responsibilities fairly,SCALE,3 — Consistent|2 — Emerging|1 — Needs support|0 — Not yet,ADVANCED,false
BWRS,Teamwork & Workplace Relationships,BWRS-0527,Resolves conflicts professionally,SCALE,3 — Consistent|2 — Emerging|1 — Needs support|0 — Not yet,ADVANCED,false
BWRS,Teamwork & Workplace Relationships,BWRS-0528,Demonstrates empathy in workplace interactions,SCALE,3 — Consistent|2 — Emerging|1 — Needs support|0 — Not yet,ADVANCED,false
BWRS,Teamwork & Workplace Relationships,BWRS-0529,Maintains professional boundaries,SCALE,3 — Consistent|2 — Emerging|1 — Needs support|0 — Not yet,ADVANCED,false
BWRS,Teamwork & Workplace Relationships,BWRS-0530,Accepts team decisions respectfully,SCALE,3 — Consistent|2 — Emerging|1 — Needs support|0 — Not yet,ADVANCED,false
BWRS,Teamwork & Workplace Relationships,BWRS-0531,Builds healthy professional relationships,SCALE,3 — Consistent|2 — Emerging|1 — Needs support|0 — Not yet,ADVANCED,false
BWRS,Response to Feedback & Continuous Learning,BWRS-0532,Accepts constructive criticism positively,SCALE,3 — Consistent|2 — Emerging|1 — Needs support|0 — Not yet,ADVANCED,false
BWRS,Response to Feedback & Continuous Learning,BWRS-0533,Demonstrates measurable improvement after coaching,SCALE,3 — Consistent|2 — Emerging|1 — Needs support|0 — Not yet,ADVANCED,false
BWRS,Response to Feedback & Continuous Learning,BWRS-0534,Seeks feedback to improve performance,SCALE,3 — Consistent|2 — Emerging|1 — Needs support|0 — Not yet,ADVANCED,false
BWRS,Response to Feedback & Continuous Learning,BWRS-0535,Learns from previous experiences,SCALE,3 — Consistent|2 — Emerging|1 — Needs support|0 — Not yet,ADVANCED,false
BWRS,Response to Feedback & Continuous Learning,BWRS-0536,Accepts supervision professionally,SCALE,3 — Consistent|2 — Emerging|1 — Needs support|0 — Not yet,ADVANCED,false
BWRS,Response to Feedback & Continuous Learning,BWRS-0537,Requests clarification when uncertain,SCALE,3 — Consistent|2 — Emerging|1 — Needs support|0 — Not yet,ADVANCED,false
BWRS,Response to Feedback & Continuous Learning,BWRS-0538,Demonstrates willingness to relearn incorrect methods,SCALE,3 — Consistent|2 — Emerging|1 — Needs support|0 — Not yet,ADVANCED,false
BWRS,Response to Feedback & Continuous Learning,BWRS-0539,Maintains a growth mindset,SCALE,3 — Consistent|2 — Emerging|1 — Needs support|0 — Not yet,ADVANCED,false
BWRS,Stress Management & Workplace Endurance,BWRS-0540,Maintains productivity during busy periods,SCALE,3 — Consistent|2 — Emerging|1 — Needs support|0 — Not yet,ADVANCED,false
BWRS,Stress Management & Workplace Endurance,BWRS-0541,Handles multiple responsibilities simultaneously,SCALE,3 — Consistent|2 — Emerging|1 — Needs support|0 — Not yet,ADVANCED,false
BWRS,Stress Management & Workplace Endurance,BWRS-0542,Demonstrates patience during repetitive work,SCALE,3 — Consistent|2 — Emerging|1 — Needs support|0 — Not yet,ADVANCED,false
BWRS,Stress Management & Workplace Endurance,BWRS-0543,Returns to work after emotional setbacks,SCALE,3 — Consistent|2 — Emerging|1 — Needs support|0 — Not yet,ADVANCED,false
BWRS,Stress Management & Workplace Endurance,BWRS-0544,Maintains concentration despite distractions,SCALE,3 — Consistent|2 — Emerging|1 — Needs support|0 — Not yet,ADVANCED,false
BWRS,Stress Management & Workplace Endurance,BWRS-0545,Uses stress management techniques independently,SCALE,3 — Consistent|2 — Emerging|1 — Needs support|0 — Not yet,ADVANCED,false
BWRS,Stress Management & Workplace Endurance,BWRS-0546,Demonstrates resilience during organizational changes,SCALE,3 — Consistent|2 — Emerging|1 — Needs support|0 — Not yet,ADVANCED,false
BWRS,Stress Management & Workplace Endurance,BWRS-0547,Maintains professionalism under pressure,SCALE,3 — Consistent|2 — Emerging|1 — Needs support|0 — Not yet,ADVANCED,false
BWRS,Customer & Client Interaction,BWRS-0548,Greets customers professionally,SCALE,3 — Consistent|2 — Emerging|1 — Needs support|0 — Not yet,ADVANCED,false
BWRS,Customer & Client Interaction,BWRS-0549,Demonstrates active listening during interactions,SCALE,3 — Consistent|2 — Emerging|1 — Needs support|0 — Not yet,ADVANCED,false
BWRS,Customer & Client Interaction,BWRS-0550,Responds politely to complaints,SCALE,3 — Consistent|2 — Emerging|1 — Needs support|0 — Not yet,ADVANCED,false
BWRS,Customer & Client Interaction,BWRS-0551,Maintains calm during difficult conversations,SCALE,3 — Consistent|2 — Emerging|1 — Needs support|0 — Not yet,ADVANCED,false
BWRS,Customer & Client Interaction,BWRS-0552,Shows empathy towards customers,SCALE,3 — Consistent|2 — Emerging|1 — Needs support|0 — Not yet,ADVANCED,false
BWRS,Customer & Client Interaction,BWRS-0553,Maintains positive body language,SCALE,3 — Consistent|2 — Emerging|1 — Needs support|0 — Not yet,ADVANCED,false
BWRS,Customer & Client Interaction,BWRS-0554,Demonstrates patience with repeated questions,SCALE,3 — Consistent|2 — Emerging|1 — Needs support|0 — Not yet,ADVANCED,false
BWRS,Time Management & Planning,BWRS-0555,Organizes work according to urgency,SCALE,3 — Consistent|2 — Emerging|1 — Needs support|0 — Not yet,ADVANCED,false
BWRS,Time Management & Planning,BWRS-0556,Uses planners or calendars effectively,SCALE,3 — Consistent|2 — Emerging|1 — Needs support|0 — Not yet,ADVANCED,false
BWRS,Time Management & Planning,BWRS-0557,Completes responsibilities before leisure activities,SCALE,3 — Consistent|2 — Emerging|1 — Needs support|0 — Not yet,ADVANCED,false
BWRS,Time Management & Planning,BWRS-0558,Demonstrates consistency in planning,SCALE,3 — Consistent|2 — Emerging|1 — Needs support|0 — Not yet,ADVANCED,false
BWRS,Problem Solving & Decision Making,BWRS-0559,Identifies workplace problems independently,SCALE,3 — Consistent|2 — Emerging|1 — Needs support|0 — Not yet,ADVANCED,false
BWRS,Problem Solving & Decision Making,BWRS-0560,Makes informed decisions confidently,SCALE,3 — Consistent|2 — Emerging|1 — Needs support|0 — Not yet,ADVANCED,false
BWRS,Problem Solving & Decision Making,BWRS-0561,Demonstrates logical reasoning under pressure,SCALE,3 — Consistent|2 — Emerging|1 — Needs support|0 — Not yet,ADVANCED,false
BWRS,Problem Solving & Decision Making,BWRS-0562,Learns from unsuccessful decisions,SCALE,3 — Consistent|2 — Emerging|1 — Needs support|0 — Not yet,ADVANCED,false
BWRS,Problem Solving & Decision Making,BWRS-0563,Seeks expert advice when appropriate,SCALE,3 — Consistent|2 — Emerging|1 — Needs support|0 — Not yet,ADVANCED,false
BWRS,Problem Solving & Decision Making,BWRS-0564,Demonstrates sound judgement consistently,SCALE,3 — Consistent|2 — Emerging|1 — Needs support|0 — Not yet,ADVANCED,false
BWRS,Leadership & Professional Influence,BWRS-0565,Motivates others positively,SCALE,3 — Consistent|2 — Emerging|1 — Needs support|0 — Not yet,ADVANCED,false
BWRS,Leadership & Professional Influence,BWRS-0566,Demonstrates confidence in leadership situations,SCALE,3 — Consistent|2 — Emerging|1 — Needs support|0 — Not yet,ADVANCED,false
BWRS,Leadership & Professional Influence,BWRS-0567,Makes fair decisions for the team,SCALE,3 — Consistent|2 — Emerging|1 — Needs support|0 — Not yet,ADVANCED,false
BWRS,Leadership & Professional Influence,BWRS-0568,Handles responsibility without misuse of authority,SCALE,3 — Consistent|2 — Emerging|1 — Needs support|0 — Not yet,ADVANCED,false
BWRS,Leadership & Professional Influence,BWRS-0569,Demonstrates accountability as a leader,SCALE,3 — Consistent|2 — Emerging|1 — Needs support|0 — Not yet,ADVANCED,false
BWRS,Self Monitoring & Behavioural Awareness,BWRS-0570,Recognizes inappropriate behaviour independently,SCALE,3 — Consistent|2 — Emerging|1 — Needs support|0 — Not yet,ADVANCED,false
BWRS,Self Monitoring & Behavioural Awareness,BWRS-0571,Demonstrates awareness of behavioural impact on others,SCALE,3 — Consistent|2 — Emerging|1 — Needs support|0 — Not yet,ADVANCED,false
BWRS,Self Monitoring & Behavioural Awareness,BWRS-0572,Adjusts behaviour based on workplace expectations,SCALE,3 — Consistent|2 — Emerging|1 — Needs support|0 — Not yet,ADVANCED,false
BWRS,Self Monitoring & Behavioural Awareness,BWRS-0573,Maintains emotional awareness throughout the day,SCALE,3 — Consistent|2 — Emerging|1 — Needs support|0 — Not yet,ADVANCED,false
BWRS,Self Monitoring & Behavioural Awareness,BWRS-0574,Identifies personal strengths and limitations accurately,SCALE,3 — Consistent|2 — Emerging|1 — Needs support|0 — Not yet,ADVANCED,false
BWRS,Self Monitoring & Behavioural Awareness,BWRS-0575,Accepts responsibility for behavioural consequences,SCALE,3 — Consistent|2 — Emerging|1 — Needs support|0 — Not yet,ADVANCED,false
BWRS,Self Monitoring & Behavioural Awareness,BWRS-0576,Demonstrates mature self evaluation,SCALE,3 — Consistent|2 — Emerging|1 — Needs support|0 — Not yet,ADVANCED,false
BWRS,Self Monitoring & Behavioural Awareness,BWRS-0577,Uses previous experiences for future improvement,SCALE,3 — Consistent|2 — Emerging|1 — Needs support|0 — Not yet,ADVANCED,false
BWRS,Workplace Maturity & Professional Conduct,BWRS-0578,Maintains professional boundaries with colleagues,SCALE,3 — Consistent|2 — Emerging|1 — Needs support|0 — Not yet,ADVANCED,false
BWRS,Workplace Maturity & Professional Conduct,BWRS-0579,Uses appropriate humour in workplace settings,SCALE,3 — Consistent|2 — Emerging|1 — Needs support|0 — Not yet,ADVANCED,false
BWRS,Workplace Maturity & Professional Conduct,BWRS-0580,Demonstrates respect for organizational culture,SCALE,3 — Consistent|2 — Emerging|1 — Needs support|0 — Not yet,ADVANCED,false
BWRS,Workplace Maturity & Professional Conduct,BWRS-0581,Maintains confidentiality consistently,SCALE,3 — Consistent|2 — Emerging|1 — Needs support|0 — Not yet,ADVANCED,false
BWRS,Workplace Maturity & Professional Conduct,BWRS-0582,Uses respectful digital communication,SCALE,3 — Consistent|2 — Emerging|1 — Needs support|0 — Not yet,ADVANCED,false
BWRS,Workplace Maturity & Professional Conduct,BWRS-0583,Demonstrates maturity during disagreements,SCALE,3 — Consistent|2 — Emerging|1 — Needs support|0 — Not yet,ADVANCED,false
BWRS,Career Commitment & Lifelong Learning,BWRS-0584,Demonstrates commitment to chosen career path,SCALE,3 — Consistent|2 — Emerging|1 — Needs support|0 — Not yet,ADVANCED,false
BWRS,Career Commitment & Lifelong Learning,BWRS-0585,Seeks opportunities for professional development,SCALE,3 — Consistent|2 — Emerging|1 — Needs support|0 — Not yet,ADVANCED,false
BWRS,Career Commitment & Lifelong Learning,BWRS-0586,Participates in training willingly,SCALE,3 — Consistent|2 — Emerging|1 — Needs support|0 — Not yet,ADVANCED,false
BWRS,Career Commitment & Lifelong Learning,BWRS-0587,Maintains motivation during long term projects,SCALE,3 — Consistent|2 — Emerging|1 — Needs support|0 — Not yet,ADVANCED,false
BWRS,Career Commitment & Lifelong Learning,BWRS-0588,Demonstrates willingness to upskill,SCALE,3 — Consistent|2 — Emerging|1 — Needs support|0 — Not yet,ADVANCED,false
BWRS,Career Commitment & Lifelong Learning,BWRS-0589,Accepts changing industry demands positively,SCALE,3 — Consistent|2 — Emerging|1 — Needs support|0 — Not yet,ADVANCED,false
BWRS,Career Commitment & Lifelong Learning,BWRS-0590,Sets realistic professional goals,SCALE,3 — Consistent|2 — Emerging|1 — Needs support|0 — Not yet,ADVANCED,false
BWRS,Career Commitment & Lifelong Learning,BWRS-0591,Demonstrates persistence towards career advancement,SCALE,3 — Consistent|2 — Emerging|1 — Needs support|0 — Not yet,ADVANCED,false
BWRS,Entrepreneurship & Business Behaviour,BWRS-0592,Demonstrates confidence in decision making,SCALE,3 — Consistent|2 — Emerging|1 — Needs support|0 — Not yet,ADVANCED,false
BWRS,Entrepreneurship & Business Behaviour,BWRS-0593,Takes calculated risks appropriately,SCALE,3 — Consistent|2 — Emerging|1 — Needs support|0 — Not yet,ADVANCED,false
BWRS,Entrepreneurship & Business Behaviour,BWRS-0594,Handles uncertainty calmly,SCALE,3 — Consistent|2 — Emerging|1 — Needs support|0 — Not yet,ADVANCED,false
BWRS,Entrepreneurship & Business Behaviour,BWRS-0595,Demonstrates customer oriented thinking,SCALE,3 — Consistent|2 — Emerging|1 — Needs support|0 — Not yet,ADVANCED,false
BWRS,Entrepreneurship & Business Behaviour,BWRS-0596,Accepts business losses constructively,SCALE,3 — Consistent|2 — Emerging|1 — Needs support|0 — Not yet,ADVANCED,false
BWRS,Entrepreneurship & Business Behaviour,BWRS-0597,Maintains professionalism during financial discussions,SCALE,3 — Consistent|2 — Emerging|1 — Needs support|0 — Not yet,ADVANCED,false
BWRS,Entrepreneurship & Business Behaviour,BWRS-0598,Shows creativity in solving business problems,SCALE,3 — Consistent|2 — Emerging|1 — Needs support|0 — Not yet,ADVANCED,false
BWRS,Entrepreneurship & Business Behaviour,BWRS-0599,Demonstrates persistence despite setbacks,SCALE,3 — Consistent|2 — Emerging|1 — Needs support|0 — Not yet,ADVANCED,false
BWRS,Employment Sustainability & Career Retention,BWRS-0600,Maintains consistent workplace behaviour over time,SCALE,3 — Consistent|2 — Emerging|1 — Needs support|0 — Not yet,ADVANCED,false
BWRS,Employment Sustainability & Career Retention,BWRS-0601,Demonstrates readiness for competitive employment,SCALE,3 — Consistent|2 — Emerging|1 — Needs support|0 — Not yet,ADVANCED,false
BWRS,Employment Sustainability & Career Retention,BWRS-0602,Maintains motivation during routine tasks,SCALE,3 — Consistent|2 — Emerging|1 — Needs support|0 — Not yet,ADVANCED,false
BWRS,Employment Sustainability & Career Retention,BWRS-0603,Builds trust with supervisors and colleagues,SCALE,3 — Consistent|2 — Emerging|1 — Needs support|0 — Not yet,ADVANCED,false
BWRS,Employment Sustainability & Career Retention,BWRS-0604,Demonstrates responsibility during unsupervised work,SCALE,3 — Consistent|2 — Emerging|1 — Needs support|0 — Not yet,ADVANCED,false
BWRS,Employment Sustainability & Career Retention,BWRS-0605,Maintains positive work ethic despite challenges,SCALE,3 — Consistent|2 — Emerging|1 — Needs support|0 — Not yet,ADVANCED,false
BWRS,Employment Sustainability & Career Retention,BWRS-0606,Demonstrates behaviours that support long term employment retention and career advancement,SCALE,3 — Consistent|2 — Emerging|1 — Needs support|0 — Not yet,ADVANCED,false
VLAP,General,VLAP-0001,Instructions:Rate each statement based on how frequently it is observed.,SCALE,5 — Always|4 — Often|3 — Sometimes|2 — Rarely|1 — Never,,false
VLAP,Verbal-Linguistic Intelligence,VLAP-0002,Enjoys telling stories or explaining ideas.,SCALE,5 — Always|4 — Often|3 — Sometimes|2 — Rarely|1 — Never,,false
VLAP,Verbal-Linguistic Intelligence,VLAP-0003,Learns new words quickly.,SCALE,5 — Always|4 — Often|3 — Sometimes|2 — Rarely|1 — Never,,false
VLAP,Verbal-Linguistic Intelligence,VLAP-0004,Enjoys reading or listening to books.,SCALE,5 — Always|4 — Often|3 — Sometimes|2 — Rarely|1 — Never,,false
VLAP,Verbal-Linguistic Intelligence,VLAP-0005,Expresses thoughts clearly through speech or writing.,SCALE,5 — Always|4 — Often|3 — Sometimes|2 — Rarely|1 — Never,,false
VLAP,Verbal-Linguistic Intelligence,VLAP-0006,Remembers information through language.,SCALE,5 — Always|4 — Often|3 — Sometimes|2 — Rarely|1 — Never,,false
VLAP,Verbal-Linguistic Intelligence,VLAP-0007,"Enjoys debates, discussions, or conversations.",SCALE,5 — Always|4 — Often|3 — Sometimes|2 — Rarely|1 — Never,,false
VLAP,Verbal-Linguistic Intelligence,VLAP-0008,"Likes writing notes, journals, or creative stories.",SCALE,5 — Always|4 — Often|3 — Sometimes|2 — Rarely|1 — Never,,false
VLAP,Verbal-Linguistic Intelligence,VLAP-0009,Explains concepts or instructions to others confidently.,SCALE,5 — Always|4 — Often|3 — Sometimes|2 — Rarely|1 — Never,,false
VLAP,Verbal-Linguistic Intelligence,VLAP-0010,Enjoys learning new languages or vocabulary.,SCALE,5 — Always|4 — Often|3 — Sometimes|2 — Rarely|1 — Never,,false
VLAP,Verbal-Linguistic Intelligence,VLAP-0011,"Uses words creatively to persuade, entertain, or communicate.",SCALE,5 — Always|4 — Often|3 — Sometimes|2 — Rarely|1 — Never,,false
VLAP,Logical-Mathematical Intelligence,VLAP-0012,Enjoys solving puzzles or logical problems.,SCALE,5 — Always|4 — Often|3 — Sometimes|2 — Rarely|1 — Never,,false
VLAP,Logical-Mathematical Intelligence,VLAP-0013,Recognizes patterns quickly.,SCALE,5 — Always|4 — Often|3 — Sometimes|2 — Rarely|1 — Never,,false
VLAP,Logical-Mathematical Intelligence,VLAP-0014,"Likes counting, sorting, or classifying objects.",SCALE,5 — Always|4 — Often|3 — Sometimes|2 — Rarely|1 — Never,,false
VLAP,Logical-Mathematical Intelligence,VLAP-0015,"Asks ""why"" and ""how"" questions frequently.",SCALE,5 — Always|4 — Often|3 — Sometimes|2 — Rarely|1 — Never,,false
VLAP,Logical-Mathematical Intelligence,VLAP-0016,Enjoys coding or sequencing activities.,SCALE,5 — Always|4 — Often|3 — Sometimes|2 — Rarely|1 — Never,,false
VLAP,Logical-Mathematical Intelligence,VLAP-0017,Thinks systematically before acting.,SCALE,5 — Always|4 — Often|3 — Sometimes|2 — Rarely|1 — Never,,false
VLAP,Logical-Mathematical Intelligence,VLAP-0018,Enjoys analysing data or comparing information.,SCALE,5 — Always|4 — Often|3 — Sometimes|2 — Rarely|1 — Never,,false
VLAP,Logical-Mathematical Intelligence,VLAP-0019,Looks for logical explanations before making decisions.,SCALE,5 — Always|4 — Often|3 — Sometimes|2 — Rarely|1 — Never,,false
VLAP,Logical-Mathematical Intelligence,VLAP-0020,Enjoys experiments and finding solutions independently.,SCALE,5 — Always|4 — Often|3 — Sometimes|2 — Rarely|1 — Never,,false
VLAP,Logical-Mathematical Intelligence,VLAP-0021,Can identify relationships between cause and effect.,SCALE,5 — Always|4 — Often|3 — Sometimes|2 — Rarely|1 — Never,,false
VLAP,Visual-Spatial Intelligence,VLAP-0022,"Enjoys drawing, designing, or sketching.",SCALE,5 — Always|4 — Often|3 — Sometimes|2 — Rarely|1 — Never,,false
VLAP,Visual-Spatial Intelligence,VLAP-0023,Notices visual details others may miss.,SCALE,5 — Always|4 — Often|3 — Sometimes|2 — Rarely|1 — Never,,false
VLAP,Visual-Spatial Intelligence,VLAP-0024,"Understands diagrams, maps, or charts easily.",SCALE,5 — Always|4 — Often|3 — Sometimes|2 — Rarely|1 — Never,,false
VLAP,Visual-Spatial Intelligence,VLAP-0025,Organizes information visually.,SCALE,5 — Always|4 — Often|3 — Sometimes|2 — Rarely|1 — Never,,false
VLAP,Visual-Spatial Intelligence,VLAP-0026,Builds models or structures creatively.,SCALE,5 — Always|4 — Often|3 — Sometimes|2 — Rarely|1 — Never,,false
VLAP,Visual-Spatial Intelligence,VLAP-0027,Imagines objects from different perspectives.,SCALE,5 — Always|4 — Often|3 — Sometimes|2 — Rarely|1 — Never,,false
VLAP,Visual-Spatial Intelligence,VLAP-0028,Enjoys arranging spaces or decorating.,SCALE,5 — Always|4 — Often|3 — Sometimes|2 — Rarely|1 — Never,,false
VLAP,Visual-Spatial Intelligence,VLAP-0029,Learns better through pictures or videos.,SCALE,5 — Always|4 — Often|3 — Sometimes|2 — Rarely|1 — Never,,false
VLAP,Visual-Spatial Intelligence,VLAP-0030,"Pays attention to colours, layouts, and visual balance.",SCALE,5 — Always|4 — Often|3 — Sometimes|2 — Rarely|1 — Never,,false
VLAP,Visual-Spatial Intelligence,VLAP-0031,Creates visual representations to explain ideas.,SCALE,5 — Always|4 — Often|3 — Sometimes|2 — Rarely|1 — Never,,false
VLAP,Bodily-Kinesthetic Intelligence,VLAP-0032,Learns best through movement and hands-on activities.,SCALE,5 — Always|4 — Often|3 — Sometimes|2 — Rarely|1 — Never,,false
VLAP,Bodily-Kinesthetic Intelligence,VLAP-0033,Enjoys building or assembling objects.,SCALE,5 — Always|4 — Often|3 — Sometimes|2 — Rarely|1 — Never,,false
VLAP,Bodily-Kinesthetic Intelligence,VLAP-0034,Uses gestures while communicating.,SCALE,5 — Always|4 — Often|3 — Sometimes|2 — Rarely|1 — Never,,false
VLAP,Bodily-Kinesthetic Intelligence,VLAP-0035,"Enjoys sports, dance, or physical activities.",SCALE,5 — Always|4 — Often|3 — Sometimes|2 — Rarely|1 — Never,,false
VLAP,Bodily-Kinesthetic Intelligence,VLAP-0036,Learns by trying rather than watching.,SCALE,5 — Always|4 — Often|3 — Sometimes|2 — Rarely|1 — Never,,false
VLAP,Bodily-Kinesthetic Intelligence,VLAP-0037,Demonstrates good hand-eye coordination.,SCALE,5 — Always|4 — Often|3 — Sometimes|2 — Rarely|1 — Never,,false
VLAP,Bodily-Kinesthetic Intelligence,VLAP-0038,Enjoys role play or dramatization.,SCALE,5 — Always|4 — Often|3 — Sometimes|2 — Rarely|1 — Never,,false
VLAP,Bodily-Kinesthetic Intelligence,VLAP-0039,Handles tools or equipment confidently.,SCALE,5 — Always|4 — Often|3 — Sometimes|2 — Rarely|1 — Never,,false
VLAP,Bodily-Kinesthetic Intelligence,VLAP-0040,Uses physical movement to solve problems.,SCALE,5 — Always|4 — Often|3 — Sometimes|2 — Rarely|1 — Never,,false
VLAP,Bodily-Kinesthetic Intelligence,VLAP-0041,Prefers practical experiences over theoretical learning.,SCALE,5 — Always|4 — Often|3 — Sometimes|2 — Rarely|1 — Never,,false
VLAP,Musical-Rhythmic Intelligence,VLAP-0042,Recognizes rhythms easily.,SCALE,5 — Always|4 — Often|3 — Sometimes|2 — Rarely|1 — Never,,false
VLAP,Musical-Rhythmic Intelligence,VLAP-0043,Remembers songs or tunes accurately.,SCALE,5 — Always|4 — Often|3 — Sometimes|2 — Rarely|1 — Never,,false
VLAP,Musical-Rhythmic Intelligence,VLAP-0044,Learns concepts better through music.,SCALE,5 — Always|4 — Often|3 — Sometimes|2 — Rarely|1 — Never,,false
VLAP,Musical-Rhythmic Intelligence,VLAP-0045,"Enjoys singing, humming, or playing instruments.",SCALE,5 — Always|4 — Often|3 — Sometimes|2 — Rarely|1 — Never,,false
VLAP,Musical-Rhythmic Intelligence,VLAP-0046,Notices changes in sounds or pitch.,SCALE,5 — Always|4 — Often|3 — Sometimes|2 — Rarely|1 — Never,,false
VLAP,Musical-Rhythmic Intelligence,VLAP-0047,Uses rhythm to organize thoughts or actions.,SCALE,5 — Always|4 — Often|3 — Sometimes|2 — Rarely|1 — Never,,false
VLAP,Musical-Rhythmic Intelligence,VLAP-0048,"Claps, taps, or moves naturally with music.",SCALE,5 — Always|4 — Often|3 — Sometimes|2 — Rarely|1 — Never,,false
VLAP,Musical-Rhythmic Intelligence,VLAP-0049,Creates or improvises simple melodies.,SCALE,5 — Always|4 — Often|3 — Sometimes|2 — Rarely|1 — Never,,false
VLAP,Musical-Rhythmic Intelligence,VLAP-0050,Uses songs to remember information.,SCALE,5 — Always|4 — Often|3 — Sometimes|2 — Rarely|1 — Never,,false
VLAP,Musical-Rhythmic Intelligence,VLAP-0051,Responds emotionally to music and sound patterns.,SCALE,5 — Always|4 — Often|3 — Sometimes|2 — Rarely|1 — Never,,false
VLAP,Interpersonal Intelligence,VLAP-0052,Enjoys working with other people.,SCALE,5 — Always|4 — Often|3 — Sometimes|2 — Rarely|1 — Never,,false
VLAP,Interpersonal Intelligence,VLAP-0053,Understands others' emotions.,SCALE,5 — Always|4 — Often|3 — Sometimes|2 — Rarely|1 — Never,,false
VLAP,Interpersonal Intelligence,VLAP-0054,Makes friends easily.,SCALE,5 — Always|4 — Often|3 — Sometimes|2 — Rarely|1 — Never,,false
VLAP,Interpersonal Intelligence,VLAP-0055,Helps others voluntarily.,SCALE,5 — Always|4 — Often|3 — Sometimes|2 — Rarely|1 — Never,,false
VLAP,Interpersonal Intelligence,VLAP-0056,Enjoys teamwork and collaboration.,SCALE,5 — Always|4 — Often|3 — Sometimes|2 — Rarely|1 — Never,,false
VLAP,Interpersonal Intelligence,VLAP-0057,Communicates effectively in groups.,SCALE,5 — Always|4 — Often|3 — Sometimes|2 — Rarely|1 — Never,,false
VLAP,Interpersonal Intelligence,VLAP-0058,Resolves conflicts peacefully.,SCALE,5 — Always|4 — Often|3 — Sometimes|2 — Rarely|1 — Never,,false
VLAP,Interpersonal Intelligence,VLAP-0059,Motivates or encourages peers.,SCALE,5 — Always|4 — Often|3 — Sometimes|2 — Rarely|1 — Never,,false
VLAP,Interpersonal Intelligence,VLAP-0060,Adjusts behaviour based on social situations.,SCALE,5 — Always|4 — Often|3 — Sometimes|2 — Rarely|1 — Never,,false
VLAP,Interpersonal Intelligence,VLAP-0061,Demonstrates leadership in group activities.,SCALE,5 — Always|4 — Often|3 — Sometimes|2 — Rarely|1 — Never,,false
VLAP,Intrapersonal Intelligence,VLAP-0062,Understands personal strengths and weaknesses.,SCALE,5 — Always|4 — Often|3 — Sometimes|2 — Rarely|1 — Never,,false
VLAP,Intrapersonal Intelligence,VLAP-0063,Enjoys working independently.,SCALE,5 — Always|4 — Often|3 — Sometimes|2 — Rarely|1 — Never,,false
VLAP,Intrapersonal Intelligence,VLAP-0064,Reflects on personal experiences.,SCALE,5 — Always|4 — Often|3 — Sometimes|2 — Rarely|1 — Never,,false
VLAP,Intrapersonal Intelligence,VLAP-0065,Sets personal goals.,SCALE,5 — Always|4 — Often|3 — Sometimes|2 — Rarely|1 — Never,,false
VLAP,Intrapersonal Intelligence,VLAP-0066,Recognizes and expresses emotions appropriately.,SCALE,5 — Always|4 — Often|3 — Sometimes|2 — Rarely|1 — Never,,false
VLAP,Intrapersonal Intelligence,VLAP-0067,Demonstrates self-motivation.,SCALE,5 — Always|4 — Often|3 — Sometimes|2 — Rarely|1 — Never,,false
VLAP,Intrapersonal Intelligence,VLAP-0068,Learns from mistakes and experiences.,SCALE,5 — Always|4 — Often|3 — Sometimes|2 — Rarely|1 — Never,,false
VLAP,Intrapersonal Intelligence,VLAP-0069,Makes thoughtful personal decisions.,SCALE,5 — Always|4 — Often|3 — Sometimes|2 — Rarely|1 — Never,,false
VLAP,Intrapersonal Intelligence,VLAP-0070,Maintains focus on long-term goals.,SCALE,5 — Always|4 — Often|3 — Sometimes|2 — Rarely|1 — Never,,false
VLAP,Intrapersonal Intelligence,VLAP-0071,Shows confidence in personal abilities.,SCALE,5 — Always|4 — Often|3 — Sometimes|2 — Rarely|1 — Never,,false
VLAP,Naturalistic Intelligence,VLAP-0072,"Enjoys plants, animals, or nature.",SCALE,5 — Always|4 — Often|3 — Sometimes|2 — Rarely|1 — Never,,false
VLAP,Naturalistic Intelligence,VLAP-0073,Notices changes in the environment or seasons.,SCALE,5 — Always|4 — Often|3 — Sometimes|2 — Rarely|1 — Never,,false
VLAP,Naturalistic Intelligence,VLAP-0074,Enjoys gardening or outdoor activities.,SCALE,5 — Always|4 — Often|3 — Sometimes|2 — Rarely|1 — Never,,false
VLAP,Naturalistic Intelligence,VLAP-0075,Classifies natural objects such as leaves or rocks.,SCALE,5 — Always|4 — Often|3 — Sometimes|2 — Rarely|1 — Never,,false
VLAP,Naturalistic Intelligence,VLAP-0076,Demonstrates concern for environmental conservation.,SCALE,5 — Always|4 — Often|3 — Sometimes|2 — Rarely|1 — Never,,false
VLAP,Naturalistic Intelligence,VLAP-0077,Prefers learning in outdoor settings.,SCALE,5 — Always|4 — Often|3 — Sometimes|2 — Rarely|1 — Never,,false
VLAP,Naturalistic Intelligence,VLAP-0078,Observes wildlife or natural phenomena with curiosity.,SCALE,5 — Always|4 — Often|3 — Sometimes|2 — Rarely|1 — Never,,false
VLAP,Naturalistic Intelligence,VLAP-0079,Enjoys caring for pets or living organisms.,SCALE,5 — Always|4 — Often|3 — Sometimes|2 — Rarely|1 — Never,,false
VLAP,Naturalistic Intelligence,VLAP-0080,Recognizes similarities and differences in nature.,SCALE,5 — Always|4 — Often|3 — Sometimes|2 — Rarely|1 — Never,,false
VLAP,Naturalistic Intelligence,VLAP-0081,"Shows interest in farming, ecology, or environmental topics.",SCALE,5 — Always|4 — Often|3 — Sometimes|2 — Rarely|1 — Never,,false
VLAP,Emotional Intelligence,VLAP-0082,Recognizes personal emotions accurately.,SCALE,5 — Always|4 — Often|3 — Sometimes|2 — Rarely|1 — Never,,false
VLAP,Emotional Intelligence,VLAP-0083,Manages emotions appropriately during challenging situations.,SCALE,5 — Always|4 — Often|3 — Sometimes|2 — Rarely|1 — Never,,false
VLAP,Emotional Intelligence,VLAP-0084,Accepts criticism positively.,SCALE,5 — Always|4 — Often|3 — Sometimes|2 — Rarely|1 — Never,,false
VLAP,Emotional Intelligence,VLAP-0085,Demonstrates empathy towards others.,SCALE,5 — Always|4 — Often|3 — Sometimes|2 — Rarely|1 — Never,,false
VLAP,Emotional Intelligence,VLAP-0086,Handles conflicts calmly and respectfully.,SCALE,5 — Always|4 — Often|3 — Sometimes|2 — Rarely|1 — Never,,false
VLAP,Emotional Intelligence,VLAP-0087,Recovers from setbacks without giving up.,SCALE,5 — Always|4 — Often|3 — Sometimes|2 — Rarely|1 — Never,,false
VLAP,Emotional Intelligence,VLAP-0088,Understands how behaviour affects other people.,SCALE,5 — Always|4 — Often|3 — Sometimes|2 — Rarely|1 — Never,,false
VLAP,Emotional Intelligence,VLAP-0089,Controls impulses and thinks before reacting.,SCALE,5 — Always|4 — Often|3 — Sometimes|2 — Rarely|1 — Never,,false
VLAP,Emotional Intelligence,VLAP-0090,Seeks help appropriately when emotionally overwhelmed.,SCALE,5 — Always|4 — Often|3 — Sometimes|2 — Rarely|1 — Never,,false
VLAP,Emotional Intelligence,VLAP-0091,Maintains positive relationships despite disagreements.,SCALE,5 — Always|4 — Often|3 — Sometimes|2 — Rarely|1 — Never,,false
VLAP,Emotional Intelligence,VLAP-0092,Instructions:Rate each statement based on how frequently it is observed.,SCALE,5 — Always|4 — Often|3 — Sometimes|2 — Rarely|1 — Never,,false
VLAP,Visual Learning Style,VLAP-0093,Learns better by watching demonstrations.,SCALE,5 — Always|4 — Often|3 — Sometimes|2 — Rarely|1 — Never,,false
VLAP,Visual Learning Style,VLAP-0094,"Prefers pictures, diagrams, or charts over verbal explanations.",SCALE,5 — Always|4 — Often|3 — Sometimes|2 — Rarely|1 — Never,,false
VLAP,Visual Learning Style,VLAP-0095,Understands instructions better when they are written or illustrated.,SCALE,5 — Always|4 — Often|3 — Sometimes|2 — Rarely|1 — Never,,false
VLAP,Visual Learning Style,VLAP-0096,"Remembers visual details such as colours, shapes, or locations.",SCALE,5 — Always|4 — Often|3 — Sometimes|2 — Rarely|1 — Never,,false
VLAP,Visual Learning Style,VLAP-0097,Enjoys watching videos to learn new skills.,SCALE,5 — Always|4 — Often|3 — Sometimes|2 — Rarely|1 — Never,,false
VLAP,Visual Learning Style,VLAP-0098,Uses colour coding or highlighting to organize information.,SCALE,5 — Always|4 — Often|3 — Sometimes|2 — Rarely|1 — Never,,false
VLAP,Visual Learning Style,VLAP-0099,"Creates mind maps, drawings, or diagrams to understand concepts.",SCALE,5 — Always|4 — Often|3 — Sometimes|2 — Rarely|1 — Never,,false
VLAP,Visual Learning Style,VLAP-0100,Observes others before attempting a new task.,SCALE,5 — Always|4 — Often|3 — Sometimes|2 — Rarely|1 — Never,,false
VLAP,Visual Learning Style,VLAP-0101,Recognizes patterns and layouts quickly.,SCALE,5 — Always|4 — Often|3 — Sometimes|2 — Rarely|1 — Never,,false
VLAP,Visual Learning Style,VLAP-0102,Prefers reading instructions rather than listening to them.,SCALE,5 — Always|4 — Often|3 — Sometimes|2 — Rarely|1 — Never,,false
VLAP,Auditory Learning Style,VLAP-0103,Learns best through listening to explanations.,SCALE,5 — Always|4 — Often|3 — Sometimes|2 — Rarely|1 — Never,,false
VLAP,Auditory Learning Style,VLAP-0104,Remembers spoken instructions accurately.,SCALE,5 — Always|4 — Often|3 — Sometimes|2 — Rarely|1 — Never,,false
VLAP,Auditory Learning Style,VLAP-0105,"Enjoys discussions, conversations, or storytelling.",SCALE,5 — Always|4 — Often|3 — Sometimes|2 — Rarely|1 — Never,,false
VLAP,Auditory Learning Style,VLAP-0106,Talks through problems while thinking.,SCALE,5 — Always|4 — Often|3 — Sometimes|2 — Rarely|1 — Never,,false
VLAP,Auditory Learning Style,VLAP-0107,"Uses songs, rhymes, or rhythms to remember information.",SCALE,5 — Always|4 — Often|3 — Sometimes|2 — Rarely|1 — Never,,false
VLAP,Auditory Learning Style,VLAP-0108,Benefits from verbal repetition and reinforcement.,SCALE,5 — Always|4 — Often|3 — Sometimes|2 — Rarely|1 — Never,,false
VLAP,Auditory Learning Style,VLAP-0109,Understands concepts better after hearing them explained.,SCALE,5 — Always|4 — Often|3 — Sometimes|2 — Rarely|1 — Never,,false
VLAP,Auditory Learning Style,VLAP-0110,Asks questions to clarify understanding.,SCALE,5 — Always|4 — Often|3 — Sometimes|2 — Rarely|1 — Never,,false
VLAP,Auditory Learning Style,VLAP-0111,Enjoys explaining ideas aloud to others.,SCALE,5 — Always|4 — Often|3 — Sometimes|2 — Rarely|1 — Never,,false
VLAP,Auditory Learning Style,VLAP-0112,"Responds well to changes in tone, pitch, or verbal emphasis.",SCALE,5 — Always|4 — Often|3 — Sometimes|2 — Rarely|1 — Never,,false
VLAP,Kinesthetic Learning Style,VLAP-0113,Learns best by doing rather than observing.,SCALE,5 — Always|4 — Often|3 — Sometimes|2 — Rarely|1 — Never,,false
VLAP,Kinesthetic Learning Style,VLAP-0114,Prefers hands-on activities and practical experiences.,SCALE,5 — Always|4 — Often|3 — Sometimes|2 — Rarely|1 — Never,,false
VLAP,Kinesthetic Learning Style,VLAP-0115,Understands concepts through movement and physical activity.,SCALE,5 — Always|4 — Often|3 — Sometimes|2 — Rarely|1 — Never,,false
VLAP,Kinesthetic Learning Style,VLAP-0116,Enjoys role play or simulation-based learning.,SCALE,5 — Always|4 — Often|3 — Sometimes|2 — Rarely|1 — Never,,false
VLAP,Kinesthetic Learning Style,VLAP-0117,Likes experimenting rather than reading instructions.,SCALE,5 — Always|4 — Often|3 — Sometimes|2 — Rarely|1 — Never,,false
VLAP,Kinesthetic Learning Style,VLAP-0118,Uses gestures or body movements while explaining ideas.,SCALE,5 — Always|4 — Often|3 — Sometimes|2 — Rarely|1 — Never,,false
VLAP,Kinesthetic Learning Style,VLAP-0119,Finds it difficult to remain seated for long periods.,SCALE,5 — Always|4 — Often|3 — Sometimes|2 — Rarely|1 — Never,,false
VLAP,Kinesthetic Learning Style,VLAP-0120,Learns quickly after physically practicing a task.,SCALE,5 — Always|4 — Often|3 — Sometimes|2 — Rarely|1 — Never,,false
VLAP,Kinesthetic Learning Style,VLAP-0121,"Enjoys assembling, repairing, or constructing objects.",SCALE,5 — Always|4 — Often|3 — Sometimes|2 — Rarely|1 — Never,,false
VLAP,Kinesthetic Learning Style,VLAP-0122,Prefers real-life experiences over theoretical learning.,SCALE,5 — Always|4 — Often|3 — Sometimes|2 — Rarely|1 — Never,,false
VLAP,Tactile Learning Style,VLAP-0123,Learns best by touching or handling materials.,SCALE,5 — Always|4 — Often|3 — Sometimes|2 — Rarely|1 — Never,,false
VLAP,Tactile Learning Style,VLAP-0124,"Enjoys crafts, clay work, or textured activities.",SCALE,5 — Always|4 — Often|3 — Sometimes|2 — Rarely|1 — Never,,false
VLAP,Tactile Learning Style,VLAP-0125,Understands concepts better when manipulating objects.,SCALE,5 — Always|4 — Often|3 — Sometimes|2 — Rarely|1 — Never,,false
VLAP,Tactile Learning Style,VLAP-0126,Uses writing or tracing repeatedly to remember information.,SCALE,5 — Always|4 — Often|3 — Sometimes|2 — Rarely|1 — Never,,false
VLAP,Tactile Learning Style,VLAP-0127,Explores new objects by touching them first.,SCALE,5 — Always|4 — Often|3 — Sometimes|2 — Rarely|1 — Never,,false
VLAP,Tactile Learning Style,VLAP-0128,Benefits from sensory materials such as textured cards or manipulatives.,SCALE,5 — Always|4 — Often|3 — Sometimes|2 — Rarely|1 — Never,,false
VLAP,Uses fidget tools or tactile objects to maintain focus.,VLAP-0129,"Enjoys activities involving cutting, sticking, folding, or assembling.",SCALE,5 — Always|4 — Often|3 — Sometimes|2 — Rarely|1 — Never,,false
VLAP,Uses fidget tools or tactile objects to maintain focus.,VLAP-0130,Feels more engaged when physically interacting with learning materials.,SCALE,5 — Always|4 — Often|3 — Sometimes|2 — Rarely|1 — Never,,false
VLAP,Uses fidget tools or tactile objects to maintain focus.,VLAP-0131,Prefers practical resources that can be touched and manipulated.,SCALE,5 — Always|4 — Often|3 — Sometimes|2 — Rarely|1 — Never,,false
VLAP,Work Preference - Enjoyment,VLAP-0132,How much does the learner enjoy: Organizing materials or supplies?,SCALE,5 — Enjoys a lot|4 — Enjoys|3 — Neutral|2 — Slightly enjoys|1 — Does not enjoy,,false
VLAP,Work Preference - Confidence,VLAP-0133,How confident is the learner with: Organizing materials or supplies?,SCALE,5 — Very confident|4 — Confident|3 — Neutral|2 — Slightly confident|1 — Not confident,,false
VLAP,Work Preference - Enjoyment,VLAP-0134,How much does the learner enjoy: Arranging files or documents?,SCALE,5 — Enjoys a lot|4 — Enjoys|3 — Neutral|2 — Slightly enjoys|1 — Does not enjoy,,false
VLAP,Work Preference - Confidence,VLAP-0135,How confident is the learner with: Arranging files or documents?,SCALE,5 — Very confident|4 — Confident|3 — Neutral|2 — Slightly confident|1 — Not confident,,false
VLAP,Work Preference - Enjoyment,VLAP-0136,How much does the learner enjoy: Planning or scheduling activities?,SCALE,5 — Enjoys a lot|4 — Enjoys|3 — Neutral|2 — Slightly enjoys|1 — Does not enjoy,,false
VLAP,Work Preference - Confidence,VLAP-0137,How confident is the learner with: Planning or scheduling activities?,SCALE,5 — Very confident|4 — Confident|3 — Neutral|2 — Slightly confident|1 — Not confident,,false
VLAP,Work Preference - Enjoyment,VLAP-0138,How much does the learner enjoy: Following checklists or procedures?,SCALE,5 — Enjoys a lot|4 — Enjoys|3 — Neutral|2 — Slightly enjoys|1 — Does not enjoy,,false
VLAP,Work Preference - Confidence,VLAP-0139,How confident is the learner with: Following checklists or procedures?,SCALE,5 — Very confident|4 — Confident|3 — Neutral|2 — Slightly confident|1 — Not confident,,false
VLAP,Work Preference - Enjoyment,VLAP-0140,How much does the learner enjoy: Managing records or inventories?,SCALE,5 — Enjoys a lot|4 — Enjoys|3 — Neutral|2 — Slightly enjoys|1 — Does not enjoy,,false
VLAP,Work Preference - Confidence,VLAP-0141,How confident is the learner with: Managing records or inventories?,SCALE,5 — Very confident|4 — Confident|3 — Neutral|2 — Slightly confident|1 — Not confident,,false
VLAP,Work Preference - Enjoyment,VLAP-0142,How much does the learner enjoy: Helping other people?,SCALE,5 — Enjoys a lot|4 — Enjoys|3 — Neutral|2 — Slightly enjoys|1 — Does not enjoy,,false
VLAP,Work Preference - Confidence,VLAP-0143,How confident is the learner with: Helping other people?,SCALE,5 — Very confident|4 — Confident|3 — Neutral|2 — Slightly confident|1 — Not confident,,false
VLAP,Work Preference - Enjoyment,VLAP-0144,How much does the learner enjoy: Teaching or explaining concepts?,SCALE,5 — Enjoys a lot|4 — Enjoys|3 — Neutral|2 — Slightly enjoys|1 — Does not enjoy,,false
VLAP,Work Preference - Confidence,VLAP-0145,How confident is the learner with: Teaching or explaining concepts?,SCALE,5 — Very confident|4 — Confident|3 — Neutral|2 — Slightly confident|1 — Not confident,,false
VLAP,Work Preference - Enjoyment,VLAP-0146,How much does the learner enjoy: Speaking to customers or visitors?,SCALE,5 — Enjoys a lot|4 — Enjoys|3 — Neutral|2 — Slightly enjoys|1 — Does not enjoy,,false
VLAP,Work Preference - Confidence,VLAP-0147,How confident is the learner with: Speaking to customers or visitors?,SCALE,5 — Very confident|4 — Confident|3 — Neutral|2 — Slightly confident|1 — Not confident,,false
VLAP,Work Preference - Enjoyment,VLAP-0148,How much does the learner enjoy: Giving presentations or announcements?,SCALE,5 — Enjoys a lot|4 — Enjoys|3 — Neutral|2 — Slightly enjoys|1 — Does not enjoy,,false
VLAP,Work Preference - Confidence,VLAP-0149,How confident is the learner with: Giving presentations or announcements?,SCALE,5 — Very confident|4 — Confident|3 — Neutral|2 — Slightly confident|1 — Not confident,,false
VLAP,Work Preference - Enjoyment,VLAP-0150,How much does the learner enjoy: Answering phone calls or enquiries?,SCALE,5 — Enjoys a lot|4 — Enjoys|3 — Neutral|2 — Slightly enjoys|1 — Does not enjoy,,false
VLAP,Work Preference - Confidence,VLAP-0151,How confident is the learner with: Answering phone calls or enquiries?,SCALE,5 — Very confident|4 — Confident|3 — Neutral|2 — Slightly confident|1 — Not confident,,false
VLAP,Work Preference - Enjoyment,VLAP-0152,How much does the learner enjoy: Drawing or designing?,SCALE,5 — Enjoys a lot|4 — Enjoys|3 — Neutral|2 — Slightly enjoys|1 — Does not enjoy,,false
VLAP,Work Preference - Confidence,VLAP-0153,How confident is the learner with: Drawing or designing?,SCALE,5 — Very confident|4 — Confident|3 — Neutral|2 — Slightly confident|1 — Not confident,,false
VLAP,Work Preference - Enjoyment,VLAP-0154,How much does the learner enjoy: Creating posters or graphics?,SCALE,5 — Enjoys a lot|4 — Enjoys|3 — Neutral|2 — Slightly enjoys|1 — Does not enjoy,,false
VLAP,Work Preference - Confidence,VLAP-0155,How confident is the learner with: Creating posters or graphics?,SCALE,5 — Very confident|4 — Confident|3 — Neutral|2 — Slightly confident|1 — Not confident,,false
VLAP,Work Preference - Enjoyment,VLAP-0156,How much does the learner enjoy: Photography or videography?,SCALE,5 — Enjoys a lot|4 — Enjoys|3 — Neutral|2 — Slightly enjoys|1 — Does not enjoy,,false
VLAP,Work Preference - Confidence,VLAP-0157,How confident is the learner with: Photography or videography?,SCALE,5 — Very confident|4 — Confident|3 — Neutral|2 — Slightly confident|1 — Not confident,,false
VLAP,Work Preference - Enjoyment,VLAP-0158,How much does the learner enjoy: Editing photos or videos?,SCALE,5 — Enjoys a lot|4 — Enjoys|3 — Neutral|2 — Slightly enjoys|1 — Does not enjoy,,false
VLAP,Work Preference - Confidence,VLAP-0159,How confident is the learner with: Editing photos or videos?,SCALE,5 — Very confident|4 — Confident|3 — Neutral|2 — Slightly confident|1 — Not confident,,false
VLAP,Work Preference - Enjoyment,VLAP-0160,How much does the learner enjoy: Decorating or arranging spaces?,SCALE,5 — Enjoys a lot|4 — Enjoys|3 — Neutral|2 — Slightly enjoys|1 — Does not enjoy,,false
VLAP,Work Preference - Confidence,VLAP-0161,How confident is the learner with: Decorating or arranging spaces?,SCALE,5 — Very confident|4 — Confident|3 — Neutral|2 — Slightly confident|1 — Not confident,,false
VLAP,Work Preference - Enjoyment,VLAP-0162,How much does the learner enjoy: Using computers?,SCALE,5 — Enjoys a lot|4 — Enjoys|3 — Neutral|2 — Slightly enjoys|1 — Does not enjoy,,false
VLAP,Work Preference - Confidence,VLAP-0163,How confident is the learner with: Using computers?,SCALE,5 — Very confident|4 — Confident|3 — Neutral|2 — Slightly confident|1 — Not confident,,false
VLAP,Work Preference - Enjoyment,VLAP-0164,How much does the learner enjoy: Working with spreadsheets?,SCALE,5 — Enjoys a lot|4 — Enjoys|3 — Neutral|2 — Slightly enjoys|1 — Does not enjoy,,false
VLAP,Work Preference - Confidence,VLAP-0165,How confident is the learner with: Working with spreadsheets?,SCALE,5 — Very confident|4 — Confident|3 — Neutral|2 — Slightly confident|1 — Not confident,,false
VLAP,Work Preference - Enjoyment,VLAP-0166,How much does the learner enjoy: Coding or programming?,SCALE,5 — Enjoys a lot|4 — Enjoys|3 — Neutral|2 — Slightly enjoys|1 — Does not enjoy,,false
VLAP,Work Preference - Confidence,VLAP-0167,How confident is the learner with: Coding or programming?,SCALE,5 — Very confident|4 — Confident|3 — Neutral|2 — Slightly confident|1 — Not confident,,false
VLAP,Work Preference - Enjoyment,VLAP-0168,How much does the learner enjoy: Creating presentations?,SCALE,5 — Enjoys a lot|4 — Enjoys|3 — Neutral|2 — Slightly enjoys|1 — Does not enjoy,,false
VLAP,Work Preference - Confidence,VLAP-0169,How confident is the learner with: Creating presentations?,SCALE,5 — Very confident|4 — Confident|3 — Neutral|2 — Slightly confident|1 — Not confident,,false
VLAP,Work Preference - Enjoyment,VLAP-0170,How much does the learner enjoy: Exploring new software or apps?,SCALE,5 — Enjoys a lot|4 — Enjoys|3 — Neutral|2 — Slightly enjoys|1 — Does not enjoy,,false
VLAP,Work Preference - Confidence,VLAP-0171,How confident is the learner with: Exploring new software or apps?,SCALE,5 — Very confident|4 — Confident|3 — Neutral|2 — Slightly confident|1 — Not confident,,false
VLAP,Work Preference - Enjoyment,VLAP-0172,How much does the learner enjoy: Working with numbers?,SCALE,5 — Enjoys a lot|4 — Enjoys|3 — Neutral|2 — Slightly enjoys|1 — Does not enjoy,,false
VLAP,Work Preference - Confidence,VLAP-0173,How confident is the learner with: Working with numbers?,SCALE,5 — Very confident|4 — Confident|3 — Neutral|2 — Slightly confident|1 — Not confident,,false
VLAP,Work Preference - Enjoyment,VLAP-0174,How much does the learner enjoy: Solving puzzles or problems?,SCALE,5 — Enjoys a lot|4 — Enjoys|3 — Neutral|2 — Slightly enjoys|1 — Does not enjoy,,false
VLAP,Work Preference - Confidence,VLAP-0175,How confident is the learner with: Solving puzzles or problems?,SCALE,5 — Very confident|4 — Confident|3 — Neutral|2 — Slightly confident|1 — Not confident,,false
VLAP,Work Preference - Enjoyment,VLAP-0176,How much does the learner enjoy: Analysing information?,SCALE,5 — Enjoys a lot|4 — Enjoys|3 — Neutral|2 — Slightly enjoys|1 — Does not enjoy,,false
VLAP,Work Preference - Confidence,VLAP-0177,How confident is the learner with: Analysing information?,SCALE,5 — Very confident|4 — Confident|3 — Neutral|2 — Slightly confident|1 — Not confident,,false
VLAP,Work Preference - Enjoyment,VLAP-0178,How much does the learner enjoy: Comparing options before deciding?,SCALE,5 — Enjoys a lot|4 — Enjoys|3 — Neutral|2 — Slightly enjoys|1 — Does not enjoy,,false
VLAP,Work Preference - Confidence,VLAP-0179,How confident is the learner with: Comparing options before deciding?,SCALE,5 — Very confident|4 — Confident|3 — Neutral|2 — Slightly confident|1 — Not confident,,false
VLAP,Work Preference - Enjoyment,VLAP-0180,How much does the learner enjoy: Researching information?,SCALE,5 — Enjoys a lot|4 — Enjoys|3 — Neutral|2 — Slightly enjoys|1 — Does not enjoy,,false
VLAP,Work Preference - Confidence,VLAP-0181,How confident is the learner with: Researching information?,SCALE,5 — Very confident|4 — Confident|3 — Neutral|2 — Slightly confident|1 — Not confident,,false
VLAP,Work Preference - Enjoyment,VLAP-0182,How much does the learner enjoy: Building or assembling things?,SCALE,5 — Enjoys a lot|4 — Enjoys|3 — Neutral|2 — Slightly enjoys|1 — Does not enjoy,,false
VLAP,Work Preference - Confidence,VLAP-0183,How confident is the learner with: Building or assembling things?,SCALE,5 — Very confident|4 — Confident|3 — Neutral|2 — Slightly confident|1 — Not confident,,false
VLAP,Work Preference - Enjoyment,VLAP-0184,How much does the learner enjoy: Repairing or fixing objects?,SCALE,5 — Enjoys a lot|4 — Enjoys|3 — Neutral|2 — Slightly enjoys|1 — Does not enjoy,,false
VLAP,Work Preference - Confidence,VLAP-0185,How confident is the learner with: Repairing or fixing objects?,SCALE,5 — Very confident|4 — Confident|3 — Neutral|2 — Slightly confident|1 — Not confident,,false
VLAP,Work Preference - Enjoyment,VLAP-0186,How much does the learner enjoy: Using tools or equipment?,SCALE,5 — Enjoys a lot|4 — Enjoys|3 — Neutral|2 — Slightly enjoys|1 — Does not enjoy,,false
VLAP,Work Preference - Confidence,VLAP-0187,How confident is the learner with: Using tools or equipment?,SCALE,5 — Very confident|4 — Confident|3 — Neutral|2 — Slightly confident|1 — Not confident,,false
VLAP,Work Preference - Enjoyment,VLAP-0188,How much does the learner enjoy: Packing or sorting materials?,SCALE,5 — Enjoys a lot|4 — Enjoys|3 — Neutral|2 — Slightly enjoys|1 — Does not enjoy,,false
VLAP,Work Preference - Confidence,VLAP-0189,How confident is the learner with: Packing or sorting materials?,SCALE,5 — Very confident|4 — Confident|3 — Neutral|2 — Slightly confident|1 — Not confident,,false
VLAP,Work Preference - Enjoyment,VLAP-0190,How much does the learner enjoy: Operating machines safely?,SCALE,5 — Enjoys a lot|4 — Enjoys|3 — Neutral|2 — Slightly enjoys|1 — Does not enjoy,,false
VLAP,Work Preference - Confidence,VLAP-0191,How confident is the learner with: Operating machines safely?,SCALE,5 — Very confident|4 — Confident|3 — Neutral|2 — Slightly confident|1 — Not confident,,false
VLAP,Work Preference - Enjoyment,VLAP-0192,How much does the learner enjoy: Cooking or baking?,SCALE,5 — Enjoys a lot|4 — Enjoys|3 — Neutral|2 — Slightly enjoys|1 — Does not enjoy,,false
VLAP,Work Preference - Confidence,VLAP-0193,How confident is the learner with: Cooking or baking?,SCALE,5 — Very confident|4 — Confident|3 — Neutral|2 — Slightly confident|1 — Not confident,,false
VLAP,Work Preference - Enjoyment,VLAP-0194,How much does the learner enjoy: Preparing beverages?,SCALE,5 — Enjoys a lot|4 — Enjoys|3 — Neutral|2 — Slightly enjoys|1 — Does not enjoy,,false
VLAP,Work Preference - Confidence,VLAP-0195,How confident is the learner with: Preparing beverages?,SCALE,5 — Very confident|4 — Confident|3 — Neutral|2 — Slightly confident|1 — Not confident,,false
VLAP,Work Preference - Enjoyment,VLAP-0196,How much does the learner enjoy: Serving food to others?,SCALE,5 — Enjoys a lot|4 — Enjoys|3 — Neutral|2 — Slightly enjoys|1 — Does not enjoy,,false
VLAP,Work Preference - Confidence,VLAP-0197,How confident is the learner with: Serving food to others?,SCALE,5 — Very confident|4 — Confident|3 — Neutral|2 — Slightly confident|1 — Not confident,,false
VLAP,Work Preference - Enjoyment,VLAP-0198,How much does the learner enjoy: Setting tables or arranging displays?,SCALE,5 — Enjoys a lot|4 — Enjoys|3 — Neutral|2 — Slightly enjoys|1 — Does not enjoy,,false
VLAP,Work Preference - Confidence,VLAP-0199,How confident is the learner with: Setting tables or arranging displays?,SCALE,5 — Very confident|4 — Confident|3 — Neutral|2 — Slightly confident|1 — Not confident,,false
VLAP,Work Preference - Enjoyment,VLAP-0200,How much does the learner enjoy: Maintaining cleanliness in work areas?,SCALE,5 — Enjoys a lot|4 — Enjoys|3 — Neutral|2 — Slightly enjoys|1 — Does not enjoy,,false
VLAP,Work Preference - Confidence,VLAP-0201,How confident is the learner with: Maintaining cleanliness in work areas?,SCALE,5 — Very confident|4 — Confident|3 — Neutral|2 — Slightly confident|1 — Not confident,,false
VLAP,Work Preference - Enjoyment,VLAP-0202,How much does the learner enjoy: Gardening?,SCALE,5 — Enjoys a lot|4 — Enjoys|3 — Neutral|2 — Slightly enjoys|1 — Does not enjoy,,false
VLAP,Work Preference - Confidence,VLAP-0203,How confident is the learner with: Gardening?,SCALE,5 — Very confident|4 — Confident|3 — Neutral|2 — Slightly confident|1 — Not confident,,false
VLAP,Work Preference - Enjoyment,VLAP-0204,How much does the learner enjoy: Caring for plants?,SCALE,5 — Enjoys a lot|4 — Enjoys|3 — Neutral|2 — Slightly enjoys|1 — Does not enjoy,,false
VLAP,Work Preference - Confidence,VLAP-0205,How confident is the learner with: Caring for plants?,SCALE,5 — Very confident|4 — Confident|3 — Neutral|2 — Slightly confident|1 — Not confident,,false
VLAP,Work Preference - Enjoyment,VLAP-0206,How much does the learner enjoy: Caring for animals?,SCALE,5 — Enjoys a lot|4 — Enjoys|3 — Neutral|2 — Slightly enjoys|1 — Does not enjoy,,false
VLAP,Work Preference - Confidence,VLAP-0207,How confident is the learner with: Caring for animals?,SCALE,5 — Very confident|4 — Confident|3 — Neutral|2 — Slightly confident|1 — Not confident,,false
VLAP,Work Preference - Enjoyment,VLAP-0208,How much does the learner enjoy: Working outdoors?,SCALE,5 — Enjoys a lot|4 — Enjoys|3 — Neutral|2 — Slightly enjoys|1 — Does not enjoy,,false
VLAP,Work Preference - Confidence,VLAP-0209,How confident is the learner with: Working outdoors?,SCALE,5 — Very confident|4 — Confident|3 — Neutral|2 — Slightly confident|1 — Not confident,,false
VLAP,Work Preference - Enjoyment,VLAP-0210,How much does the learner enjoy: Environmental conservation activities?,SCALE,5 — Enjoys a lot|4 — Enjoys|3 — Neutral|2 — Slightly enjoys|1 — Does not enjoy,,false
VLAP,Work Preference - Confidence,VLAP-0211,How confident is the learner with: Environmental conservation activities?,SCALE,5 — Very confident|4 — Confident|3 — Neutral|2 — Slightly confident|1 — Not confident,,false
VLAP,Work Preference - Enjoyment,VLAP-0212,How much does the learner enjoy: Selling products?,SCALE,5 — Enjoys a lot|4 — Enjoys|3 — Neutral|2 — Slightly enjoys|1 — Does not enjoy,,false
VLAP,Work Preference - Confidence,VLAP-0213,How confident is the learner with: Selling products?,SCALE,5 — Very confident|4 — Confident|3 — Neutral|2 — Slightly confident|1 — Not confident,,false
VLAP,Work Preference - Enjoyment,VLAP-0214,How much does the learner enjoy: Managing money or transactions?,SCALE,5 — Enjoys a lot|4 — Enjoys|3 — Neutral|2 — Slightly enjoys|1 — Does not enjoy,,false
VLAP,Work Preference - Confidence,VLAP-0215,How confident is the learner with: Managing money or transactions?,SCALE,5 — Very confident|4 — Confident|3 — Neutral|2 — Slightly confident|1 — Not confident,,false
VLAP,Work Preference - Enjoyment,VLAP-0216,How much does the learner enjoy: Running a small business?,SCALE,5 — Enjoys a lot|4 — Enjoys|3 — Neutral|2 — Slightly enjoys|1 — Does not enjoy,,false
VLAP,Work Preference - Confidence,VLAP-0217,How confident is the learner with: Running a small business?,SCALE,5 — Very confident|4 — Confident|3 — Neutral|2 — Slightly confident|1 — Not confident,,false
VLAP,Work Preference - Enjoyment,VLAP-0218,How much does the learner enjoy: Promoting products or services?,SCALE,5 — Enjoys a lot|4 — Enjoys|3 — Neutral|2 — Slightly enjoys|1 — Does not enjoy,,false
VLAP,Work Preference - Confidence,VLAP-0219,How confident is the learner with: Promoting products or services?,SCALE,5 — Very confident|4 — Confident|3 — Neutral|2 — Slightly confident|1 — Not confident,,false
VLAP,Work Preference - Enjoyment,VLAP-0220,How much does the learner enjoy: Negotiating or convincing others?,SCALE,5 — Enjoys a lot|4 — Enjoys|3 — Neutral|2 — Slightly enjoys|1 — Does not enjoy,,false
VLAP,Work Preference - Confidence,VLAP-0221,How confident is the learner with: Negotiating or convincing others?,SCALE,5 — Very confident|4 — Confident|3 — Neutral|2 — Slightly confident|1 — Not confident,,false
VLAP,Work Preference - Enjoyment,VLAP-0222,How much does the learner enjoy: Leading a group?,SCALE,5 — Enjoys a lot|4 — Enjoys|3 — Neutral|2 — Slightly enjoys|1 — Does not enjoy,,false
VLAP,Work Preference - Confidence,VLAP-0223,How confident is the learner with: Leading a group?,SCALE,5 — Very confident|4 — Confident|3 — Neutral|2 — Slightly confident|1 — Not confident,,false
VLAP,Work Preference - Enjoyment,VLAP-0224,How much does the learner enjoy: Organizing events?,SCALE,5 — Enjoys a lot|4 — Enjoys|3 — Neutral|2 — Slightly enjoys|1 — Does not enjoy,,false
VLAP,Work Preference - Confidence,VLAP-0225,How confident is the learner with: Organizing events?,SCALE,5 — Very confident|4 — Confident|3 — Neutral|2 — Slightly confident|1 — Not confident,,false
VLAP,Work Preference - Enjoyment,VLAP-0226,How much does the learner enjoy: Making decisions for others?,SCALE,5 — Enjoys a lot|4 — Enjoys|3 — Neutral|2 — Slightly enjoys|1 — Does not enjoy,,false
VLAP,Work Preference - Confidence,VLAP-0227,How confident is the learner with: Making decisions for others?,SCALE,5 — Very confident|4 — Confident|3 — Neutral|2 — Slightly confident|1 — Not confident,,false
VLAP,Work Preference - Enjoyment,VLAP-0228,How much does the learner enjoy: Coordinating team activities?,SCALE,5 — Enjoys a lot|4 — Enjoys|3 — Neutral|2 — Slightly enjoys|1 — Does not enjoy,,false
VLAP,Work Preference - Confidence,VLAP-0229,How confident is the learner with: Coordinating team activities?,SCALE,5 — Very confident|4 — Confident|3 — Neutral|2 — Slightly confident|1 — Not confident,,false
VLAP,Work Preference - Enjoyment,VLAP-0230,How much does the learner enjoy: Motivating or guiding peers?,SCALE,5 — Enjoys a lot|4 — Enjoys|3 — Neutral|2 — Slightly enjoys|1 — Does not enjoy,,false
VLAP,Work Preference - Confidence,VLAP-0231,How confident is the learner with: Motivating or guiding peers?,SCALE,5 — Very confident|4 — Confident|3 — Neutral|2 — Slightly confident|1 — Not confident,,false
VLAP,Work Preference - Enjoyment,VLAP-0232,How much does the learner enjoy: Performing on stage?,SCALE,5 — Enjoys a lot|4 — Enjoys|3 — Neutral|2 — Slightly enjoys|1 — Does not enjoy,,false
VLAP,Work Preference - Confidence,VLAP-0233,How confident is the learner with: Performing on stage?,SCALE,5 — Very confident|4 — Confident|3 — Neutral|2 — Slightly confident|1 — Not confident,,false
VLAP,Work Preference - Enjoyment,VLAP-0234,How much does the learner enjoy: Singing or dancing?,SCALE,5 — Enjoys a lot|4 — Enjoys|3 — Neutral|2 — Slightly enjoys|1 — Does not enjoy,,false
VLAP,Work Preference - Confidence,VLAP-0235,How confident is the learner with: Singing or dancing?,SCALE,5 — Very confident|4 — Confident|3 — Neutral|2 — Slightly confident|1 — Not confident,,false
VLAP,Work Preference - Enjoyment,VLAP-0236,How much does the learner enjoy: Acting or role play?,SCALE,5 — Enjoys a lot|4 — Enjoys|3 — Neutral|2 — Slightly enjoys|1 — Does not enjoy,,false
VLAP,Work Preference - Confidence,VLAP-0237,How confident is the learner with: Acting or role play?,SCALE,5 — Very confident|4 — Confident|3 — Neutral|2 — Slightly confident|1 — Not confident,,false
VLAP,Work Preference - Enjoyment,VLAP-0238,How much does the learner enjoy: Creating social media content?,SCALE,5 — Enjoys a lot|4 — Enjoys|3 — Neutral|2 — Slightly enjoys|1 — Does not enjoy,,false
VLAP,Work Preference - Confidence,VLAP-0239,How confident is the learner with: Creating social media content?,SCALE,5 — Very confident|4 — Confident|3 — Neutral|2 — Slightly confident|1 — Not confident,,false
VLAP,Work Preference - Enjoyment,VLAP-0240,How much does the learner enjoy: Recording videos or podcasts?,SCALE,5 — Enjoys a lot|4 — Enjoys|3 — Neutral|2 — Slightly enjoys|1 — Does not enjoy,,false
VLAP,Work Preference - Confidence,VLAP-0241,How confident is the learner with: Recording videos or podcasts?,SCALE,5 — Very confident|4 — Confident|3 — Neutral|2 — Slightly confident|1 — Not confident,,false
VLAP,Work Preference - Enjoyment,VLAP-0242,How much does the learner enjoy: Working alone?,SCALE,5 — Enjoys a lot|4 — Enjoys|3 — Neutral|2 — Slightly enjoys|1 — Does not enjoy,,false
VLAP,Work Preference - Confidence,VLAP-0243,How confident is the learner with: Working alone?,SCALE,5 — Very confident|4 — Confident|3 — Neutral|2 — Slightly confident|1 — Not confident,,false
VLAP,Work Preference - Enjoyment,VLAP-0244,How much does the learner enjoy: Writing articles or journals?,SCALE,5 — Enjoys a lot|4 — Enjoys|3 — Neutral|2 — Slightly enjoys|1 — Does not enjoy,,false
VLAP,Work Preference - Confidence,VLAP-0245,How confident is the learner with: Writing articles or journals?,SCALE,5 — Very confident|4 — Confident|3 — Neutral|2 — Slightly confident|1 — Not confident,,false
VLAP,Work Preference - Enjoyment,VLAP-0246,How much does the learner enjoy: Conducting research?,SCALE,5 — Enjoys a lot|4 — Enjoys|3 — Neutral|2 — Slightly enjoys|1 — Does not enjoy,,false
VLAP,Work Preference - Confidence,VLAP-0247,How confident is the learner with: Conducting research?,SCALE,5 — Very confident|4 — Confident|3 — Neutral|2 — Slightly confident|1 — Not confident,,false
VLAP,Work Preference - Enjoyment,VLAP-0248,How much does the learner enjoy: Reading and learning independently?,SCALE,5 — Enjoys a lot|4 — Enjoys|3 — Neutral|2 — Slightly enjoys|1 — Does not enjoy,,false
VLAP,Work Preference - Confidence,VLAP-0249,How confident is the learner with: Reading and learning independently?,SCALE,5 — Very confident|4 — Confident|3 — Neutral|2 — Slightly confident|1 — Not confident,,false
VLAP,Work Preference - Enjoyment,VLAP-0250,How much does the learner enjoy: Completing detailed documentation?,SCALE,5 — Enjoys a lot|4 — Enjoys|3 — Neutral|2 — Slightly enjoys|1 — Does not enjoy,,false
VLAP,Work Preference - Confidence,VLAP-0251,How confident is the learner with: Completing detailed documentation?,SCALE,5 — Very confident|4 — Confident|3 — Neutral|2 — Slightly confident|1 — Not confident,,false
VLAP,Technology & Digital Skills,VLAP-0252,Instructions:Rate how comfortable the learner feels in each environment or situation.,SCALE,5 — Always|4 — Often|3 — Sometimes|2 — Rarely|1 — Never,,false
VLAP,Environmental Preference,VLAP-0253,How comfortable is the learner in this setting: Working completely alone?,SCALE,5 — Very Comfortable|4 — Comfortable|3 — Neutral|2 — Uncomfortable|1 — Very Uncomfortable,,false
VLAP,Environmental Preference,VLAP-0254,How comfortable is the learner in this setting: Working with one partner?,SCALE,5 — Very Comfortable|4 — Comfortable|3 — Neutral|2 — Uncomfortable|1 — Very Uncomfortable,,false
VLAP,Environmental Preference,VLAP-0255,How comfortable is the learner in this setting: Working in a small team?,SCALE,5 — Very Comfortable|4 — Comfortable|3 — Neutral|2 — Uncomfortable|1 — Very Uncomfortable,,false
VLAP,Environmental Preference,VLAP-0256,How comfortable is the learner in this setting: Working in a large group?,SCALE,5 — Very Comfortable|4 — Comfortable|3 — Neutral|2 — Uncomfortable|1 — Very Uncomfortable,,false
VLAP,Environmental Preference,VLAP-0257,How comfortable is the learner in this setting: Meeting new people regularly?,SCALE,5 — Very Comfortable|4 — Comfortable|3 — Neutral|2 — Uncomfortable|1 — Very Uncomfortable,,false
VLAP,Environmental Preference,VLAP-0258,How comfortable is the learner in this setting: Interacting with customers?,SCALE,5 — Very Comfortable|4 — Comfortable|3 — Neutral|2 — Uncomfortable|1 — Very Uncomfortable,,false
VLAP,Environmental Preference,VLAP-0259,How comfortable is the learner in this setting: Helping or supporting others?,SCALE,5 — Very Comfortable|4 — Comfortable|3 — Neutral|2 — Uncomfortable|1 — Very Uncomfortable,,false
VLAP,Environmental Preference,VLAP-0260,How comfortable is the learner in this setting: Leading a group or team?,SCALE,5 — Very Comfortable|4 — Comfortable|3 — Neutral|2 — Uncomfortable|1 — Very Uncomfortable,,false
VLAP,Environmental Preference,VLAP-0261,How comfortable is the learner in this setting: Working indoors?,SCALE,5 — Very Comfortable|4 — Comfortable|3 — Neutral|2 — Uncomfortable|1 — Very Uncomfortable,,false
VLAP,Environmental Preference,VLAP-0262,How comfortable is the learner in this setting: Working outdoors?,SCALE,5 — Very Comfortable|4 — Comfortable|3 — Neutral|2 — Uncomfortable|1 — Very Uncomfortable,,false
VLAP,Environmental Preference,VLAP-0263,How comfortable is the learner in this setting: Working in air-conditioned spaces?,SCALE,5 — Very Comfortable|4 — Comfortable|3 — Neutral|2 — Uncomfortable|1 — Very Uncomfortable,,false
VLAP,Environmental Preference,VLAP-0264,How comfortable is the learner in this setting: Working in open spaces?,SCALE,5 — Very Comfortable|4 — Comfortable|3 — Neutral|2 — Uncomfortable|1 — Very Uncomfortable,,false
VLAP,Environmental Preference,VLAP-0265,How comfortable is the learner in this setting: Working in small enclosed spaces?,SCALE,5 — Very Comfortable|4 — Comfortable|3 — Neutral|2 — Uncomfortable|1 — Very Uncomfortable,,false
VLAP,Environmental Preference,VLAP-0266,How comfortable is the learner in this setting: Working in busy workplaces?,SCALE,5 — Very Comfortable|4 — Comfortable|3 — Neutral|2 — Uncomfortable|1 — Very Uncomfortable,,false
VLAP,Environmental Preference,VLAP-0267,How comfortable is the learner in this setting: Working in quiet environments?,SCALE,5 — Very Comfortable|4 — Comfortable|3 — Neutral|2 — Uncomfortable|1 — Very Uncomfortable,,false
VLAP,Environmental Preference,VLAP-0268,How comfortable is the learner in this setting: Working in changing weather conditions?,SCALE,5 — Very Comfortable|4 — Comfortable|3 — Neutral|2 — Uncomfortable|1 — Very Uncomfortable,,false
VLAP,Environmental Preference,VLAP-0269,How comfortable is the learner in this setting: Following a fixed daily routine?,SCALE,5 — Very Comfortable|4 — Comfortable|3 — Neutral|2 — Uncomfortable|1 — Very Uncomfortable,,false
VLAP,Environmental Preference,VLAP-0270,How comfortable is the learner in this setting: Having predictable work schedules?,SCALE,5 — Very Comfortable|4 — Comfortable|3 — Neutral|2 — Uncomfortable|1 — Very Uncomfortable,,false
VLAP,Environmental Preference,VLAP-0271,How comfortable is the learner in this setting: Receiving detailed instructions?,SCALE,5 — Very Comfortable|4 — Comfortable|3 — Neutral|2 — Uncomfortable|1 — Very Uncomfortable,,false
VLAP,Environmental Preference,VLAP-0272,How comfortable is the learner in this setting: Working with step-by-step procedures?,SCALE,5 — Very Comfortable|4 — Comfortable|3 — Neutral|2 — Uncomfortable|1 — Very Uncomfortable,,false
VLAP,Environmental Preference,VLAP-0273,How comfortable is the learner in this setting: Having flexible work schedules?,SCALE,5 — Very Comfortable|4 — Comfortable|3 — Neutral|2 — Uncomfortable|1 — Very Uncomfortable,,false
VLAP,Environmental Preference,VLAP-0274,How comfortable is the learner in this setting: Doing different tasks every day?,SCALE,5 — Very Comfortable|4 — Comfortable|3 — Neutral|2 — Uncomfortable|1 — Very Uncomfortable,,false
VLAP,Environmental Preference,VLAP-0275,How comfortable is the learner in this setting: Working on repetitive activities?,SCALE,5 — Very Comfortable|4 — Comfortable|3 — Neutral|2 — Uncomfortable|1 — Very Uncomfortable,,false
VLAP,Environmental Preference,VLAP-0276,How comfortable is the learner in this setting: Switching between multiple tasks?,SCALE,5 — Very Comfortable|4 — Comfortable|3 — Neutral|2 — Uncomfortable|1 — Very Uncomfortable,,false
VLAP,Environmental Preference,VLAP-0277,How comfortable is the learner in this setting: Sitting for long periods?,SCALE,5 — Very Comfortable|4 — Comfortable|3 — Neutral|2 — Uncomfortable|1 — Very Uncomfortable,,false
VLAP,Environmental Preference,VLAP-0278,How comfortable is the learner in this setting: Standing for extended periods?,SCALE,5 — Very Comfortable|4 — Comfortable|3 — Neutral|2 — Uncomfortable|1 — Very Uncomfortable,,false
VLAP,Environmental Preference,VLAP-0279,How comfortable is the learner in this setting: Walking throughout the day?,SCALE,5 — Very Comfortable|4 — Comfortable|3 — Neutral|2 — Uncomfortable|1 — Very Uncomfortable,,false
VLAP,Environmental Preference,VLAP-0280,How comfortable is the learner in this setting: Moving between locations frequently?,SCALE,5 — Very Comfortable|4 — Comfortable|3 — Neutral|2 — Uncomfortable|1 — Very Uncomfortable,,false
VLAP,Environmental Preference,VLAP-0281,How comfortable is the learner in this setting: Performing physically demanding tasks?,SCALE,5 — Very Comfortable|4 — Comfortable|3 — Neutral|2 — Uncomfortable|1 — Very Uncomfortable,,false
VLAP,Environmental Preference,VLAP-0282,How comfortable is the learner in this setting: Working mainly at a desk?,SCALE,5 — Very Comfortable|4 — Comfortable|3 — Neutral|2 — Uncomfortable|1 — Very Uncomfortable,,false
VLAP,Environmental Preference,VLAP-0283,How comfortable is the learner in this setting: Travelling as part of work?,SCALE,5 — Very Comfortable|4 — Comfortable|3 — Neutral|2 — Uncomfortable|1 — Very Uncomfortable,,false
VLAP,Environmental Preference,VLAP-0284,How comfortable is the learner in this setting: Combining physical and desk-based work?,SCALE,5 — Very Comfortable|4 — Comfortable|3 — Neutral|2 — Uncomfortable|1 — Very Uncomfortable,,false
VLAP,Environmental Preference,VLAP-0285,How comfortable is the learner in this setting: Working in noisy places?,SCALE,5 — Very Comfortable|4 — Comfortable|3 — Neutral|2 — Uncomfortable|1 — Very Uncomfortable,,false
VLAP,Environmental Preference,VLAP-0286,How comfortable is the learner in this setting: Working in complete silence?,SCALE,5 — Very Comfortable|4 — Comfortable|3 — Neutral|2 — Uncomfortable|1 — Very Uncomfortable,,false
VLAP,Environmental Preference,VLAP-0287,How comfortable is the learner in this setting: Bright lighting?,SCALE,5 — Very Comfortable|4 — Comfortable|3 — Neutral|2 — Uncomfortable|1 — Very Uncomfortable,,false
VLAP,Environmental Preference,VLAP-0288,How comfortable is the learner in this setting: Dim lighting?,SCALE,5 — Very Comfortable|4 — Comfortable|3 — Neutral|2 — Uncomfortable|1 — Very Uncomfortable,,false
VLAP,Environmental Preference,VLAP-0289,How comfortable is the learner in this setting: Crowded environments?,SCALE,5 — Very Comfortable|4 — Comfortable|3 — Neutral|2 — Uncomfortable|1 — Very Uncomfortable,,false
VLAP,Environmental Preference,VLAP-0290,How comfortable is the learner in this setting: Strong smells or fragrances?,SCALE,5 — Very Comfortable|4 — Comfortable|3 — Neutral|2 — Uncomfortable|1 — Very Uncomfortable,,false
VLAP,Environmental Preference,VLAP-0291,How comfortable is the learner in this setting: Busy visual surroundings?,SCALE,5 — Very Comfortable|4 — Comfortable|3 — Neutral|2 — Uncomfortable|1 — Very Uncomfortable,,false
VLAP,Environmental Preference,VLAP-0292,How comfortable is the learner in this setting: Low sensory environments with minimal distractions?,SCALE,5 — Very Comfortable|4 — Comfortable|3 — Neutral|2 — Uncomfortable|1 — Very Uncomfortable,,false
VLAP,Environmental Preference,VLAP-0293,How comfortable is the learner in this setting: Working independently?,SCALE,5 — Very Comfortable|4 — Comfortable|3 — Neutral|2 — Uncomfortable|1 — Very Uncomfortable,,false
VLAP,Environmental Preference,VLAP-0294,How comfortable is the learner in this setting: Receiving regular supervision?,SCALE,5 — Very Comfortable|4 — Comfortable|3 — Neutral|2 — Uncomfortable|1 — Very Uncomfortable,,false
VLAP,Environmental Preference,VLAP-0295,How comfortable is the learner in this setting: Following visual instructions?,SCALE,5 — Very Comfortable|4 — Comfortable|3 — Neutral|2 — Uncomfortable|1 — Very Uncomfortable,,false
VLAP,Environmental Preference,VLAP-0296,How comfortable is the learner in this setting: Following verbal instructions?,SCALE,5 — Very Comfortable|4 — Comfortable|3 — Neutral|2 — Uncomfortable|1 — Very Uncomfortable,,false
VLAP,Environmental Preference,VLAP-0297,How comfortable is the learner in this setting: Following written checklists?,SCALE,5 — Very Comfortable|4 — Comfortable|3 — Neutral|2 — Uncomfortable|1 — Very Uncomfortable,,false
VLAP,Environmental Preference,VLAP-0298,How comfortable is the learner in this setting: Learning through demonstrations?,SCALE,5 — Very Comfortable|4 — Comfortable|3 — Neutral|2 — Uncomfortable|1 — Very Uncomfortable,,false
VLAP,Environmental Preference,VLAP-0299,How comfortable is the learner in this setting: Working with a mentor or job coach?,SCALE,5 — Very Comfortable|4 — Comfortable|3 — Neutral|2 — Uncomfortable|1 — Very Uncomfortable,,false
VLAP,Environmental Preference,VLAP-0300,How comfortable is the learner in this setting: Receiving immediate feedback on work?,SCALE,5 — Very Comfortable|4 — Comfortable|3 — Neutral|2 — Uncomfortable|1 — Very Uncomfortable,,false
VLAP,Environmental Preference,VLAP-0301,How comfortable is the learner in this setting: Working at a steady and predictable pace?,SCALE,5 — Very Comfortable|4 — Comfortable|3 — Neutral|2 — Uncomfortable|1 — Very Uncomfortable,,false
VLAP,Environmental Preference,VLAP-0302,How comfortable is the learner in this setting: Working under tight deadlines?,SCALE,5 — Very Comfortable|4 — Comfortable|3 — Neutral|2 — Uncomfortable|1 — Very Uncomfortable,,false
VLAP,Environmental Preference,VLAP-0303,How comfortable is the learner in this setting: Managing multiple responsibilities simultaneously?,SCALE,5 — Very Comfortable|4 — Comfortable|3 — Neutral|2 — Uncomfortable|1 — Very Uncomfortable,,false
VLAP,Environmental Preference,VLAP-0304,How comfortable is the learner in this setting: Completing one task before starting another?,SCALE,5 — Very Comfortable|4 — Comfortable|3 — Neutral|2 — Uncomfortable|1 — Very Uncomfortable,,false
VLAP,Environmental Preference,VLAP-0305,How comfortable is the learner in this setting: Working in fast-paced environments?,SCALE,5 — Very Comfortable|4 — Comfortable|3 — Neutral|2 — Uncomfortable|1 — Very Uncomfortable,,false
VLAP,Environmental Preference,VLAP-0306,How comfortable is the learner in this setting: Working in slow and relaxed environments?,SCALE,5 — Very Comfortable|4 — Comfortable|3 — Neutral|2 — Uncomfortable|1 — Very Uncomfortable,,false
VLAP,Environmental Preference,VLAP-0307,How comfortable is the learner in this setting: Handling unexpected changes during work?,SCALE,5 — Very Comfortable|4 — Comfortable|3 — Neutral|2 — Uncomfortable|1 — Very Uncomfortable,,false
VLAP,Environmental Preference,VLAP-0308,How comfortable is the learner in this setting: Meeting strict productivity targets?,SCALE,5 — Very Comfortable|4 — Comfortable|3 — Neutral|2 — Uncomfortable|1 — Very Uncomfortable,,false
VLAP,Environmental Preference,VLAP-0309,How comfortable is the learner in this setting: Following strict rules and policies?,SCALE,5 — Very Comfortable|4 — Comfortable|3 — Neutral|2 — Uncomfortable|1 — Very Uncomfortable,,false
VLAP,Environmental Preference,VLAP-0310,How comfortable is the learner in this setting: Working in creative and flexible environments?,SCALE,5 — Very Comfortable|4 — Comfortable|3 — Neutral|2 — Uncomfortable|1 — Very Uncomfortable,,false
VLAP,Environmental Preference,VLAP-0311,How comfortable is the learner in this setting: Wearing uniforms or dress codes?,SCALE,5 — Very Comfortable|4 — Comfortable|3 — Neutral|2 — Uncomfortable|1 — Very Uncomfortable,,false
VLAP,Environmental Preference,VLAP-0312,How comfortable is the learner in this setting: Receiving public recognition for achievements?,SCALE,5 — Very Comfortable|4 — Comfortable|3 — Neutral|2 — Uncomfortable|1 — Very Uncomfortable,,false
VLAP,Environmental Preference,VLAP-0313,How comfortable is the learner in this setting: Working behind the scenes without attention?,SCALE,5 — Very Comfortable|4 — Comfortable|3 — Neutral|2 — Uncomfortable|1 — Very Uncomfortable,,false
VLAP,Environmental Preference,VLAP-0314,How comfortable is the learner in this setting: Participating in team meetings?,SCALE,5 — Very Comfortable|4 — Comfortable|3 — Neutral|2 — Uncomfortable|1 — Very Uncomfortable,,false
VLAP,Environmental Preference,VLAP-0315,How comfortable is the learner in this setting: Making independent decisions?,SCALE,5 — Very Comfortable|4 — Comfortable|3 — Neutral|2 — Uncomfortable|1 — Very Uncomfortable,,false
VLAP,Environmental Preference,VLAP-0316,How comfortable is the learner in this setting: Taking responsibility for leading projects?,SCALE,5 — Very Comfortable|4 — Comfortable|3 — Neutral|2 — Uncomfortable|1 — Very Uncomfortable,,false
VLAP,Technology & Digital Skills,VLAP-0317,"What motivates the learner to engage, perform, and succeed",SCALE,5 — Always|4 — Often|3 — Sometimes|2 — Rarely|1 — Never,,false
VLAP,Technology & Digital Skills,VLAP-0318,"Rate how important each factor is in motivating the learner to participate in activities, learn new skills, or perform work tasks.",SCALE,5 — Always|4 — Often|3 — Sometimes|2 — Rarely|1 — Never,,false
VLAP,Motivation,VLAP-0319,Rate this motivation factor: Receiving praise or appreciation for good work,SCALE,5 — Always|4 — Often|3 — Sometimes|2 — Rarely|1 — Never,,false
VLAP,Motivation,VLAP-0320,Rate this motivation factor: Earning money or financial rewards,SCALE,5 — Always|4 — Often|3 — Sometimes|2 — Rarely|1 — Never,,false
VLAP,Motivation,VLAP-0321,Rate this motivation factor: Helping other people,SCALE,5 — Always|4 — Often|3 — Sometimes|2 — Rarely|1 — Never,,false
VLAP,Motivation,VLAP-0322,Rate this motivation factor: Learning new skills or knowledge,SCALE,5 — Always|4 — Often|3 — Sometimes|2 — Rarely|1 — Never,,false
VLAP,Motivation,VLAP-0323,Rate this motivation factor: Being creative and expressing ideas,SCALE,5 — Always|4 — Often|3 — Sometimes|2 — Rarely|1 — Never,,false
VLAP,Motivation,VLAP-0324,Rate this motivation factor: Working independently without supervision,SCALE,5 — Always|4 — Often|3 — Sometimes|2 — Rarely|1 — Never,,false
VLAP,Motivation,VLAP-0325,Rate this motivation factor: Being part of a team or group,SCALE,5 — Always|4 — Often|3 — Sometimes|2 — Rarely|1 — Never,,false
VLAP,Motivation,VLAP-0326,Rate this motivation factor: Having a predictable daily routine,SCALE,5 — Always|4 — Often|3 — Sometimes|2 — Rarely|1 — Never,,false
VLAP,Motivation,VLAP-0327,Rate this motivation factor: Taking on new challenges and solving problems,SCALE,5 — Always|4 — Often|3 — Sometimes|2 — Rarely|1 — Never,,false
VLAP,Motivation,VLAP-0328,Rate this motivation factor: Being recognized or rewarded publicly,SCALE,5 — Always|4 — Often|3 — Sometimes|2 — Rarely|1 — Never,,false
VLAP,Motivation,VLAP-0329,Rate this motivation factor: Leading or guiding other people,SCALE,5 — Always|4 — Often|3 — Sometimes|2 — Rarely|1 — Never,,false
VLAP,Motivation,VLAP-0330,Rate this motivation factor: Completing tasks successfully and seeing results,SCALE,5 — Always|4 — Often|3 — Sometimes|2 — Rarely|1 — Never,,false
VLAP,Motivation,VLAP-0331,Rate this motivation factor: Having opportunities for career growth and promotion,SCALE,5 — Always|4 — Often|3 — Sometimes|2 — Rarely|1 — Never,,false
VLAP,Motivation,VLAP-0332,Rate this motivation factor: Making a positive impact on the community or environment,SCALE,5 — Always|4 — Often|3 — Sometimes|2 — Rarely|1 — Never,,false
VLAP,Motivation,VLAP-0333,Rate this motivation factor: Feeling a sense of purpose and personal achievement,SCALE,5 — Always|4 — Often|3 — Sometimes|2 — Rarely|1 — Never,,false
